EXAMPLE_ID,PREDICTED_SEQUENCE
valid_mosfet_0000_f60,CLEAN AFTER VIA ETCH|DEPOSIT BARRIER METAL|DEPOSIT METAL SEED|FILL VIA METAL|CMP METAL|DEPOSIT METAL 1|ANNEAL METAL|SPIN COAT PHOTORESIST|SOFT BAKE|ALIGN MASK LEVEL 4|EXPOSE LITHO LEVEL 4|DEVELOP PHOTORESIST|METAL PATTERN INSPECTION|METAL ETCH|STRIP RESIST|CLEAN AFTER METAL ETCH|DEPOSIT PASSIVATION|CURE PASSIVATION|MEASURE PASSIVATION THICKNESS|OPEN PAD WINDOW|PAD WINDOW LITHO|DEVELOP PHOTORESIST|PASSIVATION ETCH|STRIP RESIST|CLEAN PAD OPENING|MEASURE PAD OPENING|BACKSIDE CLEAN|BACKSIDE GRIND|MEASURE THICKNESS|BACKSIDE ETCH CLEAN|BACKSIDE RINSE|BACKSIDE DRY|BACKSIDE METALLIZATION PREP|DEPOSIT BACKSIDE METAL|BACKSIDE ANNEAL|MEASURE BACKSIDE CONTACT|FINAL CLEAN|ELECTRICAL PARAMETRIC TEST|LEAKAGE TEST|THRESHOLD VOLTAGE TEST|SWITCHING TEST|WAFER SORT TEST|YIELD ANALYSIS|LOT|WAFER SORT TEST|THROUGH DIELECTRIC CHECK|LOT|COAT TEST|COAT TEST|COAT TEST|SWITCHING TEST|WAFER SORT TEST|YIELD ANALYSIS|LOT RELEASE|PACKAGE PREPARATION|SHIP LOT
valid_mosfet_0000_f80,PASSIVATION ETCH|STRIP RESIST|CLEAN PAD OPENING|MEASURE PAD OPENING|BACKSIDE CLEAN|BACKSIDE GRIND|MEASURE THICKNESS|BACKSIDE ETCH CLEAN|BACKSIDE RINSE|BACKSIDE DRY|BACKSIDE METALLIZATION PREP|DEPOSIT BACKSIDE METAL|BACKSIDE ANNEAL|MEASURE BACKSIDE CONTACT|FINAL CLEAN|FINAL THICKNESS MEASURE|ELECTRICAL PARAMETRIC TEST|LEAKAGE TEST|THRESHOLD VOLTAGE TEST|SWITCHING TEST|WAFER SORT TEST|YIELD ANALYSIS|LOT|COAT TEST|WAFER SORT TEST|LOT|ELECTRICAL ANALYSIS|ELECTRICAL PARAMETRIC TEST|SWITCHING TEST|WAFER SORT TEST|YIELD ANALYSIS|LOT RELEASE|PACKAGE PREPARATION|PACKAGE PREPARATION|COAT TEST|COAT TEST|COAT TEST|WAFER SORT TEST|YIELD ANALYSIS|LOT RELEASE|PACKAGE PREPARATION|SHIP LOT
valid_mosfet_0001_f60,DEPOSIT BARRIER METAL|DEPOSIT METAL SEED|FILL VIA METAL|CMP METAL|DEPOSIT METAL 1|ANNEAL METAL|SPIN COAT PHOTORESIST|SOFT BAKE|ALIGN MASK LEVEL 4|EXPOSE LITHO LEVEL 4|DEVELOP PHOTORESIST|METAL PATTERN INSPECTION|METAL ETCH|STRIP PHOTORESIST|CLEAN AFTER METAL ETCH|DEPOSIT PASSIVATION|CURE PASSIVATION|MEASURE PASSIVATION THICKNESS|OPEN PAD WINDOW|PAD WINDOW LITHO|DEVELOP PHOTORESIST|PASSIVATION ETCH|STRIP RESIST|CLEAN PAD OPENING|MEASURE PAD OPENING|BACKSIDE CLEAN|BACKSIDE GRIND|MEASURE THICKNESS|BACKSIDE ETCH CLEAN|BACKSIDE RINSE|BACKSIDE DRY|BACKSIDE METALLIZATION PREP|DEPOSIT BACKSIDE METAL|BACKSIDE ANNEAL|MEASURE BACKSIDE CONTACT|FINAL CLEAN|ELECTRICAL PARAMETRIC TEST|LEAKAGE TEST|THRESHOLD VOLTAGE TEST|SWITCHING TEST|WAFER SORT TEST|YIELD ANALYSIS|LOT|WAFER SORT TEST|ELECTRICAL PARAMETRIC TEST|SWITCHING TEST|WAFER SORT TEST|YIELD ANALYSIS|LOT RELEASE|PACKAGE PREPARATION|PACKAGE PREPARATION|COAT TEST|COAT TEST|SWITCHING TEST|WAFER SORT TEST|YIELD ANALYSIS|LOT RELEASE|PACKAGE PREPARATION|SHIP LOT
valid_mosfet_0001_f80,PASSIVATION ETCH|STRIP RESIST|CLEAN PAD OPENING|MEASURE PAD OPENING|BACKSIDE CLEAN|BACKSIDE GRIND|MEASURE THICKNESS|BACKSIDE ETCH CLEAN|BACKSIDE RINSE|BACKSIDE DRY|BACKSIDE METALLIZATION PREP|DEPOSIT BACKSIDE METAL|BACKSIDE ANNEAL|MEASURE BACKSIDE CONTACT|FINAL CLEAN|FINAL THICKNESS MEASURE|ELECTRICAL PARAMETRIC TEST|LEAKAGE TEST|THRESHOLD VOLTAGE TEST|SWITCHING TEST|WAFER SORT TEST|YIELD ANALYSIS|LOT|WAFER SORT TEST|LOT|ELECTRICAL ANALYSIS|WAFER SORT TEST|YIELD ANALYSIS|LOT|WAFER SORT TEST|LOT|ELECTRICAL ANALYSIS|WAFER SORT TEST|SWITCHING TEST|WAFER SORT TEST|YIELD ANALYSIS|LOT RELEASE|PACKAGE PREPARATION|COAT TEST|COAT TEST|COAT TEST|COAT TEST|WAFER SORT TEST|YIELD ANALYSIS|LOT LOT LOT LOT LOT|WAFER SORT TEST|ELECTRICAL YIELD ANALYSIS|WAFER SORT TEST|LOT LOT FINAL YIELD ANALYSIS|WAFER SORT TEST|LOT LOT LOT LOT|DENSIFY TEST|DENSIFY TEST|DENSIFY TEST|DEPOSIT
valid_mosfet_0002_f60,STRIP PHOTORESIST|CLEAN AFTER VIA ETCH|DEPOSIT BARRIER METAL|DEPOSIT METAL SEED|FILL VIA METAL|CMP METAL|DEPOSIT TOP METAL|ANNEAL METAL|SPIN COAT PHOTORESIST|SOFT BAKE|ALIGN MASK LEVEL 4|EXPOSE LITHO LEVEL 4|DEVELOP PHOTORESIST|METAL PATTERN INSPECTION|METAL ETCH|STRIP PHOTORESIST|CLEAN AFTER METAL ETCH|DEPOSIT PASSIVATION|CURE PASSIVATION|MEASURE PASSIVATION THICKNESS|OPEN PAD WINDOW|PAD WINDOW LITHO|DEVELOP PHOTORESIST|PASSIVATION ETCH|STRIP RESIST|CLEAN PAD OPENING|MEASURE PAD OPENING|BACKSIDE CLEAN|BACKSIDE GRIND|MEASURE THICKNESS|BACKSIDE ETCH CLEAN|BACKSIDE RINSE|BACKSIDE DRY|BACKSIDE METALLIZATION PREP|DEPOSIT BACKSIDE METAL|BACKSIDE ANNEAL|MEASURE BACKSIDE CONTACT|FINAL CLEAN|FINAL THICKNESS MEASURE|FINAL GEOMETRY CHECK|YIELD ANALYSIS|WAFER SORT TEST|LOT|WAFER SORT TEST|YIELD ANALYSIS|LOT|WAFER SORT TEST|WAFER SORT TEST|YIELD ANALYSIS|LOT|WAFER SORT TEST|ELECTRICAL PARAMETRIC TEST|WAFER SORT TEST|YIELD ANALYSIS|LOT RELEASE|PACKAGE PREPARATION|COAT TEST|COAT TEST|COAT TEST|COAT TEST|SWITCHING TEST|WAFER SORT TEST|YIELD ANALYSIS|LOT RELEASE|PACKAGE PREPARATION|COAT TEST|COAT TEST|COAT TEST|COAT TEST|WAFER SORT TEST|YIELD ANALYSIS|LOT LOT LOT RELEASE|SHIP LOT
valid_mosfet_0002_f80,PASSIVATION ETCH|STRIP RESIST|CLEAN PAD OPENING|MEASURE PAD OPENING|BACKSIDE CLEAN|BACKSIDE GRIND|MEASURE THICKNESS|BACKSIDE ETCH CLEAN|BACKSIDE RINSE|BACKSIDE DRY|BACKSIDE METALLIZATION PREP|DEPOSIT BACKSIDE METAL|BACKSIDE ANNEAL|MEASURE BACKSIDE CONTACT|FINAL CLEAN|FINAL THICKNESS MEASURE|ELECTRICAL PARAMETRIC TEST|LEAKAGE TEST|THRESHOLD VOLTAGE TEST|SWITCHING TEST|WAFER SORT TEST|YIELD ANALYSIS|LOT|WAFER SORT TEST|ELECTRICAL PARAMETRIC TEST|SWITCHING TEST|WAFER SORT TEST|YIELD ANALYSIS|LOT|WAFER SORT TEST|LOT|ELECTRICAL ANALYSIS|WAFER SORT TEST|SWITCHING TEST|WAFER SORT TEST|YIELD ANALYSIS|LOT RELEASE|PACKAGE PREPARATION|COAT TEST|COAT TEST|WAFER SORT TEST|YIELD ANALYSIS|LOT LOT LOT LOT|WAFER SORT TEST|ELECTRICAL YIELD ANALYSIS|WAFER SORT TEST|LOT LOT FINAL YIELD ANALYSIS|WAFER SORT TEST|LOT LOT LOT|CMP DIELECTRIC CHECK|CMP DIELECTRIC BAKE|DENSIFY TEST|DEVELOP YIELD ANALYSIS|VIA ETCH VIA|STRIP RESIST
valid_mosfet_0003_f60,DEPOSIT BARRIER METAL|DEPOSIT METAL SEED|FILL VIA METAL|CMP METAL|DEPOSIT TOP METAL|ANNEAL METAL|SPIN COAT PHOTORESIST|SOFT BAKE|ALIGN MASK LEVEL 4|EXPOSE LITHO LEVEL 4|DEVELOP PHOTORESIST|METAL PATTERN INSPECTION|METAL ETCH|STRIP PHOTORESIST|CLEAN AFTER METAL ETCH|DEPOSIT PASSIVATION|CURE PASSIVATION|MEASURE PASSIVATION THICKNESS|OPEN PAD WINDOW|PAD WINDOW LITHO|DEVELOP PHOTORESIST|PASSIVATION ETCH|STRIP RESIST|CLEAN PAD OPENING|MEASURE PAD OPENING|BACKSIDE CLEAN|BACKSIDE GRIND|MEASURE THICKNESS|BACKSIDE ETCH CLEAN|BACKSIDE RINSE|BACKSIDE DRY|BACKSIDE METALLIZATION PREP|DEPOSIT BACKSIDE METAL|BACKSIDE ANNEAL|MEASURE BACKSIDE CONTACT|FINAL CLEAN|ELECTRICAL PARAMETRIC TEST|LEAKAGE TEST|THRESHOLD VOLTAGE TEST|SWITCHING TEST|WAFER SORT TEST|YIELD ANALYSIS|LOT|WAFER SORT TEST|THROUGH DIELECTRIC CHECK|LOT|COAT TEST|COAT TEST|ELECTRICAL ANALYSIS|SWITCHING TEST|WAFER SORT TEST|YIELD ANALYSIS|LOT RELEASE|PACKAGE PREPARATION|SHIP LOT
valid_mosfet_0003_f80,STRIP RESIST|CLEAN PAD OPENING|MEASURE PAD OPENING|BACKSIDE CLEAN|BACKSIDE GRIND|MEASURE THICKNESS|BACKSIDE ETCH CLEAN|BACKSIDE RINSE|BACKSIDE DRY|BACKSIDE METALLIZATION PREP|DEPOSIT BACKSIDE METAL|BACKSIDE ANNEAL|MEASURE BACKSIDE CONTACT|FINAL CLEAN|FINAL THICKNESS MEASURE|FINAL GEOMETRY CHECK|ELECTRICAL PARAMETRIC TEST|LEAKAGE TEST|THRESHOLD VOLTAGE TEST|SWITCHING TEST|WAFER SORT TEST|YIELD ANALYSIS|LOT|WAFER SORT TEST|LOT|PARTICLE INSPECTION|WAFER SORT TEST|YIELD ANALYSIS|LOT|WAFER SORT TEST|LOT|COAT TEST|COAT TEST|WAFER SORT TEST|YIELD ANALYSIS|LOT RELEASE|PACKAGE PREPARATION|COAT TEST|COAT TEST|COAT TEST|WAFER SORT TEST|YIELD ANALYSIS|LOT LOT LOT LOT LOT|WAFER SORT TEST|ELECTRICAL YIELD ANALYSIS|WAFER SORT TEST|LOT LOT LOT|CMP DIELECTRIC CHECK|WAFER SORT TEST|YIELD ANALYSIS|LOT LOT LOT LOT LOT|WAFER SORT TEST|DENSIFY TEST|YIELD ANALYSIS|LOT LOT
valid_mosfet_0004_f60,CLEAN AFTER VIA ETCH|DEPOSIT BARRIER METAL|DEPOSIT METAL SEED|FILL VIA METAL|CMP METAL|DEPOSIT METAL 1|ANNEAL METAL|SPIN COAT PHOTORESIST|SOFT BAKE|ALIGN MASK LEVEL 4|EXPOSE LITHO LEVEL 4|DEVELOP PHOTORESIST|METAL PATTERN INSPECTION|METAL ETCH|STRIP PHOTORESIST|CLEAN AFTER METAL ETCH|DEPOSIT PASSIVATION|CURE PASSIVATION|MEASURE PASSIVATION THICKNESS|OPEN PAD WINDOW|PAD WINDOW LITHO|DEVELOP PHOTORESIST|PASSIVATION ETCH|STRIP RESIST|CLEAN PAD OPENING|MEASURE PAD OPENING|BACKSIDE CLEAN|BACKSIDE GRIND|MEASURE THICKNESS|BACKSIDE ETCH CLEAN|BACKSIDE RINSE|BACKSIDE DRY|BACKSIDE METALLIZATION PREP|DEPOSIT BACKSIDE METAL|BACKSIDE ANNEAL|MEASURE BACKSIDE CONTACT|FINAL CLEAN|ELECTRICAL PARAMETRIC TEST|LEAKAGE TEST|WAFER SORT TEST|YIELD ANALYSIS|LOT|WAFER SORT TEST|WAFER SORT TEST|YIELD ANALYSIS|LOT RELEASE|PACKAGE PREPARATION|COAT TEST|COAT TEST|COAT TEST|SWITCHING TEST|WAFER SORT TEST|YIELD ANALYSIS|LOT RELEASE|PACKAGE PREPARATION|SHIP LOT
valid_mosfet_0004_f80,STRIP PHOTORESIST|CLEAN PAD OPENING|MEASURE PAD OPENING|BACKSIDE CLEAN|BACKSIDE GRIND|MEASURE THICKNESS|BACKSIDE ETCH CLEAN|BACKSIDE RINSE|BACKSIDE DRY|BACKSIDE METALLIZATION PREP|DEPOSIT BACKSIDE METAL|BACKSIDE ANNEAL|MEASURE BACKSIDE CONTACT|FINAL CLEAN|YIELD ANALYSIS|WAFER SORT TEST|LOT|WAFER SORT TEST|YIELD ANALYSIS|LOT|WAFER SORT TEST|WAFER SORT TEST|YIELD ANALYSIS|LOT RELEASE|PACKAGE PREPARATION|COAT TEST|COAT TEST|COAT TEST|SWITCHING TEST|WAFER SORT TEST|YIELD ANALYSIS|LOT RELEASE|PACKAGE PREPARATION|SHIP LOT
valid_mosfet_0005_f60,DEPOSIT BARRIER METAL|DEPOSIT METAL SEED|FILL VIA METAL|CMP METAL|DEPOSIT TOP METAL|ANNEAL METAL|SPIN COAT PHOTORESIST|SOFT BAKE|ALIGN MASK LEVEL 4|EXPOSE LITHO LEVEL 4|DEVELOP PHOTORESIST|METAL PATTERN INSPECTION|METAL ETCH|STRIP PHOTORESIST|CLEAN AFTER METAL ETCH|DEPOSIT PASSIVATION|CURE PASSIVATION|MEASURE PASSIVATION THICKNESS|OPEN PAD WINDOW|PAD WINDOW LITHO|DEVELOP PHOTORESIST|PASSIVATION ETCH|STRIP RESIST|CLEAN PAD OPENING|MEASURE PAD OPENING|BACKSIDE CLEAN|BACKSIDE GRIND|MEASURE THICKNESS|BACKSIDE ETCH CLEAN|BACKSIDE RINSE|BACKSIDE DRY|BACKSIDE METALLIZATION PREP|DEPOSIT BACKSIDE METAL|BACKSIDE ANNEAL|MEASURE BACKSIDE CONTACT|FINAL CLEAN|ELECTRICAL PARAMETRIC TEST|LEAKAGE TEST|WAFER SORT TEST|YIELD ANALYSIS|LOT|WAFER SORT TEST|PARTICLE INSPECTION|WAFER SORT TEST|YIELD ANALYSIS|LOT|WAFER SORT TEST|THROUGH DIELECTRIC|ELECTRICAL ANALYSIS|SWITCHING TEST|WAFER SORT TEST|YIELD ANALYSIS|LOT RELEASE|PACKAGE PREPARATION|COAT TEST|COAT TEST|COAT TEST|BACKSIDE ANALYSIS|WAFER SORT TEST|YIELD ANALYSIS|LOT RELEASE|PACKAGE PREPARATION|COAT TEST|COAT TEST|WAFER SORT TEST|YIELD ANALYSIS|LOT LOT LOT FINAL LOT|WAFER SORT TEST|ELECTRICAL YIELD ANALYSIS|WAFER SORT TEST|LOT LOT FINAL YIELD ANALYSIS|WAFER SORT TEST|LOT LOT|WAFER SORT TEST|YIELD ANALYSIS|LOT LOT LOT LOT LOT|DENSIFY TEST|DENSIFY TEST|DENSIFY TEST|DENSIFY TEST
valid_mosfet_0005_f80,STRIP PHOTORESIST|CLEAN PAD OPENING|MEASURE PAD OPENING|BACKSIDE CLEAN|BACKSIDE GRIND|MEASURE THICKNESS|BACKSIDE ETCH CLEAN|BACKSIDE RINSE|BACKSIDE DRY|BACKSIDE METALLIZATION PREP|DEPOSIT BACKSIDE METAL|BACKSIDE ANNEAL|MEASURE BACKSIDE CONTACT|FINAL CLEAN|FINAL THICKNESS MEASURE|FINAL GEOMETRY CHECK|ELECTRICAL PARAMETRIC TEST|LEAKAGE TEST|THRESHOLD VOLTAGE TEST|SWITCHING TEST|WAFER SORT TEST|YIELD ANALYSIS|LOT|WAFER SORT TEST|LOT|ELECTRICAL PARAMETRIC TEST|WAFER SORT TEST|YIELD ANALYSIS|LOT|WAFER SORT TEST|LOT|ELECTRICAL ANALYSIS|WAFER SORT TEST|YIELD ANALYSIS|LOT RELEASE|PACKAGE PREPARATION|COAT TEST|COAT TEST|WAFER SORT TEST|YIELD ANALYSIS|LOT LOT LOT LOT LOT|WAFER SORT TEST|ELECTRICAL YIELD ANALYSIS|WAFER SORT TEST|LOT LOT LOT LOT LOT|WAFER SORT TEST|YIELD ANALYSIS|LOT LOT LOT LOT LOT|WAFER SORT TEST|YIELD ANALYSIS|LOT LOT LOT LOT LOT|DENSIFY TEST|DENSIFY TEST|DENSIFY TEST|DENSIFY TEST
valid_mosfet_0006_f60,DEPOSIT METAL SEED|FILL VIA METAL|CMP METAL|DEPOSIT METAL 1|ANNEAL METAL|SPIN COAT PHOTORESIST|SOFT BAKE|ALIGN MASK LEVEL 4|EXPOSE LITHO LEVEL 4|DEVELOP PHOTORESIST|METAL PATTERN INSPECTION|METAL ETCH|STRIP RESIST|CLEAN AFTER METAL ETCH|DEPOSIT PASSIVATION|CURE PASSIVATION|MEASURE PASSIVATION THICKNESS|OPEN PAD WINDOW|PAD WINDOW LITHO|DEVELOP PHOTORESIST|PASSIVATION ETCH|STRIP RESIST|CLEAN PAD OPENING|MEASURE PAD OPENING|BACKSIDE CLEAN|BACKSIDE GRIND|MEASURE THICKNESS|BACKSIDE ETCH CLEAN|BACKSIDE RINSE|BACKSIDE DRY|BACKSIDE METALLIZATION PREP|DEPOSIT BACKSIDE METAL|BACKSIDE ANNEAL|MEASURE BACKSIDE CONTACT|FINAL CLEAN|ELECTRICAL PARAMETRIC TEST|LEAKAGE TEST|WAFER SORT TEST|YIELD ANALYSIS|LOT|WAFER SORT TEST|PARTICLE INSPECTION|WAFER SORT TEST|YIELD ANALYSIS|LOT RELEASE|PACKAGE PREPARATION|COAT TEST|COAT TEST|SWITCHING TEST|WAFER SORT TEST|YIELD ANALYSIS|LOT RELEASE|PACKAGE PREPARATION|SHIP LOT
valid_mosfet_0006_f80,STRIP PHOTORESIST|CLEAN PAD OPENING|MEASURE PAD OPENING|BACKSIDE CLEAN|BACKSIDE GRIND|MEASURE THICKNESS|BACKSIDE ETCH CLEAN|BACKSIDE RINSE|BACKSIDE DRY|BACKSIDE METALLIZATION PREP|DEPOSIT BACKSIDE METAL|BACKSIDE ANNEAL|MEASURE BACKSIDE CONTACT|FINAL CLEAN|FINAL THICKNESS MEASURE|FINAL GEOMETRY CHECK|ELECTRICAL PARAMETRIC TEST|LEAKAGE TEST|THRESHOLD VOLTAGE TEST|SWITCHING TEST|WAFER SORT TEST|YIELD ANALYSIS|LOT|WAFER SORT TEST|LOT|ELECTRICAL PARAMETRIC TEST|WAFER SORT TEST|YIELD ANALYSIS|LOT|WAFER SORT TEST|ELECTRICAL ANALYSIS|WAFER SORT TEST|DEVELOP TEST|PASSIVATION TEST|WAFER SORT TEST|STRIP ANALYSIS|CLEAN YIELD ANALYSIS|LOT RELEASE|SHIP LOT
valid_mosfet_0007_f60,STRIP RESIST|CLEAN AFTER VIA ETCH|DEPOSIT BARRIER METAL|DEPOSIT METAL SEED|FILL VIA METAL|CMP METAL|DEPOSIT METAL 1|ANNEAL METAL|SPIN COAT PHOTORESIST|SOFT BAKE|ALIGN MASK LEVEL 4|EXPOSE LITHO LEVEL 4|DEVELOP PHOTORESIST|METAL PATTERN INSPECTION|METAL ETCH|STRIP PHOTORESIST|CLEAN AFTER METAL ETCH|DEPOSIT PASSIVATION|CURE PASSIVATION|MEASURE PASSIVATION THICKNESS|OPEN PAD WINDOW|PAD WINDOW LITHO|DEVELOP PHOTORESIST|PASSIVATION ETCH|STRIP RESIST|CLEAN PAD OPENING|MEASURE PAD OPENING|BACKSIDE CLEAN|BACKSIDE GRIND|MEASURE THICKNESS|BACKSIDE ETCH CLEAN|BACKSIDE RINSE|BACKSIDE DRY|BACKSIDE METALLIZATION PREP|DEPOSIT BACKSIDE METAL|BACKSIDE ANNEAL|MEASURE BACKSIDE CONTACT|FINAL CLEAN|ELECTRICAL PARAMETRIC TEST|LEAKAGE TEST|WAFER SORT TEST|YIELD ANALYSIS|LOT|WAFER SORT TEST|WAFER SORT TEST|YIELD ANALYSIS|LOT RELEASE|PACKAGE PREPARATION|COAT TEST|COAT TEST|COAT TEST|SWITCHING TEST|WAFER SORT TEST|YIELD ANALYSIS|LOT RELEASE|PACKAGE PREPARATION|SHIP LOT
valid_mosfet_0007_f80,STRIP PHOTORESIST|CLEAN PAD OPENING|MEASURE PAD OPENING|BACKSIDE CLEAN|BACKSIDE GRIND|MEASURE THICKNESS|BACKSIDE ETCH CLEAN|BACKSIDE RINSE|BACKSIDE DRY|BACKSIDE METALLIZATION PREP|DEPOSIT BACKSIDE METAL|BACKSIDE ANNEAL|MEASURE BACKSIDE CONTACT|FINAL CLEAN|FINAL THICKNESS MEASURE|ELECTRICAL PARAMETRIC TEST|LEAKAGE TEST|THRESHOLD VOLTAGE TEST|SWITCHING TEST|WAFER SORT TEST|YIELD ANALYSIS|LOT|WAFER SORT TEST|THROUGH DIELECTRIC|THROUGH DIELECTRIC CHECK|BACKSIDE ANNEAL|DENSIFY TEST|SWITCHING TEST|WAFER SORT TEST|YIELD ANALYSIS|LOT|WAFER SORT TEST|WAFER SORT TEST|YIELD ANALYSIS|LOT RELEASE|PACKAGE PREPARATION|COAT TEST|COAT TEST|COAT TEST|COAT TEST|WAFER SORT TEST|YIELD ANALYSIS|LOT|WAFER SORT TEST|ELECTRICAL YIELD ANALYSIS|WAFER SORT TEST|LOT RELEASE|COAT TEST|COAT SORT TEST|YIELD ANALYSIS|LOT LOT LOT LOT LOT|WAFER SORT TEST|ELECTRICAL YIELD ANALYSIS|WAFER SORT TEST|LOT LOT LOT LOT LOT
valid_mosfet_0008_f60,CLEAN AFTER VIA ETCH|DEPOSIT BARRIER METAL|DEPOSIT METAL SEED|FILL VIA METAL|CMP METAL|DEPOSIT METAL 1|ANNEAL METAL|SPIN COAT PHOTORESIST|SOFT BAKE|ALIGN MASK LEVEL 4|EXPOSE LITHO LEVEL 4|DEVELOP PHOTORESIST|METAL PATTERN INSPECTION|METAL ETCH|STRIP PHOTORESIST|CLEAN AFTER METAL ETCH|DEPOSIT PASSIVATION|CURE PASSIVATION|MEASURE PASSIVATION THICKNESS|OPEN PAD WINDOW|PAD WINDOW LITHO|DEVELOP PHOTORESIST|PASSIVATION ETCH|STRIP RESIST|CLEAN PAD OPENING|MEASURE PAD OPENING|BACKSIDE CLEAN|BACKSIDE GRIND|MEASURE THICKNESS|BACKSIDE ETCH CLEAN|BACKSIDE RINSE|BACKSIDE DRY|BACKSIDE METALLIZATION PREP|DEPOSIT BACKSIDE METAL|BACKSIDE ANNEAL|MEASURE BACKSIDE CONTACT|FINAL CLEAN|ELECTRICAL PARAMETRIC TEST|LEAKAGE TEST|WAFER SORT TEST|YIELD ANALYSIS|LOT|WAFER SORT TEST|WAFER SORT TEST|YIELD ANALYSIS|LOT RELEASE|PACKAGE PREPARATION|COAT TEST|COAT TEST|COAT TEST|SWITCHING TEST|WAFER SORT TEST|YIELD ANALYSIS|LOT RELEASE|PACKAGE PREPARATION|SHIP LOT
valid_mosfet_0008_f80,STRIP PHOTORESIST|CLEAN PAD OPENING|MEASURE PAD OPENING|BACKSIDE CLEAN|BACKSIDE GRIND|MEASURE THICKNESS|BACKSIDE ETCH CLEAN|BACKSIDE RINSE|BACKSIDE DRY|BACKSIDE METALLIZATION PREP|DEPOSIT BACKSIDE METAL|BACKSIDE ANNEAL|MEASURE BACKSIDE CONTACT|FINAL CLEAN|ELECTRICAL PARAMETRIC TEST|LEAKAGE TEST|THRESHOLD VOLTAGE TEST|SWITCHING TEST|WAFER SORT TEST|YIELD ANALYSIS|LOT|WAFER SORT TEST|THROUGH DIELECTRIC|SWITCHING TEST|WAFER SORT TEST|YIELD ANALYSIS|LOT|WAFER SORT TEST|LOT|ELECTRICAL ANALYSIS|WAFER SORT TEST|YIELD ANALYSIS|LOT RELEASE|PACKAGE PREPARATION|SHIP LOT
valid_mosfet_0009_f60,STRIP PHOTORESIST|CLEAN AFTER VIA ETCH|DEPOSIT BARRIER METAL|DEPOSIT METAL SEED|FILL VIA METAL|CMP METAL|DEPOSIT METAL 1|ANNEAL METAL|SPIN COAT PHOTORESIST|SOFT BAKE|ALIGN MASK LEVEL 4|EXPOSE LITHO LEVEL 4|DEVELOP PHOTORESIST|METAL PATTERN INSPECTION|METAL ETCH|STRIP PHOTORESIST|CLEAN AFTER METAL ETCH|DEPOSIT PASSIVATION|CURE PASSIVATION|MEASURE PASSIVATION THICKNESS|OPEN PAD WINDOW|PAD WINDOW LITHO|DEVELOP PHOTORESIST|PASSIVATION ETCH|STRIP RESIST|CLEAN PAD OPENING|MEASURE PAD OPENING|BACKSIDE CLEAN|BACKSIDE GRIND|MEASURE THICKNESS|BACKSIDE ETCH CLEAN|BACKSIDE RINSE|BACKSIDE DRY|BACKSIDE METALLIZATION PREP|DEPOSIT BACKSIDE METAL|BACKSIDE ANNEAL|MEASURE BACKSIDE CONTACT|FINAL CLEAN|FINAL THICKNESS MEASURE|ELECTRICAL PARAMETRIC TEST|LEAKAGE TEST|WAFER SORT TEST|YIELD ANALYSIS|LOT|WAFER SORT TEST|WAFER SORT TEST|YIELD ANALYSIS|LOT RELEASE|PACKAGE PREPARATION|COAT TEST|COAT TEST|COAT TEST|SWITCHING TEST|WAFER SORT TEST|YIELD ANALYSIS|LOT|WAFER SORT TEST|ELECTRICAL ANALYSIS|WAFER SORT TEST|HARD BAKE|SWITCHING TEST|WAFER SORT TEST|YIELD ANALYSIS|LOT LOT LOT LOT RELEASE|SHIP LOT
valid_mosfet_0009_f80,PASSIVATION ETCH|STRIP RESIST|CLEAN PAD OPENING|MEASURE PAD OPENING|BACKSIDE CLEAN|BACKSIDE GRIND|MEASURE THICKNESS|BACKSIDE ETCH CLEAN|BACKSIDE RINSE|BACKSIDE DRY|BACKSIDE METALLIZATION PREP|DEPOSIT BACKSIDE METAL|BACKSIDE ANNEAL|MEASURE BACKSIDE CONTACT|FINAL CLEAN|YIELD ANALYSIS|WAFER SORT TEST|LOT|WAFER SORT TEST|YIELD ANALYSIS|LOT|WAFER SORT TEST|STRIP RESIST|CLEAN|CLEAN|WAFER SORT TEST|YIELD ANALYSIS|LOT|WAFER SORT TEST|LOT|ELECTRICAL PARAMETRIC TEST|SWITCHING TEST|WAFER SORT TEST|YIELD ANALYSIS|LOT RELEASE|PACKAGE PREPARATION|PACKAGE PREPARATION|COAT TEST|COAT TEST|COAT TEST|WAFER SORT TEST|YIELD ANALYSIS|LOT RELEASE|PACKAGE PREPARATION|COAT TEST|COAT TEST|COAT TEST|COAT TEST|SWITCHING TEST|WAFER SORT TEST|YIELD ANALYSIS|LOT LOT LOT RELEASE|SHIP LOT
valid_mosfet_0010_f60,DEPOSIT METAL SEED|FILL VIA METAL|CMP METAL|DEPOSIT METAL 1|ANNEAL METAL|SPIN COAT PHOTORESIST|SOFT BAKE|ALIGN MASK LEVEL 4|EXPOSE LITHO LEVEL 4|DEVELOP PHOTORESIST|METAL PATTERN INSPECTION|METAL ETCH|STRIP PHOTORESIST|CLEAN AFTER METAL ETCH|DEPOSIT PASSIVATION|CURE PASSIVATION|MEASURE PASSIVATION THICKNESS|OPEN PAD WINDOW|PAD WINDOW LITHO|DEVELOP PHOTORESIST|PASSIVATION ETCH|STRIP RESIST|CLEAN PAD OPENING|MEASURE PAD OPENING|BACKSIDE CLEAN|BACKSIDE GRIND|MEASURE THICKNESS|BACKSIDE ETCH CLEAN|BACKSIDE RINSE|BACKSIDE DRY|BACKSIDE METALLIZATION PREP|DEPOSIT BACKSIDE METAL|BACKSIDE ANNEAL|MEASURE BACKSIDE CONTACT|FINAL CLEAN|ELECTRICAL PARAMETRIC TEST|LEAKAGE TEST|THRESHOLD VOLTAGE TEST|SWITCHING TEST|WAFER SORT TEST|YIELD ANALYSIS|LOT|WAFER SORT TEST|THROUGH DIELECTRIC CHECK|LOT|COAT TEST|COAT TEST|COAT TEST|SWITCHING TEST|WAFER SORT TEST|YIELD ANALYSIS|LOT RELEASE|PACKAGE PREPARATION|SHIP LOT
valid_mosfet_0010_f80,CLEAN PAD OPENING|MEASURE PAD OPENING|BACKSIDE CLEAN|BACKSIDE GRIND|MEASURE THICKNESS|BACKSIDE ETCH CLEAN|BACKSIDE RINSE|BACKSIDE DRY|BACKSIDE METALLIZATION PREP|DEPOSIT BACKSIDE METAL|BACKSIDE ANNEAL|MEASURE BACKSIDE CONTACT|FINAL CLEAN|FINAL THICKNESS MEASURE|FINAL GEOMETRY CHECK|FINAL PARTICLE INSPECTION|YIELD ANALYSIS|WAFER SORT TEST|LOT|PARTICLE INSPECTION|WAFER SORT TEST|YIELD ANALYSIS|LOT|WAFER SORT TEST|LOT|ELECTRICAL PARAMETRIC TEST|SWITCHING TEST|WAFER SORT TEST|YIELD ANALYSIS|LOT|WAFER SORT TEST|LOT|COAT TEST|COAT TEST|COAT TEST|WAFER SORT TEST|YIELD ANALYSIS|LOT RELEASE|PACKAGE PREPARATION|SHIP LOT
valid_mosfet_0011_f60,STRIP RESIST|CLEAN AFTER VIA ETCH|DEPOSIT BARRIER METAL|DEPOSIT METAL SEED|FILL VIA METAL|CMP METAL|DEPOSIT METAL 1|ANNEAL METAL|SPIN COAT PHOTORESIST|SOFT BAKE|ALIGN MASK LEVEL 4|EXPOSE LITHO LEVEL 4|DEVELOP PHOTORESIST|METAL PATTERN INSPECTION|METAL ETCH|STRIP RESIST|CLEAN AFTER METAL ETCH|DEPOSIT PASSIVATION|CURE PASSIVATION|MEASURE PASSIVATION THICKNESS|OPEN PAD WINDOW|PAD WINDOW LITHO|DEVELOP PHOTORESIST|PASSIVATION ETCH|STRIP RESIST|CLEAN PAD OPENING|MEASURE PAD OPENING|BACKSIDE CLEAN|BACKSIDE GRIND|MEASURE THICKNESS|BACKSIDE ETCH CLEAN|BACKSIDE RINSE|BACKSIDE DRY|BACKSIDE METALLIZATION PREP|DEPOSIT BACKSIDE METAL|BACKSIDE ANNEAL|MEASURE BACKSIDE CONTACT|FINAL CLEAN|YIELD ANALYSIS|WAFER SORT TEST|LOT|WAFER SORT TEST|YIELD ANALYSIS|LOT|WAFER SORT TEST|WAFER SORT TEST|YIELD ANALYSIS|LOT RELEASE|PACKAGE PREPARATION|COAT TEST|COAT TEST|COAT TEST|SWITCHING TEST|WAFER SORT TEST|YIELD ANALYSIS|LOT RELEASE|PACKAGE PREPARATION|SHIP LOT
valid_mosfet_0011_f80,STRIP RESIST|CLEAN PAD OPENING|MEASURE PAD OPENING|BACKSIDE CLEAN|BACKSIDE GRIND|MEASURE THICKNESS|BACKSIDE ETCH CLEAN|BACKSIDE RINSE|BACKSIDE DRY|BACKSIDE METALLIZATION PREP|DEPOSIT BACKSIDE METAL|BACKSIDE ANNEAL|MEASURE BACKSIDE CONTACT|FINAL CLEAN|FINAL THICKNESS MEASURE|FINAL GEOMETRY CHECK|ELECTRICAL PARAMETRIC TEST|LEAKAGE TEST|WAFER SORT TEST|YIELD ANALYSIS|LOT|WAFER SORT TEST|STRIP RESIST|CLEAN|ELECTRICAL PARAMETRIC TEST|DENSIFY TEST|SWITCHING TEST|WAFER SORT TEST|YIELD ANALYSIS|LOT|WAFER SORT TEST|ELECTRICAL ANALYSIS|WAFER SORT TEST|DEVELOP TEST|PASSIVATION TEST|WAFER SORT TEST|STRIP ANALYSIS|CLEAN YIELD ANALYSIS|LOT RELEASE|COAT TEST|SHIP LOT
valid_mosfet_0012_f60,DEPOSIT BARRIER METAL|DEPOSIT METAL SEED|FILL VIA METAL|CMP METAL|DEPOSIT METAL 1|ANNEAL METAL|SPIN COAT PHOTORESIST|SOFT BAKE|ALIGN MASK LEVEL 4|EXPOSE LITHO LEVEL 4|DEVELOP PHOTORESIST|METAL PATTERN INSPECTION|METAL ETCH|STRIP RESIST|CLEAN AFTER METAL ETCH|DEPOSIT PASSIVATION|CURE PASSIVATION|MEASURE PASSIVATION THICKNESS|OPEN PAD WINDOW|PAD WINDOW LITHO|DEVELOP PHOTORESIST|PASSIVATION ETCH|STRIP RESIST|CLEAN PAD OPENING|MEASURE PAD OPENING|BACKSIDE CLEAN|BACKSIDE GRIND|MEASURE THICKNESS|BACKSIDE ETCH CLEAN|BACKSIDE RINSE|BACKSIDE DRY|BACKSIDE METALLIZATION PREP|DEPOSIT BACKSIDE METAL|BACKSIDE ANNEAL|MEASURE BACKSIDE CONTACT|FINAL CLEAN|ELECTRICAL PARAMETRIC TEST|LEAKAGE TEST|THRESHOLD VOLTAGE TEST|SWITCHING TEST|WAFER SORT TEST|YIELD ANALYSIS|LOT|WAFER SORT TEST|LOT|DEPOSIT THRESHOLD VOLTAGE TEST|SWITCHING TEST|WAFER SORT TEST|YIELD ANALYSIS|LOT|WAFER SORT TEST|LOT|ELECTRICAL ANALYSIS|WAFER SORT TEST|YIELD ANALYSIS|LOT RELEASE|PACKAGE PREPARATION|SHIP LOT
valid_mosfet_0012_f80,STRIP PHOTORESIST|CLEAN PAD OPENING|MEASURE PAD OPENING|BACKSIDE CLEAN|BACKSIDE GRIND|MEASURE THICKNESS|BACKSIDE ETCH CLEAN|BACKSIDE RINSE|BACKSIDE DRY|BACKSIDE METALLIZATION PREP|DEPOSIT BACKSIDE METAL|BACKSIDE ANNEAL|MEASURE BACKSIDE CONTACT|FINAL CLEAN|ELECTRICAL PARAMETRIC TEST|LEAKAGE TEST|THRESHOLD VOLTAGE TEST|SWITCHING TEST|WAFER SORT TEST|YIELD ANALYSIS|LOT|WAFER SORT TEST|LOT|YIELD ANALYSIS|LOT|WAFER SORT TEST|LOT|LOT|COAT TEST|COAT TEST|ELECTRICAL ANALYSIS|SWITCHING TEST|WAFER SORT TEST|YIELD ANALYSIS|LOT RELEASE|PACKAGE PREPARATION|SHIP LOT
valid_mosfet_0013_f60,DEPOSIT BARRIER METAL|DEPOSIT METAL SEED|FILL VIA METAL|CMP METAL|DEPOSIT METAL 1|ANNEAL METAL|SPIN COAT PHOTORESIST|SOFT BAKE|ALIGN MASK LEVEL 4|EXPOSE LITHO LEVEL 4|DEVELOP PHOTORESIST|METAL PATTERN INSPECTION|METAL ETCH|STRIP RESIST|CLEAN AFTER METAL ETCH|DEPOSIT PASSIVATION|CURE PASSIVATION|MEASURE PASSIVATION THICKNESS|OPEN PAD WINDOW|PAD WINDOW LITHO|DEVELOP PHOTORESIST|PASSIVATION ETCH|STRIP RESIST|CLEAN PAD OPENING|MEASURE PAD OPENING|BACKSIDE CLEAN|BACKSIDE GRIND|MEASURE THICKNESS|BACKSIDE ETCH CLEAN|BACKSIDE RINSE|BACKSIDE DRY|BACKSIDE METALLIZATION PREP|DEPOSIT BACKSIDE METAL|BACKSIDE ANNEAL|MEASURE BACKSIDE CONTACT|FINAL CLEAN|ELECTRICAL PARAMETRIC TEST|LEAKAGE TEST|WAFER SORT TEST|YIELD ANALYSIS|LOT|WAFER SORT TEST|WAFER SORT TEST|YIELD ANALYSIS|LOT RELEASE|PACKAGE PREPARATION|COAT TEST|COAT TEST|COAT TEST|SWITCHING TEST|WAFER SORT TEST|YIELD ANALYSIS|LOT RELEASE|PACKAGE PREPARATION|SHIP LOT
valid_mosfet_0013_f80,STRIP RESIST|CLEAN PAD OPENING|MEASURE PAD OPENING|BACKSIDE CLEAN|BACKSIDE GRIND|MEASURE THICKNESS|BACKSIDE ETCH CLEAN|BACKSIDE RINSE|BACKSIDE DRY|BACKSIDE METALLIZATION PREP|DEPOSIT BACKSIDE METAL|BACKSIDE ANNEAL|MEASURE BACKSIDE CONTACT|FINAL CLEAN|YIELD ANALYSIS|WAFER SORT TEST|LOT|WAFER SORT TEST|YIELD ANALYSIS|LOT|WAFER SORT TEST|STRIP RESIST|CLEAN|CLEAN|WAFER SORT TEST|YIELD ANALYSIS|LOT|WAFER SORT TEST|LOT|ELECTRICAL PARAMETRIC TEST|SWITCHING TEST|WAFER SORT TEST|YIELD ANALYSIS|LOT RELEASE|PACKAGE PREPARATION|COAT TEST|COAT TEST|COAT TEST|COAT TEST|WAFER SORT TEST|YIELD ANALYSIS|LOT RELEASE|SHIP LOT
valid_mosfet_0014_f60,STRIP RESIST|CLEAN AFTER VIA ETCH|DEPOSIT BARRIER METAL|DEPOSIT METAL SEED|FILL VIA METAL|CMP METAL|DEPOSIT TOP METAL|ANNEAL METAL|SPIN COAT PHOTORESIST|SOFT BAKE|ALIGN MASK LEVEL 4|EXPOSE LITHO LEVEL 4|DEVELOP PHOTORESIST|METAL PATTERN INSPECTION|METAL ETCH|STRIP RESIST|CLEAN AFTER METAL ETCH|DEPOSIT PASSIVATION|CURE PASSIVATION|MEASURE PASSIVATION THICKNESS|OPEN PAD WINDOW|PAD WINDOW LITHO|DEVELOP PHOTORESIST|PASSIVATION ETCH|STRIP RESIST|CLEAN PAD OPENING|MEASURE PAD OPENING|BACKSIDE CLEAN|BACKSIDE GRIND|MEASURE THICKNESS|BACKSIDE ETCH CLEAN|BACKSIDE RINSE|BACKSIDE DRY|BACKSIDE METALLIZATION PREP|DEPOSIT BACKSIDE METAL|BACKSIDE ANNEAL|MEASURE BACKSIDE CONTACT|FINAL CLEAN|ELECTRICAL PARAMETRIC TEST|LEAKAGE TEST|PARAMETRIC TEST|SWITCHING TEST|WAFER SORT TEST|YIELD ANALYSIS|LOT|WAFER SORT TEST|THROUGH DIELECTRIC CHECK|LOT|COAT TEST|COAT TEST|WAFER SORT TEST|YIELD ANALYSIS|LOT|WAFER SORT TEST|LOT RELEASE|COAT TEST|COAT TEST|COAT TEST|BACKSIDE ANALYSIS|SWITCHING TEST|WAFER SORT TEST|YIELD ANALYSIS|LOT LOT LOT LOT RELEASE|COAT TEST|WAFER SORT TEST|ELECTRICAL YIELD ANALYSIS|WAFER SORT TEST|LOT FINAL LOT|COAT TEST|COAT TEST|COAT TEST|CMP DIELECTRIC CHECK|BACKSIDE ANALYSIS|DEVELOP ANALYSIS|VIA WAFER SORT TEST|DIELECTRIC BAKE|DIELECTRIC BAKE|VIA|DIELECTRIC CHECK|WAFER SORT TEST
valid_mosfet_0014_f80,DEVELOP PHOTORESIST|PASSIVATION ETCH|STRIP RESIST|CLEAN PAD OPENING|MEASURE PAD OPENING|BACKSIDE CLEAN|BACKSIDE GRIND|MEASURE THICKNESS|BACKSIDE ETCH CLEAN|BACKSIDE RINSE|BACKSIDE DRY|BACKSIDE METALLIZATION PREP|DEPOSIT BACKSIDE METAL|BACKSIDE ANNEAL|MEASURE BACKSIDE CONTACT|FINAL CLEAN|FINAL THICKNESS MEASURE|ELECTRICAL PARAMETRIC TEST|LEAKAGE TEST|THRESHOLD VOLTAGE TEST|SWITCHING TEST|WAFER SORT TEST|YIELD ANALYSIS|LOT|WAFER SORT TEST|ELECTRICAL PARAMETRIC TEST|SWITCHING TEST|WAFER SORT TEST|YIELD ANALYSIS|LOT|WAFER SORT TEST|LOT|ELECTRICAL ANALYSIS|WAFER SORT TEST|SWITCHING TEST|WAFER SORT TEST|YIELD ANALYSIS|LOT RELEASE|PACKAGE PREPARATION|COAT TEST|COAT TEST|COAT TEST|COAT TEST|WAFER SORT TEST|YIELD ANALYSIS|LOT WAFER SORT TEST|THROUGH DIELECTRIC CHECK|CMP VIA|WAFER SORT TEST|YIELD ANALYSIS|LOT LOT LOT LOT LOT|WAFER SORT TEST|CMP DIELECTRIC BAKE|DEVELOP ANALYSIS|VIA ETCH VIA
valid_mosfet_0015_f60,CLEAN AFTER VIA ETCH|DEPOSIT BARRIER METAL|DEPOSIT METAL SEED|FILL VIA METAL|CMP METAL|DEPOSIT METAL 1|ANNEAL METAL|SPIN COAT PHOTORESIST|SOFT BAKE|ALIGN MASK LEVEL 4|EXPOSE LITHO LEVEL 4|DEVELOP PHOTORESIST|METAL PATTERN INSPECTION|METAL ETCH|STRIP RESIST|CLEAN AFTER METAL ETCH|DEPOSIT PASSIVATION|CURE PASSIVATION|MEASURE PASSIVATION THICKNESS|OPEN PAD WINDOW|PAD WINDOW LITHO|DEVELOP PHOTORESIST|PASSIVATION ETCH|STRIP RESIST|CLEAN PAD OPENING|MEASURE PAD OPENING|BACKSIDE CLEAN|BACKSIDE GRIND|MEASURE THICKNESS|BACKSIDE ETCH CLEAN|BACKSIDE RINSE|BACKSIDE DRY|BACKSIDE METALLIZATION PREP|DEPOSIT BACKSIDE METAL|BACKSIDE ANNEAL|MEASURE BACKSIDE CONTACT|FINAL CLEAN|ELECTRICAL PARAMETRIC TEST|LEAKAGE TEST|WAFER SORT TEST|YIELD ANALYSIS|LOT|WAFER SORT TEST|WAFER SORT TEST|YIELD ANALYSIS|LOT RELEASE|COAT TEST|COAT TEST|COAT TEST|COAT TEST|SWITCHING TEST|WAFER SORT TEST|YIELD ANALYSIS|LOT RELEASE|PACKAGE PREPARATION|SHIP LOT
valid_mosfet_0015_f80,PASSIVATION ETCH|STRIP PHOTORESIST|CLEAN PAD OPENING|MEASURE PAD OPENING|BACKSIDE CLEAN|BACKSIDE GRIND|MEASURE THICKNESS|BACKSIDE ETCH CLEAN|BACKSIDE RINSE|BACKSIDE DRY|BACKSIDE METALLIZATION PREP|DEPOSIT BACKSIDE METAL|BACKSIDE ANNEAL|MEASURE BACKSIDE CONTACT|FINAL CLEAN|YIELD ANALYSIS|WAFER SORT TEST|LOT|WAFER SORT TEST|YIELD ANALYSIS|LOT|WAFER SORT TEST|WAFER SORT TEST|YIELD ANALYSIS|LOT|WAFER SORT TEST|LOT|ELECTRICAL PARAMETRIC TEST|SWITCHING TEST|WAFER SORT TEST|YIELD ANALYSIS|LOT RELEASE|PACKAGE PREPARATION|COAT TEST|SHIP LOT
valid_mosfet_0016_f60,CLEAN AFTER VIA ETCH|DEPOSIT BARRIER METAL|DEPOSIT METAL SEED|FILL VIA METAL|CMP METAL|DEPOSIT METAL 1|ANNEAL METAL|SPIN COAT PHOTORESIST|SOFT BAKE|ALIGN MASK LEVEL 4|EXPOSE LITHO LEVEL 4|DEVELOP PHOTORESIST|METAL PATTERN INSPECTION|METAL ETCH|STRIP PHOTORESIST|CLEAN AFTER METAL ETCH|DEPOSIT PASSIVATION|CURE PASSIVATION|MEASURE PASSIVATION THICKNESS|OPEN PAD WINDOW|PAD WINDOW LITHO|DEVELOP PHOTORESIST|PASSIVATION ETCH|STRIP RESIST|CLEAN PAD OPENING|MEASURE PAD OPENING|BACKSIDE CLEAN|BACKSIDE GRIND|MEASURE THICKNESS|BACKSIDE ETCH CLEAN|BACKSIDE RINSE|BACKSIDE DRY|BACKSIDE METALLIZATION PREP|DEPOSIT BACKSIDE METAL|BACKSIDE ANNEAL|MEASURE BACKSIDE CONTACT|FINAL CLEAN|ELECTRICAL PARAMETRIC TEST|LEAKAGE TEST|WAFER SORT TEST|YIELD ANALYSIS|LOT|WAFER SORT TEST|WAFER SORT TEST|YIELD ANALYSIS|LOT RELEASE|PACKAGE PREPARATION|COAT TEST|COAT TEST|COAT TEST|SWITCHING TEST|WAFER SORT TEST|YIELD ANALYSIS|LOT RELEASE|PACKAGE PREPARATION|SHIP LOT
valid_mosfet_0016_f80,PASSIVATION ETCH|STRIP RESIST|CLEAN PAD OPENING|MEASURE PAD OPENING|BACKSIDE CLEAN|BACKSIDE GRIND|MEASURE THICKNESS|BACKSIDE ETCH CLEAN|BACKSIDE RINSE|BACKSIDE DRY|BACKSIDE METALLIZATION PREP|DEPOSIT BACKSIDE METAL|BACKSIDE ANNEAL|MEASURE BACKSIDE CONTACT|FINAL CLEAN|YIELD ANALYSIS|WAFER SORT TEST|LOT|WAFER SORT TEST|YIELD ANALYSIS|LOT|WAFER SORT TEST|WAFER SORT TEST|YIELD ANALYSIS|LOT RELEASE|PACKAGE PREPARATION|COAT TEST|COAT TEST|COAT TEST|SWITCHING TEST|WAFER SORT TEST|YIELD ANALYSIS|LOT RELEASE|PACKAGE PREPARATION|SHIP LOT
valid_mosfet_0017_f60,STRIP RESIST|CLEAN AFTER VIA ETCH|DEPOSIT BARRIER METAL|DEPOSIT METAL SEED|FILL VIA METAL|CMP METAL|DEPOSIT METAL 1|ANNEAL METAL|SPIN COAT PHOTORESIST|SOFT BAKE|ALIGN MASK LEVEL 4|EXPOSE LITHO LEVEL 4|DEVELOP PHOTORESIST|METAL PATTERN INSPECTION|METAL ETCH|STRIP PHOTORESIST|CLEAN AFTER METAL ETCH|DEPOSIT PASSIVATION|CURE PASSIVATION|MEASURE PASSIVATION THICKNESS|OPEN PAD WINDOW|PAD WINDOW LITHO|DEVELOP PHOTORESIST|PASSIVATION ETCH|STRIP RESIST|CLEAN PAD OPENING|MEASURE PAD OPENING|BACKSIDE CLEAN|BACKSIDE GRIND|MEASURE THICKNESS|BACKSIDE ETCH CLEAN|BACKSIDE RINSE|BACKSIDE DRY|BACKSIDE METALLIZATION PREP|DEPOSIT BACKSIDE METAL|BACKSIDE ANNEAL|MEASURE BACKSIDE CONTACT|FINAL CLEAN|ELECTRICAL PARAMETRIC TEST|LEAKAGE TEST|WAFER SORT TEST|YIELD ANALYSIS|LOT|WAFER SORT TEST|WAFER SORT TEST|YIELD ANALYSIS|LOT|WAFER SORT TEST|ELECTRICAL ANALYSIS|VIA|DEPOSIT ANALYSIS|SWITCHING TEST|WAFER SORT TEST|YIELD ANALYSIS|LOT RELEASE|PACKAGE PREPARATION|SHIP LOT
valid_mosfet_0017_f80,STRIP PHOTORESIST|CLEAN PAD OPENING|MEASURE PAD OPENING|BACKSIDE CLEAN|BACKSIDE GRIND|MEASURE THICKNESS|BACKSIDE ETCH CLEAN|BACKSIDE RINSE|BACKSIDE DRY|BACKSIDE METALLIZATION PREP|DEPOSIT BACKSIDE METAL|BACKSIDE ANNEAL|MEASURE BACKSIDE CONTACT|FINAL CLEAN|ELECTRICAL PARAMETRIC TEST|LEAKAGE TEST|THRESHOLD VOLTAGE TEST|SWITCHING TEST|WAFER SORT TEST|YIELD ANALYSIS|LOT|WAFER SORT TEST|THROUGH DIELECTRIC|VIA|LOT|COAT TEST|THROUGH DIELECTRIC|WAFER SORT TEST|YIELD ANALYSIS|LOT|WAFER SORT TEST|LOT|COAT TEST|COAT TEST|COAT TEST|BACKSIDE ANALYSIS|SWITCHING TEST|WAFER SORT TEST|YIELD ANALYSIS|LOT RELEASE|PACKAGE PREPARATION|COAT TEST|COAT TEST|WAFER SORT TEST|YIELD ANALYSIS|LOT LOT LOT LOT LOT|WAFER SORT TEST|ELECTRICAL YIELD ANALYSIS|WAFER SORT TEST|LOT FINAL YIELD ANALYSIS|WAFER SORT TEST|LOT LOT LOT|WAFER SORT TEST|YIELD ANALYSIS
valid_mosfet_0018_f60,CLEAN AFTER VIA ETCH|DEPOSIT BARRIER METAL|DEPOSIT METAL SEED|FILL VIA METAL|CMP METAL|DEPOSIT TOP METAL|ANNEAL METAL|SPIN COAT PHOTORESIST|SOFT BAKE|ALIGN MASK LEVEL 4|EXPOSE LITHO LEVEL 4|DEVELOP PHOTORESIST|METAL PATTERN INSPECTION|METAL ETCH|STRIP PHOTORESIST|CLEAN AFTER METAL ETCH|DEPOSIT PASSIVATION|CURE PASSIVATION|MEASURE PASSIVATION THICKNESS|OPEN PAD WINDOW|PAD WINDOW LITHO|DEVELOP PHOTORESIST|PASSIVATION ETCH|STRIP RESIST|CLEAN PAD OPENING|MEASURE PAD OPENING|BACKSIDE CLEAN|BACKSIDE GRIND|MEASURE THICKNESS|BACKSIDE ETCH CLEAN|BACKSIDE RINSE|BACKSIDE DRY|BACKSIDE METALLIZATION PREP|DEPOSIT BACKSIDE METAL|BACKSIDE ANNEAL|MEASURE BACKSIDE CONTACT|FINAL CLEAN|ELECTRICAL PARAMETRIC TEST|LEAKAGE TEST|WAFER SORT TEST|YIELD ANALYSIS|LOT|WAFER SORT TEST|WAFER SORT TEST|YIELD ANALYSIS|LOT RELEASE|COAT TEST|COAT TEST|COAT TEST|COAT TEST|SWITCHING TEST|WAFER SORT TEST|YIELD ANALYSIS|LOT RELEASE|PACKAGE PREPARATION|SHIP LOT
valid_mosfet_0018_f80,STRIP PHOTORESIST|CLEAN PAD OPENING|MEASURE PAD OPENING|BACKSIDE CLEAN|BACKSIDE GRIND|MEASURE THICKNESS|BACKSIDE ETCH CLEAN|BACKSIDE RINSE|BACKSIDE DRY|BACKSIDE METALLIZATION PREP|DEPOSIT BACKSIDE METAL|BACKSIDE ANNEAL|MEASURE BACKSIDE CONTACT|FINAL CLEAN|YIELD ANALYSIS|WAFER SORT TEST|LOT|WAFER SORT TEST|YIELD ANALYSIS|LOT|WAFER SORT TEST|WAFER SORT TEST|YIELD ANALYSIS|LOT|WAFER SORT TEST|LOT|ELECTRICAL PARAMETRIC TEST|WAFER SORT TEST|YIELD ANALYSIS|LOT|WAFER SORT TEST|ELECTRICAL ANALYSIS|WAFER SORT TEST|LOT RELEASE|COAT TEST|COAT TEST|COAT TEST|COAT TEST|COAT TEST|SWITCHING TEST|WAFER SORT TEST|YIELD ANALYSIS|LOT RELEASE|COAT TEST|SHIP LOT
valid_mosfet_0019_f60,STRIP RESIST|CLEAN AFTER VIA ETCH|DEPOSIT BARRIER METAL|DEPOSIT METAL SEED|FILL VIA METAL|CMP METAL|DEPOSIT METAL 1|ANNEAL METAL|SPIN COAT PHOTORESIST|SOFT BAKE|ALIGN MASK LEVEL 4|EXPOSE LITHO LEVEL 4|DEVELOP PHOTORESIST|METAL PATTERN INSPECTION|METAL ETCH|STRIP RESIST|CLEAN AFTER METAL ETCH|DEPOSIT PASSIVATION|CURE PASSIVATION|MEASURE PASSIVATION THICKNESS|OPEN PAD WINDOW|PAD WINDOW LITHO|DEVELOP PHOTORESIST|PASSIVATION ETCH|STRIP RESIST|CLEAN PAD OPENING|MEASURE PAD OPENING|BACKSIDE CLEAN|BACKSIDE GRIND|MEASURE THICKNESS|BACKSIDE ETCH CLEAN|BACKSIDE RINSE|BACKSIDE DRY|BACKSIDE METALLIZATION PREP|DEPOSIT BACKSIDE METAL|BACKSIDE ANNEAL|MEASURE BACKSIDE CONTACT|FINAL CLEAN|FINAL THICKNESS MEASURE|ELECTRICAL PARAMETRIC TEST|LEAKAGE TEST|WAFER SORT TEST|YIELD ANALYSIS|LOT|WAFER SORT TEST|WAFER SORT TEST|YIELD ANALYSIS|LOT RELEASE|PACKAGE PREPARATION|COAT TEST|COAT TEST|COAT TEST|SWITCHING TEST|WAFER SORT TEST|YIELD ANALYSIS|LOT|WAFER SORT TEST|ELECTRICAL ANALYSIS|WAFER SORT TEST|DEVELOP TEST|PASSIVATION TEST|WAFER SORT TEST|STRIP ANALYSIS|CLEAN YIELD ANALYSIS|LOT RELEASE|SHIP LOT
valid_mosfet_0019_f80,PASSIVATION ETCH|STRIP PHOTORESIST|CLEAN PAD OPENING|MEASURE PAD OPENING|BACKSIDE CLEAN|BACKSIDE GRIND|MEASURE THICKNESS|BACKSIDE ETCH CLEAN|BACKSIDE RINSE|BACKSIDE DRY|BACKSIDE METALLIZATION PREP|DEPOSIT BACKSIDE METAL|BACKSIDE ANNEAL|MEASURE BACKSIDE CONTACT|FINAL CLEAN|YIELD ANALYSIS|WAFER SORT TEST|LOT|WAFER SORT TEST|YIELD ANALYSIS|LOT|WAFER SORT TEST|WAFER SORT TEST|YIELD ANALYSIS|LOT RELEASE|PACKAGE PREPARATION|COAT TEST|COAT TEST|COAT TEST|SWITCHING TEST|WAFER SORT TEST|YIELD ANALYSIS|LOT RELEASE|PACKAGE PREPARATION|SHIP LOT
valid_mosfet_0020_f60,CLEAN AFTER VIA ETCH|DEPOSIT BARRIER METAL|DEPOSIT METAL SEED|FILL VIA METAL|CMP METAL|DEPOSIT TOP METAL|ANNEAL METAL|SPIN COAT PHOTORESIST|SOFT BAKE|ALIGN MASK LEVEL 4|EXPOSE LITHO LEVEL 4|DEVELOP PHOTORESIST|METAL PATTERN INSPECTION|METAL ETCH|STRIP PHOTORESIST|CLEAN AFTER METAL ETCH|DEPOSIT PASSIVATION|CURE PASSIVATION|MEASURE PASSIVATION THICKNESS|OPEN PAD WINDOW|PAD WINDOW LITHO|DEVELOP PHOTORESIST|PASSIVATION ETCH|STRIP RESIST|CLEAN PAD OPENING|MEASURE PAD OPENING|BACKSIDE CLEAN|BACKSIDE GRIND|MEASURE THICKNESS|BACKSIDE ETCH CLEAN|BACKSIDE RINSE|BACKSIDE DRY|BACKSIDE METALLIZATION PREP|DEPOSIT BACKSIDE METAL|BACKSIDE ANNEAL|MEASURE BACKSIDE CONTACT|FINAL CLEAN|ELECTRICAL PARAMETRIC TEST|LEAKAGE TEST|THRESHOLD VOLTAGE TEST|SWITCHING TEST|WAFER SORT TEST|YIELD ANALYSIS|LOT RELEASE|PACKAGE PREPARATION|COAT TEST|COAT TEST|COAT TEST|DEVELOP TEST|METAL ANALYSIS|VIA ETCH LOT|STRIP PHOTORESIST|CLEAN TEST|WAFER SORT TEST|ELECTRICAL ANALYSIS|SWITCHING TEST|WAFER SORT TEST|YIELD ANALYSIS|LOT FINAL LOT RELEASE|PACKAGE PREPARATION|PACKAGE PREPARATION|COAT TEST|COAT TEST|COAT TEST|DEVELOP TEST|PASSIVATION ANALYSIS|DIELECTRIC CHECK|STRIP RESIST|CLEAN YIELD ANALYSIS|LOT RELEASE|PACKAGE PREPARATION|SHIP LOT
valid_mosfet_0020_f80,DEVELOP PHOTORESIST|PASSIVATION ETCH|STRIP RESIST|CLEAN PAD OPENING|MEASURE PAD OPENING|BACKSIDE CLEAN|BACKSIDE GRIND|MEASURE THICKNESS|BACKSIDE ETCH CLEAN|BACKSIDE RINSE|BACKSIDE DRY|BACKSIDE METALLIZATION PREP|DEPOSIT BACKSIDE METAL|BACKSIDE ANNEAL|MEASURE BACKSIDE CONTACT|FINAL CLEAN|FINAL THICKNESS MEASURE|FINAL GEOMETRY CHECK|ELECTRICAL PARAMETRIC TEST|LEAKAGE TEST|THRESHOLD VOLTAGE TEST|SWITCHING TEST|WAFER SORT TEST|YIELD ANALYSIS|LOT|WAFER SORT TEST|LOT|ELECTRICAL PARAMETRIC TEST|WAFER SORT TEST|YIELD ANALYSIS|LOT|WAFER SORT TEST|ELECTRICAL ANALYSIS|WAFER SORT TEST|DEVELOP TEST|PASSIVATION TEST|DEVELOP TEST|METAL YIELD ANALYSIS|WAFER SORT TEST|STRIP ANALYSIS|CLEAN YIELD ANALYSIS|LOT RELEASE|PACKAGE PREPARATION|COAT TEST|COAT TEST|COAT TEST|WAFER SORT TEST|YIELD ANALYSIS|LOT LOT LOT LOT|WAFER SORT TEST|ELECTRICAL YIELD ANALYSIS|WAFER SORT TEST|LOT LOT|DENSIFY TEST|DENSIFY TEST|DENSIFY TEST
valid_mosfet_0021_f60,DEPOSIT METAL SEED|FILL VIA METAL|CMP METAL|DEPOSIT TOP METAL|ANNEAL METAL|SPIN COAT PHOTORESIST|SOFT BAKE|ALIGN MASK LEVEL 4|EXPOSE LITHO LEVEL 4|DEVELOP PHOTORESIST|METAL PATTERN INSPECTION|METAL ETCH|STRIP RESIST|CLEAN AFTER METAL ETCH|DEPOSIT PASSIVATION|CURE PASSIVATION|MEASURE PASSIVATION THICKNESS|OPEN PAD WINDOW|PAD WINDOW LITHO|DEVELOP PHOTORESIST|PASSIVATION ETCH|STRIP RESIST|CLEAN PAD OPENING|MEASURE PAD OPENING|BACKSIDE CLEAN|BACKSIDE GRIND|MEASURE THICKNESS|BACKSIDE ETCH CLEAN|BACKSIDE RINSE|BACKSIDE DRY|BACKSIDE METALLIZATION PREP|DEPOSIT BACKSIDE METAL|BACKSIDE ANNEAL|MEASURE BACKSIDE CONTACT|FINAL CLEAN|ELECTRICAL PARAMETRIC TEST|LEAKAGE TEST|THRESHOLD VOLTAGE TEST|SWITCHING TEST|WAFER SORT TEST|YIELD ANALYSIS|LOT|WAFER SORT TEST|LOT|ELECTRICAL ANALYSIS|COAT TEST|VIA|SWITCHING TEST|WAFER SORT TEST|YIELD ANALYSIS|LOT RELEASE|PACKAGE PREPARATION|COAT TEST|COAT TEST|BACKSIDE ANALYSIS|COAT TEST|WAFER SORT TEST|YIELD ANALYSIS|LOT RELEASE|PACKAGE PREPARATION|COAT TEST|WAFER SORT TEST|YIELD ANALYSIS|LOT LOT RELEASE|PACKAGE PREPARATION|COAT TEST|COAT TEST|COAT TEST|COAT TEST|SWITCHING TEST|WAFER SORT TEST|YIELD ANALYSIS|LOT LOT LOT LOT LOT|WAFER SORT TEST|CMP DIELECTRIC BAKE|DENSIFY TEST
valid_mosfet_0021_f80,STRIP RESIST|CLEAN PAD OPENING|MEASURE PAD OPENING|BACKSIDE CLEAN|BACKSIDE GRIND|MEASURE THICKNESS|BACKSIDE ETCH CLEAN|BACKSIDE RINSE|BACKSIDE DRY|BACKSIDE METALLIZATION PREP|DEPOSIT BACKSIDE METAL|BACKSIDE ANNEAL|MEASURE BACKSIDE CONTACT|FINAL CLEAN|YIELD ANALYSIS|WAFER SORT TEST|LOT|WAFER SORT TEST|YIELD ANALYSIS|LOT|WAFER SORT TEST|WAFER SORT TEST|YIELD ANALYSIS|LOT|LOT|PACKAGE PREPARATION|COAT TEST|COAT TEST|SWITCHING TEST|WAFER SORT TEST|YIELD ANALYSIS|LOT RELEASE|PACKAGE PREPARATION|SHIP LOT
valid_mosfet_0022_f60,DEPOSIT METAL SEED|FILL VIA METAL|CMP METAL|DEPOSIT METAL 1|ANNEAL METAL|SPIN COAT PHOTORESIST|SOFT BAKE|ALIGN MASK LEVEL 4|EXPOSE LITHO LEVEL 4|DEVELOP PHOTORESIST|METAL PATTERN INSPECTION|METAL ETCH|STRIP PHOTORESIST|CLEAN AFTER METAL ETCH|DEPOSIT PASSIVATION|CURE PASSIVATION|MEASURE PASSIVATION THICKNESS|OPEN PAD WINDOW|PAD WINDOW LITHO|DEVELOP PHOTORESIST|PASSIVATION ETCH|STRIP RESIST|CLEAN PAD OPENING|MEASURE PAD OPENING|BACKSIDE CLEAN|BACKSIDE GRIND|MEASURE THICKNESS|BACKSIDE ETCH CLEAN|BACKSIDE RINSE|BACKSIDE DRY|BACKSIDE METALLIZATION PREP|DEPOSIT BACKSIDE METAL|BACKSIDE ANNEAL|MEASURE BACKSIDE CONTACT|FINAL CLEAN|ELECTRICAL PARAMETRIC TEST|LEAKAGE TEST|THRESHOLD VOLTAGE TEST|SWITCHING TEST|WAFER SORT TEST|YIELD ANALYSIS|LOT|WAFER SORT TEST|LOT|ELECTRICAL ANALYSIS|COAT TEST|WAFER SORT TEST|YIELD ANALYSIS|LOT RELEASE|PACKAGE PREPARATION|COAT TEST|COAT TEST|COAT TEST|BACKSIDE ANALYSIS|SWITCHING TEST|WAFER SORT TEST|YIELD ANALYSIS|LOT RELEASE|PACKAGE PREPARATION|COAT TEST|WAFER SORT TEST|YIELD ANALYSIS|LOT RELEASE|PACKAGE PREPARATION|COAT TEST|COAT TEST|COAT TEST|SWITCHING TEST|WAFER SORT TEST|YIELD ANALYSIS|LOT LOT LOT LOT LOT|COAT SORT TEST|ELECTRICAL YIELD ANALYSIS|WAFER SORT TEST|LOT LOT LOT LOT LOT|WAFER SORT TEST|YIELD ANALYSIS|LOT LOT LOT LOT|DENSIFY TEST|DENSIFY TEST
valid_mosfet_0022_f80,STRIP PHOTORESIST|CLEAN PAD OPENING|MEASURE PAD OPENING|BACKSIDE CLEAN|BACKSIDE GRIND|MEASURE THICKNESS|BACKSIDE ETCH CLEAN|BACKSIDE RINSE|BACKSIDE DRY|BACKSIDE METALLIZATION PREP|DEPOSIT BACKSIDE METAL|BACKSIDE ANNEAL|MEASURE BACKSIDE CONTACT|FINAL CLEAN|YIELD ANALYSIS|WAFER SORT TEST|WAFER SORT TEST|YIELD ANALYSIS|LOT|WAFER SORT TEST|STRIP RESIST|CLEAN|CLEAN|WAFER SORT TEST|YIELD ANALYSIS|LOT|WAFER SORT TEST|LOT|ELECTRICAL TEST|WAFER SORT TEST|SWITCHING TEST|WAFER SORT TEST|YIELD ANALYSIS|LOT RELEASE|PACKAGE PREPARATION|COAT TEST|COAT TEST|COAT TEST|COAT TEST|WAFER SORT TEST|YIELD ANALYSIS|LOT RELEASE|PACKAGE PREPARATION|COAT TEST|COAT TEST|COAT TEST|COAT TEST|WAFER SORT TEST|YIELD ANALYSIS|LOT LOT LOT LOT RELEASE|SHIP LOT
valid_mosfet_0023_f60,CLEAN AFTER VIA ETCH|DEPOSIT BARRIER METAL|DEPOSIT METAL SEED|FILL VIA METAL|CMP METAL|DEPOSIT INTERLAYER DIELECTRIC WIDTH|ANNEAL METAL|SPIN COAT PHOTORESIST|SOFT BAKE|ALIGN MASK LEVEL 4|EXPOSE LITHO LEVEL 4|DEVELOP PHOTORESIST|METAL PATTERN INSPECTION|METAL ETCH|STRIP PHOTORESIST|CLEAN AFTER METAL ETCH|DEPOSIT PASSIVATION|CURE PASSIVATION|MEASURE PASSIVATION THICKNESS|OPEN PAD WINDOW|PAD WINDOW LITHO|DEVELOP PHOTORESIST|PASSIVATION ETCH|STRIP RESIST|CLEAN PAD OPENING|MEASURE PAD OPENING|BACKSIDE CLEAN|BACKSIDE GRIND|MEASURE THICKNESS|BACKSIDE ETCH CLEAN|BACKSIDE RINSE|BACKSIDE DRY|BACKSIDE METALLIZATION PREP|DEPOSIT BACKSIDE METAL|BACKSIDE ANNEAL|MEASURE BACKSIDE CONTACT|FINAL CLEAN|ELECTRICAL PARAMETRIC TEST|LEAKAGE TEST|WAFER SORT TEST|YIELD ANALYSIS|LOT|WAFER SORT TEST|WAFER SORT TEST|YIELD ANALYSIS|LOT RELEASE|COAT TEST|COAT TEST|COAT TEST|COAT TEST|SWITCHING TEST|WAFER SORT TEST|YIELD ANALYSIS|LOT RELEASE|PACKAGE PREPARATION|SHIP LOT
valid_mosfet_0023_f80,DEVELOP PHOTORESIST|PASSIVATION ETCH|STRIP PHOTORESIST|CLEAN PAD OPENING|MEASURE PAD OPENING|BACKSIDE CLEAN|BACKSIDE GRIND|MEASURE THICKNESS|BACKSIDE ETCH CLEAN|BACKSIDE RINSE|BACKSIDE DRY|BACKSIDE METALLIZATION PREP|DEPOSIT BACKSIDE METAL|BACKSIDE ANNEAL|MEASURE BACKSIDE CONTACT|FINAL CLEAN|FINAL THICKNESS MEASURE|FINAL GEOMETRY CHECK|ELECTRICAL PARAMETRIC TEST|LEAKAGE TEST|THRESHOLD VOLTAGE TEST|SWITCHING TEST|WAFER SORT TEST|YIELD ANALYSIS|LOT|WAFER SORT TEST|LOT|ELECTRICAL PARAMETRIC TEST|COAT TEST|SWITCHING TEST|WAFER SORT TEST|YIELD ANALYSIS|LOT RELEASE|PACKAGE PREPARATION|SHIP LOT
valid_mosfet_0024_f60,DEPOSIT BARRIER METAL|DEPOSIT METAL SEED|FILL VIA METAL|CMP METAL|DEPOSIT METAL 1|ANNEAL METAL|SPIN COAT PHOTORESIST|SOFT BAKE|ALIGN MASK LEVEL 4|EXPOSE LITHO LEVEL 4|DEVELOP PHOTORESIST|METAL PATTERN INSPECTION|METAL ETCH|STRIP RESIST|CLEAN AFTER METAL ETCH|DEPOSIT PASSIVATION|CURE PASSIVATION|MEASURE PASSIVATION THICKNESS|OPEN PAD WINDOW|PAD WINDOW LITHO|DEVELOP PHOTORESIST|PASSIVATION ETCH|STRIP RESIST|CLEAN PAD OPENING|MEASURE PAD OPENING|BACKSIDE CLEAN|BACKSIDE GRIND|MEASURE THICKNESS|BACKSIDE ETCH CLEAN|BACKSIDE RINSE|BACKSIDE DRY|BACKSIDE METALLIZATION PREP|DEPOSIT BACKSIDE METAL|BACKSIDE ANNEAL|MEASURE BACKSIDE CONTACT|FINAL CLEAN|ELECTRICAL PARAMETRIC TEST|LEAKAGE TEST|WAFER SORT TEST|YIELD ANALYSIS|LOT|WAFER SORT TEST|WAFER SORT TEST|YIELD ANALYSIS|LOT RELEASE|PACKAGE PREPARATION|COAT TEST|COAT TEST|COAT TEST|SWITCHING TEST|WAFER SORT TEST|YIELD ANALYSIS|LOT RELEASE|PACKAGE PREPARATION|SHIP LOT
valid_mosfet_0024_f80,STRIP RESIST|CLEAN PAD OPENING|MEASURE PAD OPENING|BACKSIDE CLEAN|BACKSIDE GRIND|MEASURE THICKNESS|BACKSIDE ETCH CLEAN|BACKSIDE RINSE|BACKSIDE DRY|BACKSIDE METALLIZATION PREP|DEPOSIT BACKSIDE METAL|BACKSIDE ANNEAL|MEASURE BACKSIDE CONTACT|FINAL CLEAN|ELECTRICAL PARAMETRIC TEST|LEAKAGE TEST|THRESHOLD VOLTAGE TEST|SWITCHING TEST|WAFER SORT TEST|YIELD ANALYSIS|LOT|WAFER SORT TEST|THROUGH DIELECTRIC|PARTICLE INSPECTION|WAFER SORT TEST|YIELD ANALYSIS|LOT RELEASE|PACKAGE PREPARATION|SHIP LOT
valid_mosfet_0025_f60,DEPOSIT BARRIER METAL|DEPOSIT METAL SEED|FILL VIA METAL|CMP METAL|DEPOSIT METAL 1|ANNEAL METAL|SPIN COAT PHOTORESIST|SOFT BAKE|ALIGN MASK LEVEL 4|EXPOSE LITHO LEVEL 4|DEVELOP PHOTORESIST|METAL PATTERN INSPECTION|METAL ETCH|STRIP PHOTORESIST|CLEAN AFTER METAL ETCH|DEPOSIT PASSIVATION|CURE PASSIVATION|MEASURE PASSIVATION THICKNESS|OPEN PAD WINDOW|PAD WINDOW LITHO|DEVELOP PHOTORESIST|PASSIVATION ETCH|STRIP RESIST|CLEAN PAD OPENING|MEASURE PAD OPENING|BACKSIDE CLEAN|BACKSIDE GRIND|MEASURE THICKNESS|BACKSIDE ETCH CLEAN|BACKSIDE RINSE|BACKSIDE DRY|BACKSIDE METALLIZATION PREP|DEPOSIT BACKSIDE METAL|BACKSIDE ANNEAL|MEASURE BACKSIDE CONTACT|FINAL CLEAN|FINAL THICKNESS MEASURE|FINAL GEOMETRY CHECK|YIELD ANALYSIS|WAFER SORT TEST|LOT|WAFER SORT TEST|YIELD ANALYSIS|LOT|WAFER SORT TEST|WAFER SORT TEST|YIELD ANALYSIS|LOT|WAFER SORT TEST|LOT|ELECTRICAL TEST|WAFER SORT TEST|YIELD ANALYSIS|LOT RELEASE|PACKAGE PREPARATION|COAT TEST|COAT TEST|COAT TEST|COAT TEST|WAFER SORT TEST|YIELD ANALYSIS|LOT LOT LOT LOT RELEASE|SHIP LOT
valid_mosfet_0025_f80,STRIP RESIST|CLEAN PAD OPENING|MEASURE PAD OPENING|BACKSIDE CLEAN|BACKSIDE GRIND|MEASURE THICKNESS|BACKSIDE ETCH CLEAN|BACKSIDE RINSE|BACKSIDE DRY|BACKSIDE METALLIZATION PREP|DEPOSIT BACKSIDE METAL|BACKSIDE ANNEAL|MEASURE BACKSIDE CONTACT|FINAL CLEAN|FINAL THICKNESS MEASURE|FINAL GEOMETRY CHECK|ELECTRICAL PARAMETRIC TEST|LEAKAGE TEST|THRESHOLD VOLTAGE TEST|SWITCHING TEST|WAFER SORT TEST|YIELD ANALYSIS|LOT|WAFER SORT TEST|LOT|COAT TEST|COAT TEST|COAT TEST|SWITCHING TEST|WAFER SORT TEST|YIELD ANALYSIS|LOT RELEASE|PACKAGE PREPARATION|SHIP LOT
valid_mosfet_0026_f60,DEPOSIT BARRIER METAL|DEPOSIT METAL SEED|FILL VIA METAL|CMP METAL|DEPOSIT TOP METAL|ANNEAL METAL|SPIN COAT PHOTORESIST|SOFT BAKE|ALIGN MASK LEVEL 4|EXPOSE LITHO LEVEL 4|DEVELOP PHOTORESIST|METAL PATTERN INSPECTION|METAL ETCH|STRIP PHOTORESIST|CLEAN AFTER METAL ETCH|DEPOSIT PASSIVATION|CURE PASSIVATION|MEASURE PASSIVATION THICKNESS|OPEN PAD WINDOW|PAD WINDOW LITHO|DEVELOP PHOTORESIST|PASSIVATION ETCH|STRIP RESIST|CLEAN PAD OPENING|MEASURE PAD OPENING|BACKSIDE CLEAN|BACKSIDE GRIND|MEASURE THICKNESS|BACKSIDE ETCH CLEAN|BACKSIDE RINSE|BACKSIDE DRY|BACKSIDE METALLIZATION PREP|DEPOSIT BACKSIDE METAL|BACKSIDE ANNEAL|MEASURE BACKSIDE CONTACT|FINAL CLEAN|ELECTRICAL PARAMETRIC TEST|LEAKAGE TEST|THRESHOLD VOLTAGE TEST|SWITCHING TEST|WAFER SORT TEST|YIELD ANALYSIS|LOT RELEASE|COAT TEST|COAT TEST|COAT TEST|COAT TEST|DEVELOP TEST|METAL THRESHOLD VOLTAGE TEST|SWITCHING TEST|WAFER SORT TEST|YIELD ANALYSIS|LOT FINAL LOT FINAL LOT|WAFER SORT TEST|COAT TEST|SWITCHING TEST|WAFER SORT TEST|YIELD ANALYSIS|LOT LOT RELEASE|PACKAGE PREPARATION|SHIP LOT
valid_mosfet_0026_f80,STRIP RESIST|CLEAN PAD OPENING|MEASURE PAD OPENING|BACKSIDE CLEAN|BACKSIDE GRIND|MEASURE THICKNESS|BACKSIDE ETCH CLEAN|BACKSIDE RINSE|BACKSIDE DRY|BACKSIDE METALLIZATION PREP|DEPOSIT BACKSIDE METAL|BACKSIDE ANNEAL|MEASURE BACKSIDE CONTACT|FINAL CLEAN|FINAL THICKNESS MEASURE|ELECTRICAL PARAMETRIC TEST|LEAKAGE TEST|THRESHOLD VOLTAGE TEST|SWITCHING TEST|WAFER SORT TEST|YIELD ANALYSIS|LOT|WAFER SORT TEST|LOT|ELECTRICAL ANALYSIS|WAFER SORT TEST|YIELD ANALYSIS|LOT|WAFER SORT TEST|LOT|ELECTRICAL ANALYSIS|WAFER SORT TEST|SWITCHING TEST|WAFER SORT TEST|YIELD ANALYSIS|LOT RELEASE|PACKAGE PREPARATION|COAT TEST|COAT TEST|COAT TEST|COAT TEST|WAFER SORT TEST|YIELD ANALYSIS|LOT LOT LOT LOT LOT|WAFER SORT TEST|ELECTRICAL YIELD ANALYSIS|WAFER SORT TEST|LOT FINAL YIELD ANALYSIS|WAFER SORT TEST|LOT LOT LOT LOT LOT|COAT ANALYSIS|DENSIFY TEST|DENSIFY TEST|DENSIFY TEST|DENSIFY TEST
valid_mosfet_0027_f60,DEPOSIT BARRIER METAL|DEPOSIT METAL SEED|FILL VIA METAL|CMP METAL|DEPOSIT METAL 1|ANNEAL METAL|SPIN COAT PHOTORESIST|SOFT BAKE|ALIGN MASK LEVEL 4|EXPOSE LITHO LEVEL 4|DEVELOP PHOTORESIST|METAL PATTERN INSPECTION|METAL ETCH|STRIP PHOTORESIST|CLEAN AFTER METAL ETCH|DEPOSIT PASSIVATION|CURE PASSIVATION|MEASURE PASSIVATION THICKNESS|OPEN PAD WINDOW|PAD WINDOW LITHO|DEVELOP PHOTORESIST|PASSIVATION ETCH|STRIP RESIST|CLEAN PAD OPENING|MEASURE PAD OPENING|BACKSIDE CLEAN|BACKSIDE GRIND|MEASURE THICKNESS|BACKSIDE ETCH CLEAN|BACKSIDE RINSE|BACKSIDE DRY|BACKSIDE METALLIZATION PREP|DEPOSIT BACKSIDE METAL|BACKSIDE ANNEAL|MEASURE BACKSIDE CONTACT|FINAL CLEAN|ELECTRICAL PARAMETRIC TEST|LEAKAGE TEST|THRESHOLD VOLTAGE TEST|SWITCHING TEST|WAFER SORT TEST|YIELD ANALYSIS|LOT|WAFER SORT TEST|ELECTRICAL PARAMETRIC TEST|SWITCHING TEST|WAFER SORT TEST|YIELD ANALYSIS|LOT RELEASE|PACKAGE PREPARATION|COAT TEST|COAT TEST|COAT TEST|SWITCHING TEST|WAFER SORT TEST|YIELD ANALYSIS|LOT RELEASE|PACKAGE PREPARATION|SHIP LOT
valid_mosfet_0027_f80,PASSIVATION ETCH|STRIP PHOTORESIST|CLEAN PAD OPENING|MEASURE PAD OPENING|BACKSIDE CLEAN|BACKSIDE GRIND|MEASURE THICKNESS|BACKSIDE ETCH CLEAN|BACKSIDE RINSE|BACKSIDE DRY|BACKSIDE METALLIZATION PREP|DEPOSIT BACKSIDE METAL|BACKSIDE ANNEAL|MEASURE BACKSIDE CONTACT|FINAL CLEAN|FINAL THICKNESS MEASURE|FINAL GEOMETRY CHECK|ELECTRICAL PARAMETRIC TEST|LEAKAGE TEST|THRESHOLD VOLTAGE TEST|SWITCHING TEST|WAFER SORT TEST|YIELD ANALYSIS|LOT|WAFER SORT TEST|LOT|PARTICLE INSPECTION|WAFER SORT TEST|YIELD ANALYSIS|LOT|WAFER SORT TEST|LOT|COAT TEST|COAT TEST|COAT TEST|SWITCHING TEST|WAFER SORT TEST|YIELD ANALYSIS|LOT RELEASE|COAT TEST|SHIP LOT
valid_mosfet_0028_f60,DEPOSIT BARRIER METAL|DEPOSIT METAL SEED|FILL VIA METAL|CMP METAL|DEPOSIT METAL 1|ANNEAL METAL|SPIN COAT PHOTORESIST|SOFT BAKE|ALIGN MASK LEVEL 4|EXPOSE LITHO LEVEL 4|DEVELOP PHOTORESIST|METAL PATTERN INSPECTION|METAL ETCH|STRIP PHOTORESIST|CLEAN AFTER METAL ETCH|DEPOSIT PASSIVATION|CURE PASSIVATION|MEASURE PASSIVATION THICKNESS|OPEN PAD WINDOW|PAD WINDOW LITHO|DEVELOP PHOTORESIST|PASSIVATION ETCH|STRIP RESIST|CLEAN PAD OPENING|MEASURE PAD OPENING|BACKSIDE CLEAN|BACKSIDE GRIND|MEASURE THICKNESS|BACKSIDE ETCH CLEAN|BACKSIDE RINSE|BACKSIDE DRY|BACKSIDE METALLIZATION PREP|DEPOSIT BACKSIDE METAL|BACKSIDE ANNEAL|MEASURE BACKSIDE CONTACT|FINAL CLEAN|ELECTRICAL PARAMETRIC TEST|LEAKAGE TEST|WAFER SORT TEST|YIELD ANALYSIS|LOT|WAFER SORT TEST|WAFER SORT TEST|YIELD ANALYSIS|LOT|WAFER SORT TEST|ELECTRICAL ANALYSIS|DEPOSIT THRESHOLD VOLTAGE TEST|SWITCHING TEST|WAFER SORT TEST|YIELD ANALYSIS|LOT RELEASE|PACKAGE PREPARATION|COAT TEST|COAT TEST|COAT TEST|COAT TEST|WAFER SORT TEST|YIELD ANALYSIS|LOT LOT LOT RELEASE|PACKAGE PREPARATION|SHIP LOT
valid_mosfet_0028_f80,PASSIVATION ETCH|STRIP PHOTORESIST|CLEAN PAD OPENING|MEASURE PAD OPENING|BACKSIDE CLEAN|BACKSIDE GRIND|MEASURE THICKNESS|BACKSIDE ETCH CLEAN|BACKSIDE RINSE|BACKSIDE DRY|BACKSIDE METALLIZATION PREP|DEPOSIT BACKSIDE METAL|BACKSIDE ANNEAL|MEASURE BACKSIDE CONTACT|FINAL CLEAN|YIELD ANALYSIS|WAFER SORT TEST|LOT|WAFER SORT TEST|YIELD ANALYSIS|LOT|WAFER SORT TEST|STRIP PHOTORESIST|CLEAN|CLEAN|WAFER SORT TEST|YIELD ANALYSIS|LOT|WAFER SORT TEST|LOT|ELECTRICAL PARAMETRIC TEST|SWITCHING TEST|WAFER SORT TEST|YIELD ANALYSIS|LOT RELEASE|PACKAGE PREPARATION|COAT TEST|COAT TEST|COAT TEST|COAT TEST|WAFER SORT TEST|YIELD ANALYSIS|LOT RELEASE|PACKAGE PREPARATION|COAT TEST|COAT TEST|COAT TEST|COAT TEST|SWITCHING TEST|WAFER SORT TEST|YIELD ANALYSIS|LOT RELEASE|SHIP LOT
valid_mosfet_0029_f60,CLEAN AFTER VIA ETCH|DEPOSIT BARRIER METAL|DEPOSIT METAL SEED|FILL VIA METAL|CMP METAL|DEPOSIT METAL 1|ANNEAL METAL|SPIN COAT PHOTORESIST|SOFT BAKE|ALIGN MASK LEVEL 4|EXPOSE LITHO LEVEL 4|DEVELOP PHOTORESIST|METAL PATTERN INSPECTION|METAL ETCH|STRIP PHOTORESIST|CLEAN AFTER METAL ETCH|DEPOSIT PASSIVATION|CURE PASSIVATION|MEASURE PASSIVATION THICKNESS|OPEN PAD WINDOW|PAD WINDOW LITHO|DEVELOP PHOTORESIST|PASSIVATION ETCH|STRIP RESIST|CLEAN PAD OPENING|MEASURE PAD OPENING|BACKSIDE CLEAN|BACKSIDE GRIND|MEASURE THICKNESS|BACKSIDE ETCH CLEAN|BACKSIDE RINSE|BACKSIDE DRY|BACKSIDE METALLIZATION PREP|DEPOSIT BACKSIDE METAL|BACKSIDE ANNEAL|MEASURE BACKSIDE CONTACT|FINAL CLEAN|ELECTRICAL PARAMETRIC TEST|LEAKAGE TEST|WAFER SORT TEST|YIELD ANALYSIS|LOT|WAFER SORT TEST|WAFER SORT TEST|YIELD ANALYSIS|LOT RELEASE|PACKAGE PREPARATION|COAT TEST|COAT TEST|COAT TEST|SWITCHING TEST|WAFER SORT TEST|YIELD ANALYSIS|LOT RELEASE|PACKAGE PREPARATION|SHIP LOT
valid_mosfet_0029_f80,PASSIVATION ETCH|STRIP RESIST|CLEAN PAD OPENING|MEASURE PAD OPENING|BACKSIDE CLEAN|BACKSIDE GRIND|MEASURE THICKNESS|BACKSIDE ETCH CLEAN|BACKSIDE RINSE|BACKSIDE DRY|BACKSIDE METALLIZATION PREP|DEPOSIT BACKSIDE METAL|BACKSIDE ANNEAL|MEASURE BACKSIDE CONTACT|FINAL CLEAN|FINAL THICKNESS MEASURE|FINAL GEOMETRY CHECK|ELECTRICAL PARAMETRIC TEST|LEAKAGE TEST|THRESHOLD VOLTAGE TEST|SWITCHING TEST|WAFER SORT TEST|YIELD ANALYSIS|LOT|WAFER SORT TEST|LOT|PARTICLE INSPECTION|WAFER SORT TEST|YIELD ANALYSIS|LOT|WAFER SORT TEST|LOT|COAT TEST|COAT TEST|COAT TEST|SWITCHING TEST|WAFER SORT TEST|YIELD ANALYSIS|LOT RELEASE|PACKAGE PREPARATION|COAT TEST|COAT TEST|COAT TEST|COAT TEST|WAFER SORT TEST|YIELD ANALYSIS|LOT WAFER SORT TEST|DIELECTRIC CHECK|RAPID EXPOSE BAKE|DEVELOP SORT TEST|VIA|DIELECTRIC CHECK|DIELECTRIC CHECK|VIA
valid_mosfet_0030_f60,DEPOSIT BARRIER METAL|DEPOSIT METAL SEED|FILL VIA METAL|CMP METAL|DEPOSIT METAL 1|ANNEAL METAL|SPIN COAT PHOTORESIST|SOFT BAKE|ALIGN MASK LEVEL 4|EXPOSE LITHO LEVEL 4|DEVELOP PHOTORESIST|METAL PATTERN INSPECTION|METAL ETCH|STRIP RESIST|CLEAN AFTER METAL ETCH|DEPOSIT PASSIVATION|CURE PASSIVATION|MEASURE PASSIVATION THICKNESS|OPEN PAD WINDOW|PAD WINDOW LITHO|DEVELOP PHOTORESIST|PASSIVATION ETCH|STRIP RESIST|CLEAN PAD OPENING|MEASURE PAD OPENING|BACKSIDE CLEAN|BACKSIDE GRIND|MEASURE THICKNESS|BACKSIDE ETCH CLEAN|BACKSIDE RINSE|BACKSIDE DRY|BACKSIDE METALLIZATION PREP|DEPOSIT BACKSIDE METAL|BACKSIDE ANNEAL|MEASURE BACKSIDE CONTACT|FINAL CLEAN|ELECTRICAL PARAMETRIC TEST|LEAKAGE TEST|WAFER SORT TEST|YIELD ANALYSIS|LOT|WAFER SORT TEST|WAFER SORT TEST|YIELD ANALYSIS|LOT RELEASE|COAT TEST|COAT TEST|COAT TEST|COAT TEST|SWITCHING TEST|WAFER SORT TEST|YIELD ANALYSIS|LOT RELEASE|PACKAGE PREPARATION|SHIP LOT
valid_mosfet_0030_f80,PASSIVATION ETCH|STRIP RESIST|CLEAN PAD OPENING|MEASURE PAD OPENING|BACKSIDE CLEAN|BACKSIDE GRIND|MEASURE THICKNESS|BACKSIDE ETCH CLEAN|BACKSIDE RINSE|BACKSIDE DRY|BACKSIDE METALLIZATION PREP|DEPOSIT BACKSIDE METAL|BACKSIDE ANNEAL|MEASURE BACKSIDE CONTACT|FINAL CLEAN|FINAL THICKNESS MEASURE|FINAL GEOMETRY CHECK|ELECTRICAL PARAMETRIC TEST|LEAKAGE TEST|THRESHOLD VOLTAGE TEST|SWITCHING TEST|WAFER SORT TEST|YIELD ANALYSIS|LOT|WAFER SORT TEST|LOT|ELECTRICAL PARAMETRIC TEST|WAFER SORT TEST|YIELD ANALYSIS|LOT|WAFER SORT TEST|LOT|ELECTRICAL ANALYSIS|WAFER SORT TEST|YIELD ANALYSIS|LOT RELEASE|PACKAGE PREPARATION|COAT TEST|COAT TEST|WAFER SORT TEST|YIELD ANALYSIS|LOT LOT LOT LOT LOT|WAFER SORT TEST|ELECTRICAL YIELD ANALYSIS|WAFER SORT TEST|LOT LOT|COAT TEST|WAFER SORT TEST|YIELD ANALYSIS|LOT LOT LOT LOT LOT|WAFER SORT TEST|YIELD ANALYSIS|LOT LOT LOT LOT LOT|DENSIFY TEST
valid_mosfet_0031_f60,DEPOSIT BARRIER METAL|DEPOSIT METAL SEED|FILL VIA METAL|CMP METAL|DEPOSIT TOP METAL|ANNEAL METAL|SPIN COAT PHOTORESIST|SOFT BAKE|ALIGN MASK LEVEL 4|EXPOSE LITHO LEVEL 4|DEVELOP PHOTORESIST|METAL PATTERN INSPECTION|METAL ETCH|STRIP PHOTORESIST|CLEAN AFTER METAL ETCH|DEPOSIT PASSIVATION|CURE PASSIVATION|MEASURE PASSIVATION THICKNESS|OPEN PAD WINDOW|PAD WINDOW LITHO|DEVELOP PHOTORESIST|PASSIVATION ETCH|STRIP RESIST|CLEAN PAD OPENING|MEASURE PAD OPENING|BACKSIDE CLEAN|BACKSIDE GRIND|MEASURE THICKNESS|BACKSIDE ETCH CLEAN|BACKSIDE RINSE|BACKSIDE DRY|BACKSIDE METALLIZATION PREP|DEPOSIT BACKSIDE METAL|BACKSIDE ANNEAL|MEASURE BACKSIDE CONTACT|FINAL CLEAN|ELECTRICAL PARAMETRIC TEST|LEAKAGE TEST|WAFER SORT TEST|YIELD ANALYSIS|LOT|WAFER SORT TEST|WAFER SORT TEST|YIELD ANALYSIS|LOT RELEASE|PACKAGE PREPARATION|COAT TEST|COAT TEST|COAT TEST|SWITCHING TEST|WAFER SORT TEST|YIELD ANALYSIS|LOT RELEASE|PACKAGE PREPARATION|SHIP LOT
valid_mosfet_0031_f80,PASSIVATION ETCH|STRIP RESIST|CLEAN PAD OPENING|MEASURE PAD OPENING|BACKSIDE CLEAN|BACKSIDE GRIND|MEASURE THICKNESS|BACKSIDE ETCH CLEAN|BACKSIDE RINSE|BACKSIDE DRY|BACKSIDE METALLIZATION PREP|DEPOSIT BACKSIDE METAL|BACKSIDE ANNEAL|MEASURE BACKSIDE CONTACT|FINAL CLEAN|FINAL THICKNESS MEASURE|FINAL GEOMETRY CHECK|ELECTRICAL PARAMETRIC TEST|LEAKAGE TEST|THRESHOLD VOLTAGE TEST|SWITCHING TEST|WAFER SORT TEST|YIELD ANALYSIS|LOT|WAFER SORT TEST|LOT|PARTICLE INSPECTION|WAFER SORT TEST|YIELD ANALYSIS|LOT|WAFER SORT TEST|LOT|COAT TEST|WAFER SORT TEST|YIELD ANALYSIS|LOT RELEASE|PACKAGE PREPARATION|COAT TEST|COAT TEST|COAT TEST|WAFER SORT TEST|YIELD ANALYSIS|LOT RELEASE|PACKAGE PREPARATION|COAT TEST|COAT TEST|COAT TEST|COAT TEST|WAFER SORT TEST|YIELD ANALYSIS|LOT LOT LOT LOT LOT|WAFER SORT TEST|ELECTRICAL YIELD ANALYSIS|WAFER SORT TEST|LOT LOT LOT LOT LOT
valid_mosfet_0032_f60,DEPOSIT BARRIER METAL|DEPOSIT METAL SEED|FILL VIA METAL|CMP METAL|DEPOSIT METAL 1|ANNEAL METAL|SPIN COAT PHOTORESIST|SOFT BAKE|ALIGN MASK LEVEL 4|EXPOSE LITHO LEVEL 4|DEVELOP PHOTORESIST|METAL PATTERN INSPECTION|METAL ETCH|STRIP RESIST|CLEAN AFTER METAL ETCH|DEPOSIT PASSIVATION|CURE PASSIVATION|MEASURE PASSIVATION THICKNESS|OPEN PAD WINDOW|PAD WINDOW LITHO|DEVELOP PHOTORESIST|PASSIVATION ETCH|STRIP RESIST|CLEAN PAD OPENING|MEASURE PAD OPENING|BACKSIDE CLEAN|BACKSIDE GRIND|MEASURE THICKNESS|BACKSIDE ETCH CLEAN|BACKSIDE RINSE|BACKSIDE DRY|BACKSIDE METALLIZATION PREP|DEPOSIT BACKSIDE METAL|BACKSIDE ANNEAL|MEASURE BACKSIDE CONTACT|FINAL CLEAN|ELECTRICAL PARAMETRIC TEST|LEAKAGE TEST|WAFER SORT TEST|YIELD ANALYSIS|LOT|WAFER SORT TEST|PARTICLE INSPECTION|WAFER SORT TEST|YIELD ANALYSIS|LOT RELEASE|PACKAGE PREPARATION|COAT TEST|COAT TEST|COAT TEST|SWITCHING TEST|WAFER SORT TEST|YIELD ANALYSIS|LOT|WAFER SORT TEST|ELECTRICAL ANALYSIS|WAFER SORT TEST|SWITCHING TEST|WAFER SORT TEST|YIELD ANALYSIS|LOT RELEASE|PACKAGE PREPARATION|COAT TEST|COAT TEST|COAT TEST|COAT TEST|WAFER SORT TEST|YIELD ANALYSIS|LOT RELEASE|SHIP LOT
valid_mosfet_0032_f80,STRIP RESIST|CLEAN PAD OPENING|MEASURE PAD OPENING|BACKSIDE CLEAN|BACKSIDE GRIND|MEASURE THICKNESS|BACKSIDE ETCH CLEAN|BACKSIDE RINSE|BACKSIDE DRY|BACKSIDE METALLIZATION PREP|DEPOSIT BACKSIDE METAL|BACKSIDE ANNEAL|MEASURE BACKSIDE CONTACT|FINAL CLEAN|YIELD ANALYSIS|WAFER SORT TEST|LOT|WAFER SORT TEST|YIELD ANALYSIS|LOT|WAFER SORT TEST|WAFER SORT TEST|YIELD ANALYSIS|LOT RELEASE|PACKAGE PREPARATION|COAT TEST|COAT TEST|COAT TEST|SWITCHING TEST|WAFER SORT TEST|YIELD ANALYSIS|LOT RELEASE|PACKAGE PREPARATION|SHIP LOT
valid_mosfet_0033_f60,DEPOSIT BARRIER METAL|DEPOSIT METAL SEED|FILL VIA METAL|CMP METAL|DEPOSIT METAL 1|ANNEAL METAL|SPIN COAT PHOTORESIST|SOFT BAKE|ALIGN MASK LEVEL 4|EXPOSE LITHO LEVEL 4|DEVELOP PHOTORESIST|METAL PATTERN INSPECTION|METAL ETCH|STRIP RESIST|CLEAN AFTER METAL ETCH|DEPOSIT PASSIVATION|CURE PASSIVATION|MEASURE PASSIVATION THICKNESS|OPEN PAD WINDOW|PAD WINDOW LITHO|DEVELOP PHOTORESIST|PASSIVATION ETCH|STRIP RESIST|CLEAN PAD OPENING|MEASURE PAD OPENING|BACKSIDE CLEAN|BACKSIDE GRIND|MEASURE THICKNESS|BACKSIDE ETCH CLEAN|BACKSIDE RINSE|BACKSIDE DRY|BACKSIDE METALLIZATION PREP|DEPOSIT BACKSIDE METAL|BACKSIDE ANNEAL|MEASURE BACKSIDE CONTACT|FINAL CLEAN|ELECTRICAL PARAMETRIC TEST|LEAKAGE TEST|WAFER SORT TEST|YIELD ANALYSIS|LOT|WAFER SORT TEST|WAFER SORT TEST|YIELD ANALYSIS|LOT RELEASE|PACKAGE PREPARATION|COAT TEST|COAT TEST|COAT TEST|SWITCHING TEST|WAFER SORT TEST|YIELD ANALYSIS|LOT RELEASE|PACKAGE PREPARATION|SHIP LOT
valid_mosfet_0033_f80,PASSIVATION ETCH|STRIP PHOTORESIST|CLEAN PAD OPENING|MEASURE PAD OPENING|BACKSIDE CLEAN|BACKSIDE GRIND|MEASURE THICKNESS|BACKSIDE ETCH CLEAN|BACKSIDE RINSE|BACKSIDE DRY|BACKSIDE METALLIZATION PREP|DEPOSIT BACKSIDE METAL|BACKSIDE ANNEAL|MEASURE BACKSIDE CONTACT|FINAL CLEAN|FINAL THICKNESS MEASURE|FINAL GEOMETRY CHECK|ELECTRICAL PARAMETRIC TEST|LEAKAGE TEST|THRESHOLD VOLTAGE TEST|SWITCHING TEST|WAFER SORT TEST|YIELD ANALYSIS|LOT|WAFER SORT TEST|LOT|ELECTRICAL PARAMETRIC TEST|WAFER SORT TEST|YIELD ANALYSIS|LOT|WAFER SORT TEST|LOT|ELECTRICAL ANALYSIS|WAFER SORT TEST|YIELD ANALYSIS|LOT RELEASE|PACKAGE PREPARATION|COAT TEST|COAT TEST|WAFER SORT TEST|YIELD ANALYSIS|LOT RELEASE|PACKAGE PREPARATION|COAT TEST|COAT TEST|COAT TEST|COAT TEST|DEVELOP SORT TEST|DIELECTRIC CHECK|DIELECTRIC CHECK|VIA|DIELECTRIC CHECK|RAPID EXPOSE BAKE|DEVELOP SORT TEST|VIA
valid_mosfet_0034_f60,DEPOSIT BARRIER METAL|DEPOSIT METAL SEED|FILL VIA METAL|CMP METAL|MEASURE CONTACT RESISTANCE|DEPOSIT TOP METAL|ANNEAL METAL|SPIN COAT PHOTORESIST|SOFT BAKE|ALIGN MASK LEVEL 4|EXPOSE LITHO LEVEL 4|DEVELOP PHOTORESIST|METAL PATTERN INSPECTION|METAL ETCH|STRIP PHOTORESIST|CLEAN AFTER METAL ETCH|DEPOSIT PASSIVATION|CURE PASSIVATION|MEASURE PASSIVATION THICKNESS|OPEN PAD WINDOW|PAD WINDOW LITHO|DEVELOP PHOTORESIST|PASSIVATION ETCH|STRIP RESIST|CLEAN PAD OPENING|MEASURE PAD OPENING|BACKSIDE CLEAN|BACKSIDE GRIND|MEASURE THICKNESS|BACKSIDE ETCH CLEAN|BACKSIDE RINSE|BACKSIDE DRY|BACKSIDE METALLIZATION PREP|DEPOSIT BACKSIDE METAL|BACKSIDE ANNEAL|MEASURE BACKSIDE CONTACT|FINAL CLEAN|ELECTRICAL PARAMETRIC TEST|LEAKAGE TEST|THRESHOLD VOLTAGE TEST|SWITCHING TEST|WAFER SORT TEST|YIELD ANALYSIS|LOT RELEASE|PACKAGE PREPARATION|COAT TEST|COAT TEST|DENSIFY TEST|SWITCHING TEST|WAFER SORT TEST|YIELD ANALYSIS|LOT RELEASE|PACKAGE PREPARATION|SHIP LOT
valid_mosfet_0034_f80,STRIP RESIST|CLEAN PAD OPENING|MEASURE PAD OPENING|BACKSIDE CLEAN|BACKSIDE GRIND|MEASURE THICKNESS|BACKSIDE ETCH CLEAN|BACKSIDE RINSE|BACKSIDE DRY|BACKSIDE METALLIZATION PREP|DEPOSIT BACKSIDE METAL|BACKSIDE ANNEAL|MEASURE BACKSIDE CONTACT|FINAL CLEAN|YIELD ANALYSIS|WAFER SORT TEST|LOT|WAFER SORT TEST|YIELD ANALYSIS|LOT|WAFER SORT TEST|STRIP RESIST|CLEAN|CLEAN|WAFER SORT TEST|YIELD ANALYSIS|LOT|WAFER SORT TEST|LOT|ELECTRICAL PARAMETRIC TEST|SWITCHING TEST|WAFER SORT TEST|YIELD ANALYSIS|LOT RELEASE|PACKAGE PREPARATION|COAT TEST|COAT TEST|COAT TEST|COAT TEST|WAFER SORT TEST|YIELD ANALYSIS|LOT RELEASE|PACKAGE PREPARATION|COAT TEST|COAT TEST|COAT TEST|COAT TEST|WAFER SORT TEST|YIELD ANALYSIS|LOT LOT LOT LOT RELEASE|SHIP LOT
valid_mosfet_0035_f60,DEPOSIT BARRIER METAL|DEPOSIT METAL SEED|FILL VIA METAL|CMP METAL|DEPOSIT METAL 1|ANNEAL METAL|SPIN COAT PHOTORESIST|SOFT BAKE|ALIGN MASK LEVEL 4|EXPOSE LITHO LEVEL 4|DEVELOP PHOTORESIST|METAL PATTERN INSPECTION|METAL ETCH|STRIP RESIST|CLEAN AFTER METAL ETCH|DEPOSIT PASSIVATION|CURE PASSIVATION|MEASURE PASSIVATION THICKNESS|OPEN PAD WINDOW|PAD WINDOW LITHO|DEVELOP PHOTORESIST|PASSIVATION ETCH|STRIP RESIST|CLEAN PAD OPENING|MEASURE PAD OPENING|BACKSIDE CLEAN|BACKSIDE GRIND|MEASURE THICKNESS|BACKSIDE ETCH CLEAN|BACKSIDE RINSE|BACKSIDE DRY|BACKSIDE METALLIZATION PREP|DEPOSIT BACKSIDE METAL|BACKSIDE ANNEAL|MEASURE BACKSIDE CONTACT|FINAL CLEAN|FINAL THICKNESS MEASURE|ELECTRICAL PARAMETRIC TEST|LEAKAGE TEST|THRESHOLD VOLTAGE TEST|SWITCHING TEST|WAFER SORT TEST|YIELD ANALYSIS|LOT|WAFER SORT TEST|LOT|ELECTRICAL ANALYSIS|WAFER SORT TEST|YIELD ANALYSIS|LOT|WAFER SORT TEST|ELECTRICAL ANALYSIS|DENSIFY TEST|SWITCHING TEST|WAFER SORT TEST|YIELD ANALYSIS|LOT RELEASE|PACKAGE PREPARATION|COAT TEST|COAT TEST|COAT TEST|COAT TEST|WAFER SORT TEST|YIELD ANALYSIS|LOT LOT LOT LOT RELEASE|COAT TEST|COAT TEST|COAT TEST|COAT TEST|DENSIFY TEST|CMP DIELECTRIC CHECK|DEVELOP SORT TEST|DIELECTRIC CHECK|VIA|DIELECTRIC BAKE|DIELECTRIC BAKE|DIELECTRIC CHECK|RAPID EXPOSE BAKE
valid_mosfet_0035_f80,PASSIVATION ETCH|STRIP RESIST|CLEAN PAD OPENING|MEASURE PAD OPENING|BACKSIDE CLEAN|BACKSIDE GRIND|MEASURE THICKNESS|BACKSIDE ETCH CLEAN|BACKSIDE RINSE|BACKSIDE DRY|BACKSIDE METALLIZATION PREP|DEPOSIT BACKSIDE METAL|BACKSIDE ANNEAL|MEASURE BACKSIDE CONTACT|FINAL CLEAN|FINAL THICKNESS MEASURE|ELECTRICAL PARAMETRIC TEST|LEAKAGE TEST|THRESHOLD VOLTAGE TEST|SWITCHING TEST|WAFER SORT TEST|YIELD ANALYSIS|LOT|WAFER SORT TEST|ELECTRICAL PARAMETRIC TEST|SWITCHING TEST|WAFER SORT TEST|YIELD ANALYSIS|LOT|WAFER SORT TEST|LOT|ELECTRICAL ANALYSIS|WAFER SORT TEST|SWITCHING TEST|WAFER SORT TEST|YIELD ANALYSIS|LOT RELEASE|PACKAGE PREPARATION|COAT TEST|COAT TEST|COAT TEST|COAT TEST|WAFER SORT TEST|YIELD ANALYSIS|LOT WAFER SORT TEST|THROUGH DIELECTRIC CHECK|CMP VIA|WAFER SORT TEST|YIELD ANALYSIS|LOT LOT LOT LOT LOT|WAFER SORT TEST|CMP DIELECTRIC BAKE|DENSIFY TEST|DENSIFY TEST
valid_mosfet_0036_f60,DEPOSIT BARRIER METAL|DEPOSIT METAL SEED|FILL VIA METAL|CMP METAL|DEPOSIT TOP METAL|ANNEAL METAL|SPIN COAT PHOTORESIST|SOFT BAKE|ALIGN MASK LEVEL 4|EXPOSE LITHO LEVEL 4|DEVELOP PHOTORESIST|METAL PATTERN INSPECTION|METAL ETCH|STRIP PHOTORESIST|CLEAN AFTER METAL ETCH|DEPOSIT PASSIVATION|CURE PASSIVATION|MEASURE PASSIVATION THICKNESS|OPEN PAD WINDOW|PAD WINDOW LITHO|DEVELOP PHOTORESIST|PASSIVATION ETCH|STRIP RESIST|CLEAN PAD OPENING|MEASURE PAD OPENING|BACKSIDE CLEAN|BACKSIDE GRIND|MEASURE THICKNESS|BACKSIDE ETCH CLEAN|BACKSIDE RINSE|BACKSIDE DRY|BACKSIDE METALLIZATION PREP|DEPOSIT BACKSIDE METAL|BACKSIDE ANNEAL|MEASURE BACKSIDE CONTACT|FINAL CLEAN|ELECTRICAL PARAMETRIC TEST|LEAKAGE TEST|THRESHOLD VOLTAGE TEST|SWITCHING TEST|WAFER SORT TEST|YIELD ANALYSIS|LOT|WAFER SORT TEST|THROUGH DIELECTRIC CHECK|LOT|COAT TEST|COAT TEST|WAFER SORT TEST|YIELD ANALYSIS|LOT RELEASE|PACKAGE PREPARATION|COAT TEST|COAT TEST|COAT TEST|BACKSIDE ANALYSIS|SWITCHING TEST|WAFER SORT TEST|YIELD ANALYSIS|LOT LOT LOT RELEASE|PACKAGE PREPARATION|WAFER SORT TEST|ELECTRICAL YIELD ANALYSIS|WAFER SORT TEST|LOT|ELECTRICAL YIELD ANALYSIS|WAFER SORT TEST|LOT RELEASE|COAT TEST|WAFER SORT TEST|ELECTRICAL YIELD ANALYSIS|WAFER SORT TEST|LOT LOT LOT|COAT ANALYSIS|WAFER SORT TEST|YIELD ANALYSIS|LOT LOT LOT LOT|DENSIFY TEST|DENSIFY TEST|DENSIFY TEST|DENSIFY TEST
valid_mosfet_0036_f80,STRIP RESIST|CLEAN PAD OPENING|MEASURE PAD OPENING|BACKSIDE CLEAN|BACKSIDE GRIND|MEASURE THICKNESS|BACKSIDE ETCH CLEAN|BACKSIDE RINSE|BACKSIDE DRY|BACKSIDE METALLIZATION PREP|DEPOSIT BACKSIDE METAL|BACKSIDE ANNEAL|MEASURE BACKSIDE CONTACT|FINAL CLEAN|FINAL THICKNESS MEASURE|FINAL GEOMETRY CHECK|ELECTRICAL PARAMETRIC TEST|LEAKAGE TEST|THRESHOLD VOLTAGE TEST|SWITCHING TEST|WAFER SORT TEST|YIELD ANALYSIS|LOT|WAFER SORT TEST|LOT|PARTICLE INSPECTION|WAFER SORT TEST|YIELD ANALYSIS|LOT|WAFER SORT TEST|LOT|COAT TEST|WAFER SORT TEST|YIELD ANALYSIS|LOT RELEASE|PACKAGE PREPARATION|COAT TEST|COAT TEST|COAT TEST|COAT TEST|SWITCHING TEST|WAFER SORT TEST|YIELD ANALYSIS|LOT LOT LOT LOT LOT|WAFER SORT TEST|ELECTRICAL YIELD ANALYSIS|WAFER SORT TEST|LOT LOT LOT LOT|WAFER SORT TEST|YIELD ANALYSIS|LOT LOT LOT LOT LOT|DENSIFY TEST|DENSIFY TEST|DENSIFY TEST|DEPOSIT
valid_mosfet_0037_f60,VIA ETCH|STRIP RESIST|CLEAN AFTER VIA ETCH|DEPOSIT BARRIER METAL|DEPOSIT METAL SEED|FILL VIA METAL|CMP METAL|DEPOSIT METAL 1|ANNEAL METAL|SPIN COAT PHOTORESIST|SOFT BAKE|ALIGN MASK LEVEL 4|EXPOSE LITHO LEVEL 4|DEVELOP PHOTORESIST|METAL PATTERN INSPECTION|METAL ETCH|STRIP PHOTORESIST|CLEAN AFTER METAL ETCH|DEPOSIT PASSIVATION|CURE PASSIVATION|MEASURE PASSIVATION THICKNESS|OPEN PAD WINDOW|PAD WINDOW LITHO|DEVELOP PHOTORESIST|PASSIVATION ETCH|STRIP RESIST|CLEAN PAD OPENING|MEASURE PAD OPENING|BACKSIDE CLEAN|BACKSIDE GRIND|MEASURE THICKNESS|BACKSIDE ETCH CLEAN|BACKSIDE RINSE|BACKSIDE DRY|BACKSIDE METALLIZATION PREP|DEPOSIT BACKSIDE METAL|BACKSIDE ANNEAL|MEASURE BACKSIDE CONTACT|FINAL CLEAN|ELECTRICAL PARAMETRIC TEST|LEAKAGE TEST|THRESHOLD VOLTAGE TEST|SWITCHING TEST|WAFER SORT TEST|YIELD ANALYSIS|LOT|WAFER SORT TEST|THROUGH DIELECTRIC CHECK|LOT|COAT TEST|COAT TEST|COAT TEST|SWITCHING TEST|WAFER SORT TEST|YIELD ANALYSIS|LOT RELEASE|PACKAGE PREPARATION|SHIP LOT
valid_mosfet_0037_f80,DEVELOP PHOTORESIST|PASSIVATION ETCH|STRIP RESIST|CLEAN PAD OPENING|MEASURE PAD OPENING|BACKSIDE CLEAN|BACKSIDE GRIND|MEASURE THICKNESS|BACKSIDE ETCH CLEAN|BACKSIDE RINSE|BACKSIDE DRY|BACKSIDE METALLIZATION PREP|DEPOSIT BACKSIDE METAL|BACKSIDE ANNEAL|MEASURE BACKSIDE CONTACT|FINAL CLEAN|YIELD ANALYSIS|WAFER SORT TEST|LOT|WAFER SORT TEST|YIELD ANALYSIS|LOT|WAFER SORT TEST|WAFER SORT TEST|YIELD ANALYSIS|LOT|WAFER SORT TEST|LOT|ELECTRICAL PARAMETRIC TEST|WAFER SORT TEST|YIELD ANALYSIS|LOT|WAFER SORT TEST|ELECTRICAL ANALYSIS|WAFER SORT TEST|LOT RELEASE|COAT TEST|COAT TEST|COAT TEST|COAT TEST|COAT TEST|DEVELOP TEST|PASSIVATION ANALYSIS|DIELECTRIC CHECK|STRIP ANALYSIS|CLEAN YIELD ANALYSIS|LOT LOT LOT|WAFER SORT TEST|ELECTRICAL YIELD ANALYSIS|WAFER SORT TEST|LOT LOT|WAFER SORT TEST|YIELD ANALYSIS|LOT LOT LOT LOT LOT|WAFER SORT TEST
valid_mosfet_0038_f60,DEPOSIT BARRIER METAL|DEPOSIT METAL SEED|FILL VIA METAL|CMP METAL|DEPOSIT METAL 1|ANNEAL METAL|SPIN COAT PHOTORESIST|SOFT BAKE|ALIGN MASK LEVEL 4|EXPOSE LITHO LEVEL 4|DEVELOP PHOTORESIST|METAL PATTERN INSPECTION|METAL ETCH|STRIP PHOTORESIST|CLEAN AFTER METAL ETCH|DEPOSIT PASSIVATION|CURE PASSIVATION|MEASURE PASSIVATION THICKNESS|OPEN PAD WINDOW|PAD WINDOW LITHO|DEVELOP PHOTORESIST|PASSIVATION ETCH|STRIP RESIST|CLEAN PAD OPENING|MEASURE PAD OPENING|BACKSIDE CLEAN|BACKSIDE GRIND|MEASURE THICKNESS|BACKSIDE ETCH CLEAN|BACKSIDE RINSE|BACKSIDE DRY|BACKSIDE METALLIZATION PREP|DEPOSIT BACKSIDE METAL|BACKSIDE ANNEAL|MEASURE BACKSIDE CONTACT|FINAL CLEAN|ELECTRICAL PARAMETRIC TEST|LEAKAGE TEST|WAFER SORT TEST|YIELD ANALYSIS|LOT|WAFER SORT TEST|WAFER SORT TEST|YIELD ANALYSIS|LOT RELEASE|PACKAGE PREPARATION|COAT TEST|COAT TEST|COAT TEST|SWITCHING TEST|WAFER SORT TEST|YIELD ANALYSIS|LOT RELEASE|PACKAGE PREPARATION|SHIP LOT
valid_mosfet_0038_f80,STRIP RESIST|CLEAN PAD OPENING|MEASURE PAD OPENING|BACKSIDE CLEAN|BACKSIDE GRIND|MEASURE THICKNESS|BACKSIDE ETCH CLEAN|BACKSIDE RINSE|BACKSIDE DRY|BACKSIDE METALLIZATION PREP|DEPOSIT BACKSIDE METAL|BACKSIDE ANNEAL|MEASURE BACKSIDE CONTACT|FINAL CLEAN|YIELD ANALYSIS|WAFER SORT TEST|LOT|WAFER SORT TEST|YIELD ANALYSIS|LOT|WAFER SORT TEST|WAFER SORT TEST|YIELD ANALYSIS|LOT|WAFER SORT TEST|LOT|ELECTRICAL PARAMETRIC TEST|COAT TEST|WAFER SORT TEST|YIELD ANALYSIS|LOT|WAFER SORT TEST|LOT|COAT TEST|COAT TEST|COAT TEST|SWITCHING TEST|WAFER SORT TEST|YIELD ANALYSIS|LOT RELEASE|PACKAGE PREPARATION|SHIP LOT
valid_mosfet_0039_f60,CLEAN AFTER VIA ETCH|DEPOSIT BARRIER METAL|DEPOSIT METAL SEED|FILL VIA METAL|CMP METAL|DEPOSIT METAL 1|ANNEAL METAL|SPIN COAT PHOTORESIST|SOFT BAKE|ALIGN MASK LEVEL 4|EXPOSE LITHO LEVEL 4|DEVELOP PHOTORESIST|METAL PATTERN INSPECTION|METAL ETCH|STRIP RESIST|CLEAN AFTER METAL ETCH|DEPOSIT PASSIVATION|CURE PASSIVATION|MEASURE PASSIVATION THICKNESS|OPEN PAD WINDOW|PAD WINDOW LITHO|DEVELOP PHOTORESIST|PASSIVATION ETCH|STRIP RESIST|CLEAN PAD OPENING|MEASURE PAD OPENING|BACKSIDE CLEAN|BACKSIDE GRIND|MEASURE THICKNESS|BACKSIDE ETCH CLEAN|BACKSIDE RINSE|BACKSIDE DRY|BACKSIDE METALLIZATION PREP|DEPOSIT BACKSIDE METAL|BACKSIDE ANNEAL|MEASURE BACKSIDE CONTACT|FINAL CLEAN|ELECTRICAL PARAMETRIC TEST|LEAKAGE TEST|THRESHOLD VOLTAGE TEST|SWITCHING TEST|WAFER SORT TEST|YIELD ANALYSIS|LOT|WAFER SORT TEST|THROUGH DIELECTRIC|ELECTRICAL ANALYSIS|SWITCHING TEST|WAFER SORT TEST|YIELD ANALYSIS|LOT|WAFER SORT TEST|LOT|ELECTRICAL ANALYSIS|WAFER SORT TEST|YIELD ANALYSIS|LOT RELEASE|PACKAGE PREPARATION|SHIP LOT
valid_mosfet_0039_f80,PASSIVATION ETCH|STRIP RESIST|CLEAN PAD OPENING|MEASURE PAD OPENING|BACKSIDE CLEAN|BACKSIDE GRIND|MEASURE THICKNESS|BACKSIDE ETCH CLEAN|BACKSIDE RINSE|BACKSIDE DRY|BACKSIDE METALLIZATION PREP|DEPOSIT BACKSIDE METAL|BACKSIDE ANNEAL|MEASURE BACKSIDE CONTACT|FINAL CLEAN|YIELD ANALYSIS|WAFER SORT TEST|LOT|WAFER SORT TEST|YIELD ANALYSIS|LOT|WAFER SORT TEST|WAFER SORT TEST|YIELD ANALYSIS|LOT RELEASE|PACKAGE PREPARATION|COAT TEST|COAT TEST|COAT TEST|SWITCHING TEST|WAFER SORT TEST|YIELD ANALYSIS|LOT|WAFER SORT TEST|ELECTRICAL ANALYSIS|WAFER SORT TEST|DEVELOP TEST|PASSIVATION TEST|WAFER SORT TEST|STRIP RESIST|CLEAN YIELD ANALYSIS|LOT RELEASE|PACKAGE PREPARATION|COAT TEST|COAT TEST|COAT TEST|WAFER SORT TEST|YIELD ANALYSIS|LOT LOT LOT LOT LOT|WAFER SORT TEST|ELECTRICAL YIELD ANALYSIS|WAFER SORT TEST|LOT FINAL YIELD ANALYSIS|WAFER SORT TEST
valid_mosfet_0040_f60,STRIP RESIST|CLEAN AFTER VIA ETCH|DEPOSIT BARRIER METAL|DEPOSIT METAL SEED|FILL VIA METAL|CMP METAL|DEPOSIT INTERLAYER DIELECTRIC WIDTH|ANNEAL METAL|SPIN COAT PHOTORESIST|SOFT BAKE|ALIGN MASK LEVEL 4|EXPOSE LITHO LEVEL 4|DEVELOP PHOTORESIST|METAL PATTERN INSPECTION|METAL ETCH|STRIP PHOTORESIST|CLEAN AFTER METAL ETCH|DEPOSIT PASSIVATION|CURE PASSIVATION|MEASURE PASSIVATION THICKNESS|OPEN PAD WINDOW|PAD WINDOW LITHO|DEVELOP PHOTORESIST|PASSIVATION ETCH|STRIP RESIST|CLEAN PAD OPENING|MEASURE PAD OPENING|BACKSIDE CLEAN|BACKSIDE GRIND|MEASURE THICKNESS|BACKSIDE ETCH CLEAN|BACKSIDE RINSE|BACKSIDE DRY|BACKSIDE METALLIZATION PREP|DEPOSIT BACKSIDE METAL|BACKSIDE ANNEAL|MEASURE BACKSIDE CONTACT|FINAL CLEAN|ELECTRICAL PARAMETRIC TEST|LEAKAGE TEST|SWITCHING TEST|WAFER SORT TEST|YIELD ANALYSIS|LOT|WAFER SORT TEST|LOT|ELECTRICAL PARAMETRIC TEST|DEPOSIT SWITCHING TEST|WAFER SORT TEST|YIELD ANALYSIS|LOT RELEASE|PACKAGE PREPARATION|COAT PHOTORESIST|COAT PHOTORESIST|COAT TEST|DENSIFY TEST|SWITCHING TEST|WAFER SORT TEST|YIELD ANALYSIS|LOT RELEASE|PACKAGE PREPARATION|SHIP LOT
valid_mosfet_0040_f80,DEVELOP PHOTORESIST|PASSIVATION ETCH|STRIP PHOTORESIST|CLEAN PAD OPENING|MEASURE PAD OPENING|BACKSIDE CLEAN|BACKSIDE GRIND|MEASURE THICKNESS|BACKSIDE ETCH CLEAN|BACKSIDE RINSE|BACKSIDE DRY|BACKSIDE METALLIZATION PREP|DEPOSIT BACKSIDE METAL|BACKSIDE ANNEAL|MEASURE BACKSIDE CONTACT|FINAL CLEAN|FINAL THICKNESS MEASURE|FINAL GEOMETRY CHECK|ELECTRICAL PARAMETRIC TEST|LEAKAGE TEST|THRESHOLD VOLTAGE TEST|SWITCHING TEST|WAFER SORT TEST|YIELD ANALYSIS|LOT RELEASE|PACKAGE PREPARATION|COAT TEST|COAT TEST|COAT TEST|SWITCHING TEST|WAFER SORT TEST|YIELD ANALYSIS|LOT|WAFER SORT TEST|ELECTRICAL ANALYSIS|WAFER SORT TEST|DEVELOP TEST|PASSIVATION TEST|WAFER SORT TEST|STRIP ANALYSIS|CLEAN YIELD ANALYSIS|LOT RELEASE|PACKAGE PREPARATION|COAT TEST|COAT TEST|COAT TEST|BACKSIDE ANALYSIS|WAFER SORT TEST|YIELD ANALYSIS|LOT RELEASE|SHIP LOT
valid_mosfet_0041_f60,VIA ETCH|STRIP PHOTORESIST|CLEAN AFTER VIA ETCH|DEPOSIT BARRIER METAL|DEPOSIT METAL SEED|FILL VIA METAL|CMP METAL|DEPOSIT TOP METAL|ANNEAL METAL|SPIN COAT PHOTORESIST|SOFT BAKE|ALIGN MASK LEVEL 4|DEVELOP PHOTORESIST|METAL PATTERN INSPECTION|HARD BAKE|METAL ETCH VIA|STRIP PHOTORESIST|CLEAN AFTER METAL ETCH|DEPOSIT PASSIVATION|CURE PASSIVATION|MEASURE PASSIVATION THICKNESS|OPEN PAD WINDOW|PAD WINDOW LITHO|DEVELOP PHOTORESIST|PASSIVATION ETCH|STRIP RESIST|CLEAN PAD OPENING|MEASURE PAD OPENING|BACKSIDE CLEAN|BACKSIDE GRIND|MEASURE THICKNESS|BACKSIDE ETCH CLEAN|BACKSIDE RINSE|BACKSIDE DRY|BACKSIDE METALLIZATION PREP|DEPOSIT BACKSIDE METAL|BACKSIDE ANNEAL|MEASURE BACKSIDE CONTACT|FINAL CLEAN|YIELD ANALYSIS|WAFER SORT TEST|LOT|WAFER SORT TEST|YIELD ANALYSIS|LOT|WAFER SORT TEST|WAFER SORT TEST|YIELD ANALYSIS|LOT|WAFER SORT TEST|THROUGH DIELECTRIC CHECK|LOT|COAT TEST|COAT TEST|WAFER SORT TEST|YIELD ANALYSIS|LOT RELEASE|PACKAGE PREPARATION|COAT TEST|COAT TEST|COAT TEST|COAT TEST|SWITCHING TEST|WAFER SORT TEST|YIELD ANALYSIS|LOT RELEASE|PACKAGE PREPARATION|COAT TEST|COAT TEST|COAT TEST|COAT TEST|WAFER SORT TEST|YIELD ANALYSIS|LOT LOT RELEASE|SHIP LOT
valid_mosfet_0041_f80,PASSIVATION ETCH|STRIP RESIST|CLEAN PAD OPENING|MEASURE PAD OPENING|BACKSIDE CLEAN|BACKSIDE GRIND|MEASURE THICKNESS|BACKSIDE ETCH CLEAN|BACKSIDE RINSE|BACKSIDE DRY|BACKSIDE METALLIZATION PREP|DEPOSIT BACKSIDE METAL|BACKSIDE ANNEAL|MEASURE BACKSIDE CONTACT|FINAL CLEAN|FINAL THICKNESS MEASURE|FINAL GEOMETRY CHECK|ELECTRICAL PARAMETRIC TEST|LEAKAGE TEST|WAFER SORT TEST|YIELD ANALYSIS|LOT RELEASE|PACKAGE PREPARATION|PACKAGE PREPARATION|COAT TEST|COAT TEST|SWITCHING TEST|WAFER SORT TEST|YIELD ANALYSIS|LOT|WAFER SORT TEST|ELECTRICAL ANALYSIS|WAFER SORT TEST|DEVELOP TEST|PASSIVATION TEST|WAFER SORT TEST|STRIP RESIST|CLEAN YIELD ANALYSIS|LOT RELEASE|PACKAGE PREPARATION|COAT TEST|COAT TEST|COAT TEST|SWITCHING TEST|WAFER SORT TEST|YIELD ANALYSIS|LOT RELEASE|SHIP LOT
valid_mosfet_0042_f60,STRIP PHOTORESIST|CLEAN AFTER VIA ETCH|DEPOSIT BARRIER METAL|DEPOSIT METAL SEED|FILL VIA METAL|CMP METAL|DEPOSIT METAL 1|ANNEAL METAL|SPIN COAT PHOTORESIST|SOFT BAKE|ALIGN MASK LEVEL 4|EXPOSE LITHO LEVEL 4|DEVELOP PHOTORESIST|METAL PATTERN INSPECTION|METAL ETCH|STRIP PHOTORESIST|CLEAN AFTER METAL ETCH|DEPOSIT PASSIVATION|CURE PASSIVATION|MEASURE PASSIVATION THICKNESS|OPEN PAD WINDOW|PAD WINDOW LITHO|DEVELOP PHOTORESIST|PASSIVATION ETCH|STRIP RESIST|CLEAN PAD OPENING|MEASURE PAD OPENING|BACKSIDE CLEAN|BACKSIDE GRIND|MEASURE THICKNESS|BACKSIDE ETCH CLEAN|BACKSIDE RINSE|BACKSIDE DRY|BACKSIDE METALLIZATION PREP|DEPOSIT BACKSIDE METAL|BACKSIDE ANNEAL|MEASURE BACKSIDE CONTACT|FINAL CLEAN|YIELD ANALYSIS|WAFER SORT TEST|LOT|WAFER SORT TEST|YIELD ANALYSIS|LOT|WAFER SORT TEST|WAFER SORT TEST|YIELD ANALYSIS|LOT RELEASE|PACKAGE PREPARATION|COAT TEST|COAT TEST|COAT TEST|SWITCHING TEST|WAFER SORT TEST|YIELD ANALYSIS|LOT RELEASE|PACKAGE PREPARATION|SHIP LOT
valid_mosfet_0042_f80,STRIP RESIST|CLEAN PAD OPENING|MEASURE PAD OPENING|BACKSIDE CLEAN|BACKSIDE GRIND|MEASURE THICKNESS|BACKSIDE ETCH CLEAN|BACKSIDE RINSE|BACKSIDE DRY|BACKSIDE METALLIZATION PREP|DEPOSIT BACKSIDE METAL|BACKSIDE ANNEAL|MEASURE BACKSIDE CONTACT|FINAL CLEAN|FINAL THICKNESS MEASURE|FINAL GEOMETRY CHECK|ELECTRICAL PARAMETRIC TEST|LEAKAGE TEST|THRESHOLD VOLTAGE TEST|SWITCHING TEST|WAFER SORT TEST|YIELD ANALYSIS|LOT|WAFER SORT TEST|LOT|ELECTRICAL ANALYSIS|WAFER SORT TEST|YIELD ANALYSIS|LOT|WAFER SORT TEST|LOT|COAT TEST|COAT TEST|WAFER SORT TEST|YIELD ANALYSIS|LOT RELEASE|PACKAGE PREPARATION|COAT TEST|COAT TEST|COAT TEST|WAFER SORT TEST|YIELD ANALYSIS|LOT LOT LOT LOT|WAFER SORT TEST|ELECTRICAL YIELD ANALYSIS|WAFER SORT TEST|LOT LOT LOT|COAT SORT TEST|YIELD ANALYSIS|LOT LOT LOT LOT LOT|WAFER SORT TEST|CMP DIELECTRIC CHECK|DEVELOP ANALYSIS|VIA ETCH VIA|STRIP RESIST
valid_mosfet_0043_f60,DEPOSIT BARRIER METAL|DEPOSIT METAL SEED|FILL VIA METAL|CMP METAL|DEPOSIT METAL 1|ANNEAL METAL|SPIN COAT PHOTORESIST|SOFT BAKE|ALIGN MASK LEVEL 4|EXPOSE LITHO LEVEL 4|DEVELOP PHOTORESIST|METAL PATTERN INSPECTION|METAL ETCH|STRIP PHOTORESIST|CLEAN AFTER METAL ETCH|DEPOSIT PASSIVATION|CURE PASSIVATION|MEASURE PASSIVATION THICKNESS|OPEN PAD WINDOW|PAD WINDOW LITHO|DEVELOP PHOTORESIST|PASSIVATION ETCH|STRIP RESIST|CLEAN PAD OPENING|MEASURE PAD OPENING|BACKSIDE CLEAN|BACKSIDE GRIND|MEASURE THICKNESS|BACKSIDE ETCH CLEAN|BACKSIDE RINSE|BACKSIDE DRY|BACKSIDE METALLIZATION PREP|DEPOSIT BACKSIDE METAL|BACKSIDE ANNEAL|MEASURE BACKSIDE CONTACT|FINAL CLEAN|ELECTRICAL PARAMETRIC TEST|LEAKAGE TEST|THRESHOLD VOLTAGE TEST|SWITCHING TEST|WAFER SORT TEST|YIELD ANALYSIS|LOT|LOT|COAT TEST|COAT TEST|COAT TEST|SWITCHING TEST|WAFER SORT TEST|YIELD ANALYSIS|LOT|WAFER SORT TEST|ELECTRICAL ANALYSIS|WAFER SORT TEST|CLEAN ANALYSIS|BACKSIDE GRIND|SWITCHING TEST|WAFER SORT TEST|YIELD ANALYSIS|LOT RELEASE|PACKAGE PREPARATION|WAFER SORT TEST|ELECTRICAL YIELD ANALYSIS|WAFER SORT TEST|LOT RELEASE|COAT TEST|COAT TEST|COAT TEST|COAT TEST|SWITCHING TEST|WAFER SORT TEST|YIELD ANALYSIS|LOT LOT LOT LOT LOT|WAFER SORT TEST|CMP DIELECTRIC BAKE|DENSIFY TEST|DENSIFY TEST|DEVELOP YIELD ANALYSIS|VIA YIELD ANALYSIS
valid_mosfet_0043_f80,PASSIVATION ETCH|STRIP PHOTORESIST|CLEAN PAD OPENING|MEASURE PAD OPENING|BACKSIDE CLEAN|BACKSIDE GRIND|MEASURE THICKNESS|BACKSIDE ETCH CLEAN|BACKSIDE RINSE|BACKSIDE DRY|BACKSIDE METALLIZATION PREP|DEPOSIT BACKSIDE METAL|BACKSIDE ANNEAL|MEASURE BACKSIDE CONTACT|FINAL CLEAN|FINAL THICKNESS MEASURE|FINAL GEOMETRY CHECK|ELECTRICAL PARAMETRIC TEST|LEAKAGE TEST|THRESHOLD VOLTAGE TEST|SWITCHING TEST|WAFER SORT TEST|YIELD ANALYSIS|LOT|WAFER SORT TEST|LOT|PARTICLE INSPECTION|WAFER SORT TEST|YIELD ANALYSIS|LOT|WAFER SORT TEST|LOT|COAT TEST|COAT TEST|WAFER SORT TEST|YIELD ANALYSIS|LOT RELEASE|PACKAGE PREPARATION|COAT TEST|COAT TEST|COAT TEST|PARTICLE INSPECTION|WAFER SORT TEST|YIELD ANALYSIS|LOT LOT LOT LOT LOT|COAT TEST|COAT TEST|WAFER SORT TEST|YIELD ANALYSIS|LOT LOT LOT LOT LOT|WAFER SORT TEST|ELECTRICAL YIELD ANALYSIS|WAFER SORT TEST|LOT LOT
valid_mosfet_0044_f60,STRIP RESIST|CLEAN AFTER VIA ETCH|DEPOSIT BARRIER METAL|DEPOSIT METAL SEED|FILL VIA METAL|CMP METAL|MEASURE CONTACT RESISTANCE|DEPOSIT TOP METAL|ANNEAL METAL|SPIN COAT PHOTORESIST|SOFT BAKE|ALIGN MASK LEVEL 4|EXPOSE LITHO LEVEL 4|DEVELOP PHOTORESIST|METAL PATTERN INSPECTION|METAL ETCH|STRIP PHOTORESIST|CLEAN AFTER METAL ETCH|DEPOSIT PASSIVATION|CURE PASSIVATION|MEASURE PASSIVATION THICKNESS|OPEN PAD WINDOW|PAD WINDOW LITHO|DEVELOP PHOTORESIST|PASSIVATION ETCH|STRIP PHOTORESIST|CLEAN PAD OPENING|MEASURE PAD OPENING|BACKSIDE CLEAN|BACKSIDE GRIND|MEASURE THICKNESS|BACKSIDE ETCH CLEAN|BACKSIDE RINSE|BACKSIDE DRY|BACKSIDE METALLIZATION PREP|DEPOSIT BACKSIDE METAL|BACKSIDE ANNEAL|MEASURE BACKSIDE CONTACT|FINAL CLEAN|YIELD ANALYSIS|WAFER SORT TEST|LOT|WAFER SORT TEST|YIELD ANALYSIS|LOT|WAFER SORT TEST|WAFER SORT TEST|YIELD ANALYSIS|LOT RELEASE|PACKAGE PREPARATION|COAT TEST|COAT TEST|COAT TEST|SWITCHING TEST|WAFER SORT TEST|YIELD ANALYSIS|LOT RELEASE|PACKAGE PREPARATION|SHIP LOT
valid_mosfet_0044_f80,PASSIVATION ETCH|STRIP PHOTORESIST|CLEAN PAD OPENING|MEASURE PAD OPENING|BACKSIDE CLEAN|BACKSIDE GRIND|MEASURE THICKNESS|BACKSIDE ETCH CLEAN|BACKSIDE RINSE|BACKSIDE DRY|BACKSIDE METALLIZATION PREP|DEPOSIT BACKSIDE METAL|BACKSIDE ANNEAL|MEASURE BACKSIDE CONTACT|FINAL CLEAN|FINAL THICKNESS MEASURE|ELECTRICAL PARAMETRIC TEST|LEAKAGE TEST|THRESHOLD VOLTAGE TEST|SWITCHING TEST|WAFER SORT TEST|YIELD ANALYSIS|LOT|WAFER SORT TEST|LOT RELEASE|COAT TEST|COAT TEST|COAT TEST|WAFER SORT TEST|YIELD ANALYSIS|LOT|WAFER SORT TEST|ELECTRICAL ANALYSIS|WAFER SORT TEST|HARD BAKE|SWITCHING TEST|WAFER SORT TEST|YIELD ANALYSIS|LOT RELEASE|PACKAGE PREPARATION|SHIP LOT
valid_mosfet_0045_f60,DEPOSIT BARRIER METAL|DEPOSIT METAL SEED|FILL VIA METAL|CMP METAL|MEASURE VIA RESISTANCE|DEPOSIT METAL 1|ANNEAL METAL|SPIN COAT PHOTORESIST|SOFT BAKE|ALIGN MASK LEVEL 4|EXPOSE LITHO LEVEL 4|DEVELOP PHOTORESIST|METAL PATTERN INSPECTION|METAL ETCH|STRIP PHOTORESIST|CLEAN AFTER METAL ETCH|DEPOSIT PASSIVATION|CURE PASSIVATION|MEASURE PASSIVATION THICKNESS|OPEN PAD WINDOW|PAD WINDOW LITHO|DEVELOP PHOTORESIST|PASSIVATION ETCH|STRIP RESIST|CLEAN PAD OPENING|MEASURE PAD OPENING|BACKSIDE CLEAN|BACKSIDE GRIND|MEASURE THICKNESS|BACKSIDE ETCH CLEAN|BACKSIDE RINSE|BACKSIDE DRY|BACKSIDE METALLIZATION PREP|DEPOSIT BACKSIDE METAL|BACKSIDE ANNEAL|MEASURE BACKSIDE CONTACT|FINAL CLEAN|ELECTRICAL PARAMETRIC TEST|LEAKAGE TEST|THRESHOLD VOLTAGE TEST|SWITCHING TEST|WAFER SORT TEST|YIELD ANALYSIS|LOT|WAFER SORT TEST|THROUGH DIELECTRIC CHECK|LOT|COAT TEST|COAT TEST|COAT TEST|SWITCHING TEST|WAFER SORT TEST|YIELD ANALYSIS|LOT RELEASE|PACKAGE PREPARATION|SHIP LOT
valid_mosfet_0045_f80,PASSIVATION ETCH|STRIP RESIST|CLEAN PAD OPENING|MEASURE PAD OPENING|BACKSIDE CLEAN|BACKSIDE GRIND|MEASURE THICKNESS|BACKSIDE ETCH CLEAN|BACKSIDE RINSE|BACKSIDE DRY|BACKSIDE METALLIZATION PREP|DEPOSIT BACKSIDE METAL|BACKSIDE ANNEAL|MEASURE BACKSIDE CONTACT|FINAL CLEAN|FINAL THICKNESS MEASURE|FINAL GEOMETRY CHECK|ELECTRICAL PARAMETRIC TEST|LEAKAGE TEST|THRESHOLD VOLTAGE TEST|SWITCHING TEST|WAFER SORT TEST|YIELD ANALYSIS|LOT|WAFER SORT TEST|LOT|ELECTRICAL PARAMETRIC TEST|WAFER SORT TEST|YIELD ANALYSIS|LOT|WAFER SORT TEST|LOT|ELECTRICAL ANALYSIS|WAFER SORT TEST|YIELD ANALYSIS|LOT RELEASE|PACKAGE PREPARATION|COAT TEST|COAT TEST|COAT TEST|COAT TEST|WAFER SORT TEST|YIELD ANALYSIS|LOT LOT LOT LOT LOT|WAFER SORT TEST|ELECTRICAL YIELD ANALYSIS|WAFER SORT TEST|LOT LOT LOT LOT|WAFER SORT TEST|YIELD ANALYSIS|LOT LOT LOT LOT LOT|WAFER SORT TEST|DENSIFY TEST|YIELD ANALYSIS|LOT LOT LOT
valid_mosfet_0046_f60,DEPOSIT BARRIER METAL|DEPOSIT METAL SEED|FILL VIA METAL|CMP METAL|DEPOSIT METAL 1|ANNEAL METAL|SPIN COAT PHOTORESIST|SOFT BAKE|ALIGN MASK LEVEL 4|EXPOSE LITHO LEVEL 4|DEVELOP PHOTORESIST|METAL PATTERN INSPECTION|METAL ETCH|STRIP RESIST|CLEAN AFTER METAL ETCH|DEPOSIT PASSIVATION|CURE PASSIVATION|MEASURE PASSIVATION THICKNESS|OPEN PAD WINDOW|PAD WINDOW LITHO|DEVELOP PHOTORESIST|PASSIVATION ETCH|STRIP RESIST|CLEAN PAD OPENING|MEASURE PAD OPENING|BACKSIDE CLEAN|BACKSIDE GRIND|MEASURE THICKNESS|BACKSIDE ETCH CLEAN|BACKSIDE RINSE|BACKSIDE DRY|BACKSIDE METALLIZATION PREP|DEPOSIT BACKSIDE METAL|BACKSIDE ANNEAL|MEASURE BACKSIDE CONTACT|FINAL CLEAN|ELECTRICAL PARAMETRIC TEST|LEAKAGE TEST|THRESHOLD VOLTAGE TEST|SWITCHING TEST|WAFER SORT TEST|YIELD ANALYSIS|LOT|WAFER SORT TEST|ELECTRICAL PARAMETRIC TEST|SWITCHING TEST|WAFER SORT TEST|YIELD ANALYSIS|LOT RELEASE|PACKAGE PREPARATION|COAT TEST|COAT TEST|COAT TEST|SWITCHING TEST|WAFER SORT TEST|YIELD ANALYSIS|LOT RELEASE|PACKAGE PREPARATION|SHIP LOT
valid_mosfet_0046_f80,PASSIVATION ETCH|STRIP RESIST|CLEAN PAD OPENING|MEASURE PAD OPENING|BACKSIDE CLEAN|BACKSIDE GRIND|MEASURE THICKNESS|BACKSIDE ETCH CLEAN|BACKSIDE RINSE|BACKSIDE DRY|BACKSIDE METALLIZATION PREP|DEPOSIT BACKSIDE METAL|BACKSIDE ANNEAL|MEASURE BACKSIDE CONTACT|FINAL CLEAN|FINAL THICKNESS MEASURE|FINAL GEOMETRY CHECK|ELECTRICAL PARAMETRIC TEST|LEAKAGE TEST|THRESHOLD VOLTAGE TEST|SWITCHING TEST|WAFER SORT TEST|YIELD ANALYSIS|LOT|WAFER SORT TEST|LOT|ELECTRICAL PARAMETRIC TEST|WAFER SORT TEST|YIELD ANALYSIS|LOT|WAFER SORT TEST|LOT|ELECTRICAL ANALYSIS|WAFER SORT TEST|YIELD ANALYSIS|LOT RELEASE|PACKAGE PREPARATION|COAT TEST|COAT TEST|WAFER SORT TEST|YIELD ANALYSIS|LOT LOT LOT LOT LOT|WAFER SORT TEST|ELECTRICAL YIELD ANALYSIS|WAFER SORT TEST|LOT|THROUGH DIELECTRIC CHECK|WAFER SORT TEST|YIELD ANALYSIS|LOT LOT LOT LOT LOT|COAT TEST|DENSIFY TEST|DENSIFY TEST|DENSIFY TEST|DENSIFY TEST|DEPOSIT
valid_mosfet_0047_f60,DEPOSIT BARRIER METAL|DEPOSIT METAL SEED|FILL VIA METAL|CMP METAL|DEPOSIT METAL 1|ANNEAL METAL|SPIN COAT PHOTORESIST|SOFT BAKE|ALIGN MASK LEVEL 4|EXPOSE LITHO LEVEL 4|DEVELOP PHOTORESIST|METAL PATTERN INSPECTION|METAL ETCH|STRIP PHOTORESIST|CLEAN AFTER METAL ETCH|DEPOSIT PASSIVATION|CURE PASSIVATION|MEASURE PASSIVATION THICKNESS|OPEN PAD WINDOW|PAD WINDOW LITHO|DEVELOP PHOTORESIST|PASSIVATION ETCH|STRIP RESIST|CLEAN PAD OPENING|MEASURE PAD OPENING|BACKSIDE CLEAN|BACKSIDE GRIND|MEASURE THICKNESS|BACKSIDE ETCH CLEAN|BACKSIDE RINSE|BACKSIDE DRY|BACKSIDE METALLIZATION PREP|DEPOSIT BACKSIDE METAL|BACKSIDE ANNEAL|MEASURE BACKSIDE CONTACT|FINAL CLEAN|ELECTRICAL PARAMETRIC TEST|LEAKAGE TEST|THRESHOLD VOLTAGE TEST|SWITCHING TEST|WAFER SORT TEST|YIELD ANALYSIS|LOT|WAFER SORT TEST|LOT|DEPOSIT THRESHOLD VOLTAGE TEST|SWITCHING TEST|WAFER SORT TEST|YIELD ANALYSIS|LOT|WAFER SORT TEST|LOT|ELECTRICAL ANALYSIS|WAFER SORT TEST|YIELD ANALYSIS|LOT RELEASE|PACKAGE PREPARATION|SHIP LOT
valid_mosfet_0047_f80,STRIP PHOTORESIST|CLEAN PAD OPENING|MEASURE PAD OPENING|BACKSIDE CLEAN|BACKSIDE GRIND|MEASURE THICKNESS|BACKSIDE ETCH CLEAN|BACKSIDE RINSE|BACKSIDE DRY|BACKSIDE METALLIZATION PREP|DEPOSIT BACKSIDE METAL|BACKSIDE ANNEAL|MEASURE BACKSIDE CONTACT|FINAL CLEAN|YIELD ANALYSIS|WAFER SORT TEST|LOT|WAFER SORT TEST|YIELD ANALYSIS|LOT|WAFER SORT TEST|STRIP PHOTORESIST|CLEAN|CLEAN|WAFER SORT TEST|YIELD ANALYSIS|LOT|WAFER SORT TEST|LOT|ELECTRICAL PARAMETRIC TEST|SWITCHING TEST|WAFER SORT TEST|YIELD ANALYSIS|LOT RELEASE|PACKAGE PREPARATION|COAT TEST|COAT TEST|COAT TEST|COAT TEST|WAFER SORT TEST|YIELD ANALYSIS|LOT RELEASE|SHIP LOT
valid_mosfet_0048_f60,CLEAN AFTER VIA ETCH|DEPOSIT BARRIER METAL|DEPOSIT METAL SEED|FILL VIA METAL|CMP METAL|DEPOSIT INTERLAYER DIELECTRIC|ANNEAL METAL|SPIN COAT PHOTORESIST|SOFT BAKE|ALIGN MASK LEVEL 4|EXPOSE LITHO LEVEL 4|DEVELOP PHOTORESIST|METAL PATTERN INSPECTION|METAL ETCH|STRIP PHOTORESIST|CLEAN AFTER METAL ETCH|DEPOSIT PASSIVATION|CURE PASSIVATION|MEASURE PASSIVATION THICKNESS|OPEN PAD WINDOW|PAD WINDOW LITHO|DEVELOP PHOTORESIST|PASSIVATION ETCH|STRIP RESIST|CLEAN PAD OPENING|MEASURE PAD OPENING|BACKSIDE CLEAN|BACKSIDE GRIND|MEASURE THICKNESS|BACKSIDE ETCH CLEAN|BACKSIDE RINSE|BACKSIDE DRY|BACKSIDE METALLIZATION PREP|DEPOSIT BACKSIDE METAL|BACKSIDE ANNEAL|MEASURE BACKSIDE CONTACT|FINAL CLEAN|ELECTRICAL PARAMETRIC TEST|LEAKAGE TEST|THRESHOLD VOLTAGE TEST|SWITCHING TEST|WAFER SORT TEST|YIELD ANALYSIS|LOT|WAFER SORT TEST|LOT|ELECTRICAL ANALYSIS|WAFER SORT TEST|YIELD ANALYSIS|LOT RELEASE|PACKAGE PREPARATION|COAT TEST|COAT TEST|COAT TEST|DENSIFY TEST|SWITCHING TEST|WAFER SORT TEST|YIELD ANALYSIS|LOT RELEASE|PACKAGE PREPARATION|SHIP LOT
valid_mosfet_0048_f80,PASSIVATION ETCH|STRIP RESIST|CLEAN PAD OPENING|MEASURE PAD OPENING|BACKSIDE CLEAN|BACKSIDE GRIND|MEASURE THICKNESS|BACKSIDE ETCH CLEAN|BACKSIDE RINSE|BACKSIDE DRY|BACKSIDE METALLIZATION PREP|DEPOSIT BACKSIDE METAL|BACKSIDE ANNEAL|MEASURE BACKSIDE CONTACT|FINAL CLEAN|FINAL THICKNESS MEASURE|FINAL GEOMETRY CHECK|ELECTRICAL PARAMETRIC TEST|LEAKAGE TEST|THRESHOLD VOLTAGE TEST|SWITCHING TEST|WAFER SORT TEST|YIELD ANALYSIS|LOT|WAFER SORT TEST|LOT|ELECTRICAL PARAMETRIC TEST|COAT TEST|SWITCHING TEST|WAFER SORT TEST|YIELD ANALYSIS|LOT|WAFER SORT TEST|COAT TEST|COAT TEST|WAFER SORT TEST|YIELD ANALYSIS|LOT RELEASE|PACKAGE PREPARATION|SHIP LOT
valid_mosfet_0049_f60,STRIP RESIST|CLEAN AFTER VIA ETCH|DEPOSIT BARRIER METAL|DEPOSIT METAL SEED|FILL VIA METAL|CMP METAL|DEPOSIT METAL 1|ANNEAL METAL|SPIN COAT PHOTORESIST|SOFT BAKE|ALIGN MASK LEVEL 4|EXPOSE LITHO LEVEL 4|DEVELOP PHOTORESIST|METAL PATTERN INSPECTION|METAL ETCH|STRIP RESIST|CLEAN AFTER METAL ETCH|DEPOSIT PASSIVATION|CURE PASSIVATION|MEASURE PASSIVATION THICKNESS|OPEN PAD WINDOW|PAD WINDOW LITHO|DEVELOP PHOTORESIST|PASSIVATION ETCH|STRIP RESIST|CLEAN PAD OPENING|MEASURE PAD OPENING|BACKSIDE CLEAN|BACKSIDE GRIND|MEASURE THICKNESS|BACKSIDE ETCH CLEAN|BACKSIDE RINSE|BACKSIDE DRY|BACKSIDE METALLIZATION PREP|DEPOSIT BACKSIDE METAL|BACKSIDE ANNEAL|MEASURE BACKSIDE CONTACT|FINAL CLEAN|ELECTRICAL PARAMETRIC TEST|LEAKAGE TEST|THRESHOLD VOLTAGE TEST|SWITCHING TEST|WAFER SORT TEST|YIELD ANALYSIS|LOT|WAFER SORT TEST|THROUGH DIELECTRIC CHECK|LOT|COAT TEST|COAT TEST|WAFER SORT TEST|YIELD ANALYSIS|LOT|WAFER SORT TEST|LOT RELEASE|COAT TEST|COAT TEST|COAT TEST|COAT TEST|SWITCHING TEST|WAFER SORT TEST|YIELD ANALYSIS|LOT RELEASE|PACKAGE PREPARATION|SHIP LOT
valid_mosfet_0049_f80,PASSIVATION ETCH|STRIP RESIST|CLEAN PAD OPENING|MEASURE PAD OPENING|BACKSIDE CLEAN|BACKSIDE GRIND|MEASURE THICKNESS|BACKSIDE ETCH CLEAN|BACKSIDE RINSE|BACKSIDE DRY|BACKSIDE METALLIZATION PREP|DEPOSIT BACKSIDE METAL|BACKSIDE ANNEAL|MEASURE BACKSIDE CONTACT|FINAL CLEAN|FINAL THICKNESS MEASURE|YIELD ANALYSIS|WAFER SORT TEST|LOT|YIELD ANALYSIS|WAFER SORT TEST|LOT|PARTICLE INSPECTION|WAFER SORT TEST|YIELD ANALYSIS|LOT|WAFER SORT TEST|LOT|ELECTRICAL PARAMETRIC TEST|SWITCHING TEST|WAFER SORT TEST|YIELD ANALYSIS|LOT|WAFER SORT TEST|LOT|ELECTRICAL ANALYSIS|WAFER SORT TEST|YIELD ANALYSIS|LOT RELEASE|PACKAGE PREPARATION|COAT TEST|COAT TEST|WAFER SORT TEST|YIELD ANALYSIS|LOT LOT LOT RELEASE|COAT TEST|SHIP LOT
valid_mosfet_0050_f60,STRIP RESIST|CLEAN AFTER VIA ETCH|DEPOSIT BARRIER METAL|DEPOSIT METAL SEED|FILL VIA METAL|CMP METAL|DEPOSIT INTERLAYER DIELECTRIC WIDTH|ANNEAL METAL|SPIN COAT PHOTORESIST|SOFT BAKE|ALIGN MASK LEVEL 4|EXPOSE LITHO LEVEL 4|DEVELOP PHOTORESIST|METAL PATTERN INSPECTION|METAL ETCH|STRIP PHOTORESIST|CLEAN AFTER METAL ETCH|DEPOSIT PASSIVATION|CURE PASSIVATION|MEASURE PASSIVATION THICKNESS|OPEN PAD WINDOW|PAD WINDOW LITHO|DEVELOP PHOTORESIST|PASSIVATION ETCH|STRIP RESIST|CLEAN PAD OPENING|MEASURE PAD OPENING|BACKSIDE CLEAN|BACKSIDE GRIND|MEASURE THICKNESS|BACKSIDE ETCH CLEAN|BACKSIDE RINSE|BACKSIDE DRY|BACKSIDE METALLIZATION PREP|DEPOSIT BACKSIDE METAL|BACKSIDE ANNEAL|MEASURE BACKSIDE CONTACT|FINAL CLEAN|ELECTRICAL PARAMETRIC TEST|LEAKAGE TEST|THRESHOLD VOLTAGE TEST|SWITCHING TEST|WAFER SORT TEST|YIELD ANALYSIS|LOT|WAFER SORT TEST|LOT|ELECTRICAL ANALYSIS|COAT TEST|WAFER SORT TEST|YIELD ANALYSIS|LOT RELEASE|PACKAGE PREPARATION|COAT TEST|COAT TEST|COAT TEST|SWITCHING TEST|WAFER SORT TEST|YIELD ANALYSIS|LOT RELEASE|PACKAGE PREPARATION|SHIP LOT
valid_mosfet_0050_f80,PASSIVATION ETCH|STRIP RESIST|CLEAN PAD OPENING|MEASURE PAD OPENING|BACKSIDE CLEAN|BACKSIDE GRIND|MEASURE THICKNESS|BACKSIDE ETCH CLEAN|BACKSIDE RINSE|BACKSIDE DRY|BACKSIDE METALLIZATION PREP|DEPOSIT BACKSIDE METAL|BACKSIDE ANNEAL|MEASURE BACKSIDE CONTACT|FINAL CLEAN|FINAL THICKNESS MEASURE|FINAL GEOMETRY CHECK|ELECTRICAL PARAMETRIC TEST|LEAKAGE TEST|THRESHOLD VOLTAGE TEST|SWITCHING TEST|WAFER SORT TEST|YIELD ANALYSIS|LOT RELEASE|PACKAGE PREPARATION|COAT TEST|COAT TEST|COAT TEST|SWITCHING TEST|WAFER SORT TEST|YIELD ANALYSIS|LOT|WAFER SORT TEST|ELECTRICAL ANALYSIS|WAFER SORT TEST|SWITCHING TEST|WAFER SORT TEST|YIELD ANALYSIS|LOT RELEASE|PACKAGE PREPARATION|COAT TEST|COAT TEST|COAT TEST|WAFER SORT TEST|YIELD ANALYSIS|LOT LOT LOT LOT|WAFER SORT TEST|ELECTRICAL YIELD ANALYSIS|WAFER SORT TEST|LOT YIELD ANALYSIS|WAFER SORT TEST|LOT FINAL YIELD ANALYSIS|WAFER SORT TEST|LOT LOT LOT LOT LOT
valid_mosfet_0051_f60,DEPOSIT BARRIER METAL|DEPOSIT METAL SEED|FILL VIA METAL|CMP METAL|DEPOSIT METAL 1|ANNEAL METAL|SPIN COAT PHOTORESIST|SOFT BAKE|ALIGN MASK LEVEL 4|EXPOSE LITHO LEVEL 4|DEVELOP PHOTORESIST|METAL PATTERN INSPECTION|METAL ETCH|STRIP RESIST|CLEAN AFTER METAL ETCH|DEPOSIT PASSIVATION|CURE PASSIVATION|MEASURE PASSIVATION THICKNESS|OPEN PAD WINDOW|PAD WINDOW LITHO|DEVELOP PHOTORESIST|PASSIVATION ETCH|STRIP RESIST|CLEAN PAD OPENING|MEASURE PAD OPENING|BACKSIDE CLEAN|BACKSIDE GRIND|MEASURE THICKNESS|BACKSIDE ETCH CLEAN|BACKSIDE RINSE|BACKSIDE DRY|BACKSIDE METALLIZATION PREP|DEPOSIT BACKSIDE METAL|BACKSIDE ANNEAL|MEASURE BACKSIDE CONTACT|FINAL CLEAN|ELECTRICAL PARAMETRIC TEST|LEAKAGE TEST|THRESHOLD VOLTAGE TEST|SWITCHING TEST|WAFER SORT TEST|YIELD ANALYSIS|LOT|WAFER SORT TEST|THROUGH DIELECTRIC CHECK|LOT|COAT TEST|COAT TEST|WAFER SORT TEST|YIELD ANALYSIS|LOT RELEASE|PACKAGE PREPARATION|COAT TEST|COAT TEST|COAT TEST|BACKSIDE ANALYSIS|SWITCHING TEST|WAFER SORT TEST|YIELD ANALYSIS|LOT LOT LOT LOT RELEASE|SHIP LOT
valid_mosfet_0051_f80,DEVELOP PHOTORESIST|PASSIVATION ETCH|STRIP RESIST|CLEAN PAD OPENING|MEASURE PAD OPENING|BACKSIDE CLEAN|BACKSIDE GRIND|MEASURE THICKNESS|BACKSIDE ETCH CLEAN|BACKSIDE RINSE|BACKSIDE DRY|BACKSIDE METALLIZATION PREP|DEPOSIT BACKSIDE METAL|BACKSIDE ANNEAL|MEASURE BACKSIDE CONTACT|FINAL CLEAN|FINAL THICKNESS MEASURE|FINAL GEOMETRY CHECK|ELECTRICAL PARAMETRIC TEST|LEAKAGE TEST|THRESHOLD VOLTAGE TEST|SWITCHING TEST|WAFER SORT TEST|YIELD ANALYSIS|LOT|WAFER SORT TEST|LOT|PARTICLE INSPECTION|WAFER SORT TEST|YIELD ANALYSIS|LOT|WAFER SORT TEST|LOT|COAT TEST|WAFER SORT TEST|YIELD ANALYSIS|LOT RELEASE|PACKAGE PREPARATION|COAT TEST|COAT TEST|COAT TEST|WAFER SORT TEST|YIELD ANALYSIS|LOT RELEASE|PACKAGE PREPARATION|SHIP LOT
valid_mosfet_0052_f60,CMP METAL|DEPOSIT METAL 1|ANNEAL METAL|SPIN COAT PHOTORESIST|SOFT BAKE|ALIGN MASK LEVEL 4|EXPOSE LITHO LEVEL 4|DEVELOP PHOTORESIST|METAL PATTERN INSPECTION|METAL ETCH|STRIP PHOTORESIST|CLEAN AFTER METAL ETCH|DEPOSIT PASSIVATION|CURE PASSIVATION|MEASURE PASSIVATION THICKNESS|OPEN PAD WINDOW|PAD WINDOW LITHO|DEVELOP PHOTORESIST|PASSIVATION ETCH|STRIP RESIST|CLEAN PAD OPENING|MEASURE PAD OPENING|BACKSIDE CLEAN|BACKSIDE GRIND|MEASURE THICKNESS|BACKSIDE ETCH CLEAN|BACKSIDE RINSE|BACKSIDE DRY|BACKSIDE METALLIZATION PREP|DEPOSIT BACKSIDE METAL|BACKSIDE ANNEAL|MEASURE BACKSIDE CONTACT|FINAL CLEAN|FINAL THICKNESS MEASURE|ELECTRICAL PARAMETRIC TEST|LEAKAGE TEST|THRESHOLD VOLTAGE TEST|SWITCHING TEST|WAFER SORT TEST|YIELD ANALYSIS|LOT|WAFER SORT TEST|THROUGH DIELECTRIC CHECK|LOT|COAT TEST|COAT TEST|COAT TEST|SWITCHING TEST|WAFER SORT TEST|YIELD ANALYSIS|LOT RELEASE|PACKAGE PREPARATION|SHIP LOT
valid_mosfet_0052_f80,MEASURE PAD OPENING|BACKSIDE CLEAN|BACKSIDE GRIND|MEASURE THICKNESS|BACKSIDE ETCH CLEAN|BACKSIDE RINSE|BACKSIDE DRY|BACKSIDE METALLIZATION PREP|DEPOSIT BACKSIDE METAL|BACKSIDE ANNEAL|MEASURE BACKSIDE CONTACT|FINAL CLEAN|ELECTRICAL PARAMETRIC TEST|LEAKAGE TEST|THRESHOLD VOLTAGE TEST|SWITCHING TEST|WAFER SORT TEST|YIELD ANALYSIS|LOT|WAFER SORT TEST|THROUGH DIELECTRIC|THROUGH DIELECTRIC|SWITCHING TEST|WAFER SORT TEST|YIELD ANALYSIS|LOT|WAFER SORT TEST|LOT|ELECTRICAL ANALYSIS|WAFER SORT TEST|SWITCHING TEST|WAFER SORT TEST|YIELD ANALYSIS|LOT RELEASE|PACKAGE PREPARATION|COAT TEST|COAT TEST|COAT TEST|COAT TEST|WAFER SORT TEST|YIELD ANALYSIS|LOT RELEASE|PACKAGE PREPARATION|SHIP LOT
valid_mosfet_0053_f60,DEPOSIT BARRIER METAL|DEPOSIT METAL SEED|FILL VIA METAL|CMP METAL|DEPOSIT METAL 1|ANNEAL METAL|SPIN COAT PHOTORESIST|SOFT BAKE|ALIGN MASK LEVEL 4|EXPOSE LITHO LEVEL 4|DEVELOP PHOTORESIST|METAL PATTERN INSPECTION|METAL ETCH|STRIP PHOTORESIST|CLEAN AFTER METAL ETCH|DEPOSIT PASSIVATION|CURE PASSIVATION|MEASURE PASSIVATION THICKNESS|OPEN PAD WINDOW|PAD WINDOW LITHO|DEVELOP PHOTORESIST|PASSIVATION ETCH|STRIP RESIST|CLEAN PAD OPENING|MEASURE PAD OPENING|BACKSIDE CLEAN|BACKSIDE GRIND|MEASURE THICKNESS|BACKSIDE ETCH CLEAN|BACKSIDE RINSE|BACKSIDE DRY|BACKSIDE METALLIZATION PREP|DEPOSIT BACKSIDE METAL|BACKSIDE ANNEAL|MEASURE BACKSIDE CONTACT|FINAL CLEAN|ELECTRICAL PARAMETRIC TEST|LEAKAGE TEST|THRESHOLD VOLTAGE TEST|SWITCHING TEST|WAFER SORT TEST|YIELD ANALYSIS|LOT RELEASE|PACKAGE PREPARATION|COAT TEST|COAT TEST|DENSIFY TEST|SWITCHING TEST|WAFER SORT TEST|YIELD ANALYSIS|LOT RELEASE|PACKAGE PREPARATION|SHIP LOT
valid_mosfet_0053_f80,STRIP PHOTORESIST|CLEAN PAD OPENING|MEASURE PAD OPENING|BACKSIDE CLEAN|BACKSIDE GRIND|MEASURE THICKNESS|BACKSIDE ETCH CLEAN|BACKSIDE RINSE|BACKSIDE DRY|BACKSIDE METALLIZATION PREP|DEPOSIT BACKSIDE METAL|BACKSIDE ANNEAL|MEASURE BACKSIDE CONTACT|FINAL CLEAN|FINAL THICKNESS MEASURE|FINAL GEOMETRY CHECK|ELECTRICAL PARAMETRIC TEST|LEAKAGE TEST|THRESHOLD VOLTAGE TEST|SWITCHING TEST|WAFER SORT TEST|YIELD ANALYSIS|LOT|WAFER SORT TEST|LOT|ELECTRICAL PARAMETRIC TEST|WAFER SORT TEST|YIELD ANALYSIS|LOT|WAFER SORT TEST|LOT|ELECTRICAL ANALYSIS|WAFER SORT TEST|SWITCHING TEST|WAFER SORT TEST|YIELD ANALYSIS|LOT RELEASE|PACKAGE PREPARATION|COAT TEST|COAT TEST|COAT TEST|COAT TEST|WAFER SORT TEST|YIELD ANALYSIS|LOT WAFER SORT TEST|THROUGH DIELECTRIC CHECK|WAFER SORT TEST|YIELD ANALYSIS|LOT RELEASE|PACKAGE PREPARATION|SHIP LOT
valid_mosfet_0054_f60,DEPOSIT BARRIER METAL|DEPOSIT METAL SEED|FILL VIA METAL|CMP METAL|DEPOSIT METAL 1|ANNEAL METAL|SPIN COAT PHOTORESIST|SOFT BAKE|ALIGN MASK LEVEL 4|EXPOSE LITHO LEVEL 4|DEVELOP PHOTORESIST|METAL PATTERN INSPECTION|METAL ETCH|STRIP RESIST|CLEAN AFTER METAL ETCH|DEPOSIT PASSIVATION|CURE PASSIVATION|MEASURE PASSIVATION THICKNESS|OPEN PAD WINDOW|PAD WINDOW LITHO|DEVELOP PHOTORESIST|PASSIVATION ETCH|STRIP RESIST|CLEAN PAD OPENING|MEASURE PAD OPENING|BACKSIDE CLEAN|BACKSIDE GRIND|MEASURE THICKNESS|BACKSIDE ETCH CLEAN|BACKSIDE RINSE|BACKSIDE DRY|BACKSIDE METALLIZATION PREP|DEPOSIT BACKSIDE METAL|BACKSIDE ANNEAL|MEASURE BACKSIDE CONTACT|FINAL CLEAN|FINAL THICKNESS MEASURE|ELECTRICAL PARAMETRIC TEST|LEAKAGE TEST|WAFER SORT TEST|YIELD ANALYSIS|LOT|WAFER SORT TEST|WAFER SORT TEST|YIELD ANALYSIS|LOT RELEASE|PACKAGE PREPARATION|COAT TEST|COAT TEST|COAT TEST|SWITCHING TEST|WAFER SORT TEST|YIELD ANALYSIS|LOT|WAFER SORT TEST|ELECTRICAL ANALYSIS|WAFER SORT TEST|DEVELOP TEST|PASSIVATION TEST|WAFER SORT TEST|STRIP ANALYSIS|CLEAN YIELD ANALYSIS|LOT RELEASE|SHIP LOT
valid_mosfet_0054_f80,PASSIVATION ETCH|STRIP RESIST|CLEAN PAD OPENING|MEASURE PAD OPENING|BACKSIDE CLEAN|BACKSIDE GRIND|MEASURE THICKNESS|BACKSIDE ETCH CLEAN|BACKSIDE RINSE|BACKSIDE DRY|BACKSIDE METALLIZATION PREP|DEPOSIT BACKSIDE METAL|BACKSIDE ANNEAL|MEASURE BACKSIDE CONTACT|FINAL CLEAN|FINAL THICKNESS MEASURE|FINAL GEOMETRY CHECK|ELECTRICAL PARAMETRIC TEST|LEAKAGE TEST|THRESHOLD VOLTAGE TEST|SWITCHING TEST|WAFER SORT TEST|YIELD ANALYSIS|LOT|WAFER SORT TEST|LOT|ELECTRICAL PARAMETRIC TEST|WAFER SORT TEST|YIELD ANALYSIS|LOT|WAFER SORT TEST|LOT|ELECTRICAL ANALYSIS|WAFER SORT TEST|YIELD ANALYSIS|LOT RELEASE|PACKAGE PREPARATION|COAT TEST|COAT TEST|COAT TEST|SWITCHING TEST|WAFER SORT TEST|YIELD ANALYSIS|LOT LOT LOT LOT LOT|COAT TEST|COAT TEST|WAFER SORT TEST|YIELD ANALYSIS|LOT LOT LOT LOT LOT|WAFER SORT TEST|CMP DIELECTRIC CHECK|DEVELOP ANALYSIS|VIA|DIELECTRIC BAKE|VIA ETCH VIA
valid_mosfet_0055_f60,DEPOSIT BARRIER METAL|DEPOSIT METAL SEED|FILL VIA METAL|CMP METAL|DEPOSIT INTERLAYER DIELECTRIC WIDTH|DEPOSIT METAL 1|ANNEAL METAL|SPIN COAT PHOTORESIST|SOFT BAKE|ALIGN MASK LEVEL 4|EXPOSE LITHO LEVEL 4|DEVELOP PHOTORESIST|METAL PATTERN INSPECTION|METAL ETCH|STRIP PHOTORESIST|CLEAN AFTER METAL ETCH|DEPOSIT PASSIVATION|CURE PASSIVATION|MEASURE PASSIVATION THICKNESS|OPEN PAD WINDOW|PAD WINDOW LITHO|DEVELOP PHOTORESIST|PASSIVATION ETCH|STRIP PHOTORESIST|CLEAN PAD OPENING|MEASURE PAD OPENING|BACKSIDE CLEAN|BACKSIDE GRIND|MEASURE THICKNESS|BACKSIDE ETCH CLEAN|BACKSIDE RINSE|BACKSIDE DRY|BACKSIDE METALLIZATION PREP|DEPOSIT BACKSIDE METAL|BACKSIDE ANNEAL|MEASURE BACKSIDE CONTACT|FINAL CLEAN|YIELD ANALYSIS|WAFER SORT TEST|LOT|WAFER SORT TEST|YIELD ANALYSIS|LOT|WAFER SORT TEST|WAFER SORT TEST|YIELD ANALYSIS|LOT RELEASE|PACKAGE PREPARATION|COAT TEST|COAT TEST|COAT TEST|SWITCHING TEST|WAFER SORT TEST|YIELD ANALYSIS|LOT RELEASE|PACKAGE PREPARATION|SHIP LOT
valid_mosfet_0055_f80,CLEAN PAD OPENING|MEASURE PAD OPENING|BACKSIDE CLEAN|BACKSIDE GRIND|MEASURE THICKNESS|BACKSIDE ETCH CLEAN|BACKSIDE RINSE|BACKSIDE DRY|BACKSIDE METALLIZATION PREP|DEPOSIT BACKSIDE METAL|BACKSIDE ANNEAL|MEASURE BACKSIDE CONTACT|FINAL CLEAN|YIELD ANALYSIS|WAFER SORT TEST|LOT|WAFER SORT TEST|YIELD ANALYSIS|LOT|WAFER SORT TEST|WAFER SORT TEST|YIELD ANALYSIS|LOT|WAFER SORT TEST|LOT|ELECTRICAL PARAMETRIC TEST|WAFER SORT TEST|YIELD ANALYSIS|LOT|WAFER SORT TEST|ELECTRICAL ANALYSIS|WAFER SORT TEST|LOT RELEASE|COAT TEST|COAT TEST|COAT TEST|COAT TEST|WAFER SORT TEST|YIELD ANALYSIS|LOT RELEASE|SHIP LOT
valid_mosfet_0056_f60,STRIP RESIST|CLEAN AFTER VIA ETCH|DEPOSIT BARRIER METAL|DEPOSIT METAL SEED|FILL VIA METAL|CMP METAL|DEPOSIT METAL 1|ANNEAL METAL|SPIN COAT PHOTORESIST|SOFT BAKE|ALIGN MASK LEVEL 4|EXPOSE LITHO LEVEL 4|DEVELOP PHOTORESIST|METAL PATTERN INSPECTION|METAL ETCH|STRIP RESIST|CLEAN AFTER METAL ETCH|DEPOSIT PASSIVATION|CURE PASSIVATION|MEASURE PASSIVATION THICKNESS|OPEN PAD WINDOW|PAD WINDOW LITHO|DEVELOP PHOTORESIST|PASSIVATION ETCH|STRIP RESIST|CLEAN PAD OPENING|MEASURE PAD OPENING|BACKSIDE CLEAN|BACKSIDE GRIND|MEASURE THICKNESS|BACKSIDE ETCH CLEAN|BACKSIDE RINSE|BACKSIDE DRY|BACKSIDE METALLIZATION PREP|DEPOSIT BACKSIDE METAL|BACKSIDE ANNEAL|MEASURE BACKSIDE CONTACT|FINAL CLEAN|ELECTRICAL PARAMETRIC TEST|LEAKAGE TEST|WAFER SORT TEST|YIELD ANALYSIS|LOT|WAFER SORT TEST|WAFER SORT TEST|YIELD ANALYSIS|LOT RELEASE|PACKAGE PREPARATION|COAT TEST|COAT TEST|COAT TEST|SWITCHING TEST|WAFER SORT TEST|YIELD ANALYSIS|LOT RELEASE|PACKAGE PREPARATION|SHIP LOT
valid_mosfet_0056_f80,DEVELOP PHOTORESIST|PASSIVATION ETCH|STRIP PHOTORESIST|CLEAN PAD OPENING|MEASURE PAD OPENING|BACKSIDE CLEAN|BACKSIDE GRIND|MEASURE THICKNESS|BACKSIDE ETCH CLEAN|BACKSIDE RINSE|BACKSIDE DRY|BACKSIDE METALLIZATION PREP|DEPOSIT BACKSIDE METAL|BACKSIDE ANNEAL|MEASURE BACKSIDE CONTACT|FINAL CLEAN|FINAL THICKNESS MEASURE|FINAL GEOMETRY CHECK|ELECTRICAL PARAMETRIC TEST|LEAKAGE TEST|THRESHOLD VOLTAGE TEST|SWITCHING TEST|WAFER SORT TEST|YIELD ANALYSIS|LOT|WAFER SORT TEST|LOT|PARTICLE INSPECTION|WAFER SORT TEST|YIELD ANALYSIS|LOT|WAFER SORT TEST|LOT|COAT TEST|COAT TEST|COAT TEST|BACKSIDE ANALYSIS|SWITCHING TEST|WAFER SORT TEST|YIELD ANALYSIS|LOT RELEASE|PACKAGE PREPARATION|COAT TEST|WAFER SORT TEST|YIELD ANALYSIS|LOT LOT LOT LOT|WAFER SORT TEST|ELECTRICAL YIELD ANALYSIS|WAFER SORT TEST|LOT LOT LOT LOT|CMP DIELECTRIC CHECK|CMP DIELECTRIC CHECK|WAFER SORT TEST|YIELD ANALYSIS
valid_mosfet_0057_f60,DEPOSIT BARRIER METAL|DEPOSIT METAL SEED|FILL VIA METAL|CMP METAL|DEPOSIT METAL 1|ANNEAL METAL|SPIN COAT PHOTORESIST|SOFT BAKE|ALIGN MASK LEVEL 4|EXPOSE LITHO LEVEL 4|DEVELOP PHOTORESIST|METAL PATTERN INSPECTION|METAL ETCH|STRIP PHOTORESIST|CLEAN AFTER METAL ETCH|DEPOSIT PASSIVATION|CURE PASSIVATION|MEASURE PASSIVATION THICKNESS|OPEN PAD WINDOW|PAD WINDOW LITHO|DEVELOP PHOTORESIST|PASSIVATION ETCH|STRIP RESIST|CLEAN PAD OPENING|MEASURE PAD OPENING|BACKSIDE CLEAN|BACKSIDE GRIND|MEASURE THICKNESS|BACKSIDE ETCH CLEAN|BACKSIDE RINSE|BACKSIDE DRY|BACKSIDE METALLIZATION PREP|DEPOSIT BACKSIDE METAL|BACKSIDE ANNEAL|MEASURE BACKSIDE CONTACT|FINAL CLEAN|ELECTRICAL PARAMETRIC TEST|LEAKAGE TEST|WAFER SORT TEST|YIELD ANALYSIS|LOT|WAFER SORT TEST|WAFER SORT TEST|YIELD ANALYSIS|LOT RELEASE|PACKAGE PREPARATION|COAT TEST|COAT TEST|COAT TEST|SWITCHING TEST|WAFER SORT TEST|YIELD ANALYSIS|LOT RELEASE|PACKAGE PREPARATION|SHIP LOT
valid_mosfet_0057_f80,CLEAN PAD OPENING|MEASURE PAD OPENING|BACKSIDE CLEAN|BACKSIDE GRIND|MEASURE THICKNESS|BACKSIDE ETCH CLEAN|BACKSIDE RINSE|BACKSIDE DRY|BACKSIDE METALLIZATION PREP|DEPOSIT BACKSIDE METAL|BACKSIDE ANNEAL|MEASURE BACKSIDE CONTACT|FINAL CLEAN|YIELD ANALYSIS|WAFER SORT TEST|LOT|WAFER SORT TEST|YIELD ANALYSIS|LOT|WAFER SORT TEST|WAFER SORT TEST|YIELD ANALYSIS|LOT RELEASE|PACKAGE PREPARATION|COAT TEST|COAT TEST|COAT TEST|SWITCHING TEST|WAFER SORT TEST|YIELD ANALYSIS|LOT|WAFER SORT TEST|ELECTRICAL ANALYSIS|WAFER SORT TEST|DEVELOP TEST|PASSIVATION TEST|WAFER SORT TEST|STRIP ANALYSIS|CLEAN YIELD ANALYSIS|LOT RELEASE|PACKAGE PREPARATION|COAT TEST|COAT TEST|COAT TEST|SWITCHING TEST|WAFER SORT TEST|YIELD ANALYSIS|LOT LOT RELEASE|SHIP LOT
valid_mosfet_0058_f60,CLEAN AFTER VIA ETCH|DEPOSIT BARRIER METAL|DEPOSIT METAL SEED|FILL VIA METAL|CMP METAL|DEPOSIT METAL 1|ANNEAL METAL|SPIN COAT PHOTORESIST|SOFT BAKE|ALIGN MASK LEVEL 4|EXPOSE LITHO LEVEL 4|DEVELOP PHOTORESIST|METAL PATTERN INSPECTION|METAL ETCH|STRIP PHOTORESIST|CLEAN AFTER METAL ETCH|DEPOSIT PASSIVATION|CURE PASSIVATION|MEASURE PASSIVATION THICKNESS|OPEN PAD WINDOW|PAD WINDOW LITHO|DEVELOP PHOTORESIST|PASSIVATION ETCH|STRIP RESIST|CLEAN PAD OPENING|MEASURE PAD OPENING|BACKSIDE CLEAN|BACKSIDE GRIND|MEASURE THICKNESS|BACKSIDE ETCH CLEAN|BACKSIDE RINSE|BACKSIDE DRY|BACKSIDE METALLIZATION PREP|DEPOSIT BACKSIDE METAL|BACKSIDE ANNEAL|MEASURE BACKSIDE CONTACT|FINAL CLEAN|ELECTRICAL PARAMETRIC TEST|LEAKAGE TEST|WAFER SORT TEST|YIELD ANALYSIS|LOT|WAFER SORT TEST|WAFER SORT TEST|YIELD ANALYSIS|LOT RELEASE|PACKAGE PREPARATION|COAT TEST|COAT TEST|COAT TEST|SWITCHING TEST|WAFER SORT TEST|YIELD ANALYSIS|LOT RELEASE|PACKAGE PREPARATION|SHIP LOT
valid_mosfet_0058_f80,PASSIVATION ETCH|STRIP PHOTORESIST|CLEAN PAD OPENING|MEASURE PAD OPENING|BACKSIDE CLEAN|BACKSIDE GRIND|MEASURE THICKNESS|BACKSIDE ETCH CLEAN|BACKSIDE RINSE|BACKSIDE DRY|BACKSIDE METALLIZATION PREP|DEPOSIT BACKSIDE METAL|BACKSIDE ANNEAL|MEASURE BACKSIDE CONTACT|FINAL CLEAN|YIELD ANALYSIS|WAFER SORT TEST|LOT|WAFER SORT TEST|YIELD ANALYSIS|LOT|WAFER SORT TEST|STRIP PHOTORESIST|CLEAN|CLEAN|WAFER SORT TEST|YIELD ANALYSIS|LOT|WAFER SORT TEST|LOT|ELECTRICAL PARAMETRIC TEST|SWITCHING TEST|WAFER SORT TEST|YIELD ANALYSIS|LOT RELEASE|PACKAGE PREPARATION|COAT TEST|COAT TEST|COAT TEST|COAT TEST|WAFER SORT TEST|YIELD ANALYSIS|LOT RELEASE|SHIP LOT
valid_mosfet_0059_f60,DEPOSIT METAL SEED|FILL VIA METAL|CMP METAL|MEASURE VIA RESISTANCE|DEPOSIT TOP METAL|ANNEAL METAL|SPIN COAT PHOTORESIST|SOFT BAKE|ALIGN MASK LEVEL 4|EXPOSE LITHO LEVEL 4|DEVELOP PHOTORESIST|METAL PATTERN INSPECTION|METAL ETCH|STRIP PHOTORESIST|CLEAN AFTER METAL ETCH|DEPOSIT PASSIVATION|CURE PASSIVATION|MEASURE PASSIVATION THICKNESS|OPEN PAD WINDOW|PAD WINDOW LITHO|DEVELOP PHOTORESIST|PASSIVATION ETCH|STRIP RESIST|CLEAN PAD OPENING|MEASURE PAD OPENING|BACKSIDE CLEAN|BACKSIDE GRIND|MEASURE THICKNESS|BACKSIDE ETCH CLEAN|BACKSIDE RINSE|BACKSIDE DRY|BACKSIDE METALLIZATION PREP|DEPOSIT BACKSIDE METAL|BACKSIDE ANNEAL|MEASURE BACKSIDE CONTACT|FINAL CLEAN|ELECTRICAL PARAMETRIC TEST|LEAKAGE TEST|WAFER SORT TEST|YIELD ANALYSIS|LOT|WAFER SORT TEST|WAFER SORT TEST|YIELD ANALYSIS|LOT|WAFER SORT TEST|THROUGH DIELECTRIC CHECK|LOT|COAT TEST|COAT TEST|SWITCHING TEST|WAFER SORT TEST|YIELD ANALYSIS|LOT RELEASE|PACKAGE PREPARATION|SHIP LOT
valid_mosfet_0059_f80,CLEAN PAD OPENING|MEASURE PAD OPENING|BACKSIDE CLEAN|BACKSIDE GRIND|MEASURE THICKNESS|BACKSIDE ETCH CLEAN|BACKSIDE RINSE|BACKSIDE DRY|BACKSIDE METALLIZATION PREP|DEPOSIT BACKSIDE METAL|BACKSIDE ANNEAL|MEASURE BACKSIDE CONTACT|FINAL CLEAN|YIELD ANALYSIS|WAFER SORT TEST|LOT|WAFER SORT TEST|YIELD ANALYSIS|LOT|WAFER SORT TEST|WAFER SORT TEST|YIELD ANALYSIS|LOT|WAFER SORT TEST|THROUGH DIELECTRIC|SWITCHING TEST|WAFER SORT TEST|YIELD ANALYSIS|LOT|WAFER SORT TEST|ELECTRICAL ANALYSIS|WAFER SORT TEST|SWITCHING TEST|WAFER SORT TEST|YIELD ANALYSIS|LOT RELEASE|PACKAGE PREPARATION|COAT TEST|COAT TEST|COAT TEST|COAT TEST|WAFER SORT TEST|YIELD ANALYSIS|LOT RELEASE|PACKAGE PREPARATION|SHIP LOT
valid_mosfet_0060_f60,DEPOSIT BARRIER METAL|DEPOSIT METAL SEED|FILL VIA METAL|CMP METAL|DEPOSIT METAL 1|ANNEAL METAL|SPIN COAT PHOTORESIST|SOFT BAKE|ALIGN MASK LEVEL 4|EXPOSE LITHO LEVEL 4|DEVELOP PHOTORESIST|METAL PATTERN INSPECTION|METAL ETCH|STRIP RESIST|CLEAN AFTER METAL ETCH|DEPOSIT PASSIVATION|CURE PASSIVATION|MEASURE PASSIVATION THICKNESS|OPEN PAD WINDOW|PAD WINDOW LITHO|DEVELOP PHOTORESIST|PASSIVATION ETCH|STRIP RESIST|CLEAN PAD OPENING|MEASURE PAD OPENING|BACKSIDE CLEAN|BACKSIDE GRIND|MEASURE THICKNESS|BACKSIDE ETCH CLEAN|BACKSIDE RINSE|BACKSIDE DRY|BACKSIDE METALLIZATION PREP|DEPOSIT BACKSIDE METAL|BACKSIDE ANNEAL|MEASURE BACKSIDE CONTACT|FINAL CLEAN|ELECTRICAL PARAMETRIC TEST|LEAKAGE TEST|THRESHOLD VOLTAGE TEST|SWITCHING TEST|WAFER SORT TEST|YIELD ANALYSIS|LOT|WAFER SORT TEST|LOT|ELECTRICAL ANALYSIS|COAT TEST|WAFER SORT TEST|YIELD ANALYSIS|LOT RELEASE|PACKAGE PREPARATION|COAT TEST|COAT TEST|COAT TEST|BACKSIDE ANALYSIS|SWITCHING TEST|WAFER SORT TEST|YIELD ANALYSIS|LOT RELEASE|PACKAGE PREPARATION|COAT TEST|WAFER SORT TEST|YIELD ANALYSIS|LOT LOT RELEASE|PACKAGE PREPARATION|COAT TEST|COAT TEST|COAT TEST|COAT TEST|SWITCHING TEST|WAFER SORT TEST|YIELD ANALYSIS|LOT LOT LOT LOT LOT|WAFER SORT TEST|CMP DIELECTRIC BAKE|DENSIFY TEST|COAT ANALYSIS|DENSIFY TEST
valid_mosfet_0060_f80,DEVELOP PHOTORESIST|PASSIVATION ETCH|STRIP RESIST|CLEAN PAD OPENING|MEASURE PAD OPENING|BACKSIDE CLEAN|BACKSIDE GRIND|MEASURE THICKNESS|BACKSIDE ETCH CLEAN|BACKSIDE RINSE|BACKSIDE DRY|BACKSIDE METALLIZATION PREP|DEPOSIT BACKSIDE METAL|BACKSIDE ANNEAL|MEASURE BACKSIDE CONTACT|FINAL CLEAN|YIELD ANALYSIS|WAFER SORT TEST|LOT|WAFER SORT TEST|YIELD ANALYSIS|LOT|WAFER SORT TEST|STRIP RESIST|CLEAN|RAPID TEST|ELECTRICAL PARAMETRIC TEST|DEPOSIT ANALYSIS|CURE TEST|MEASURE TEST|OPEN|SWITCHING TEST|WAFER SORT TEST|YIELD ANALYSIS|LOT RELEASE|PACKAGE PREPARATION|SHIP LOT
valid_mosfet_0061_f60,CLEAN AFTER VIA ETCH|DEPOSIT BARRIER METAL|DEPOSIT METAL SEED|FILL VIA METAL|CMP METAL|DEPOSIT METAL 1|ANNEAL METAL|SPIN COAT PHOTORESIST|SOFT BAKE|ALIGN MASK LEVEL 4|EXPOSE LITHO LEVEL 4|DEVELOP PHOTORESIST|METAL PATTERN INSPECTION|METAL ETCH|STRIP PHOTORESIST|CLEAN AFTER METAL ETCH|DEPOSIT PASSIVATION|CURE PASSIVATION|MEASURE PASSIVATION THICKNESS|OPEN PAD WINDOW|PAD WINDOW LITHO|DEVELOP PHOTORESIST|PASSIVATION ETCH|STRIP RESIST|CLEAN PAD OPENING|MEASURE PAD OPENING|BACKSIDE CLEAN|BACKSIDE GRIND|MEASURE THICKNESS|BACKSIDE ETCH CLEAN|BACKSIDE RINSE|BACKSIDE DRY|BACKSIDE METALLIZATION PREP|DEPOSIT BACKSIDE METAL|BACKSIDE ANNEAL|MEASURE BACKSIDE CONTACT|FINAL CLEAN|ELECTRICAL PARAMETRIC TEST|LEAKAGE TEST|THRESHOLD VOLTAGE TEST|SWITCHING TEST|WAFER SORT TEST|YIELD ANALYSIS|LOT|WAFER SORT TEST|THROUGH DIELECTRIC CHECK|LOT|COAT TEST|COAT TEST|COAT TEST|SWITCHING TEST|WAFER SORT TEST|YIELD ANALYSIS|LOT RELEASE|PACKAGE PREPARATION|SHIP LOT
valid_mosfet_0061_f80,PASSIVATION ETCH|STRIP RESIST|CLEAN PAD OPENING|MEASURE PAD OPENING|BACKSIDE CLEAN|BACKSIDE GRIND|MEASURE THICKNESS|BACKSIDE ETCH CLEAN|BACKSIDE RINSE|BACKSIDE DRY|BACKSIDE METALLIZATION PREP|DEPOSIT BACKSIDE METAL|BACKSIDE ANNEAL|MEASURE BACKSIDE CONTACT|FINAL CLEAN|FINAL THICKNESS MEASURE|ELECTRICAL PARAMETRIC TEST|LEAKAGE TEST|THRESHOLD VOLTAGE TEST|SWITCHING TEST|WAFER SORT TEST|YIELD ANALYSIS|LOT|WAFER SORT TEST|LOT|COAT TEST|COAT TEST|SWITCHING TEST|WAFER SORT TEST|YIELD ANALYSIS|LOT|WAFER SORT TEST|ELECTRICAL ANALYSIS|WAFER SORT TEST|DEVELOP TEST|PASSIVATION TEST|WAFER SORT TEST|STRIP ANALYSIS|CLEAN YIELD ANALYSIS|LOT RELEASE|PACKAGE PREPARATION|COAT TEST|COAT TEST|COAT TEST|WAFER SORT TEST|YIELD ANALYSIS|LOT LOT LOT LOT LOT|COAT TEST|COAT TEST|COAT SORT TEST|YIELD ANALYSIS|LOT LOT LOT LOT LOT|WAFER SORT TEST|CMP DIELECTRIC CHECK|RAPID EXPOSE BAKE
valid_mosfet_0062_f60,DEPOSIT BARRIER METAL|DEPOSIT METAL SEED|FILL VIA METAL|CMP METAL|DEPOSIT METAL 1|ANNEAL METAL|SPIN COAT PHOTORESIST|SOFT BAKE|ALIGN MASK LEVEL 4|EXPOSE LITHO LEVEL 4|DEVELOP PHOTORESIST|METAL PATTERN INSPECTION|METAL ETCH|STRIP PHOTORESIST|CLEAN AFTER METAL ETCH|DEPOSIT PASSIVATION|CURE PASSIVATION|MEASURE PASSIVATION THICKNESS|OPEN PAD WINDOW|PAD WINDOW LITHO|DEVELOP PHOTORESIST|PASSIVATION ETCH|STRIP RESIST|CLEAN PAD OPENING|MEASURE PAD OPENING|BACKSIDE CLEAN|BACKSIDE GRIND|MEASURE THICKNESS|BACKSIDE ETCH CLEAN|BACKSIDE RINSE|BACKSIDE DRY|BACKSIDE METALLIZATION PREP|DEPOSIT BACKSIDE METAL|BACKSIDE ANNEAL|MEASURE BACKSIDE CONTACT|FINAL CLEAN|ELECTRICAL PARAMETRIC TEST|LEAKAGE TEST|THRESHOLD VOLTAGE TEST|SWITCHING TEST|WAFER SORT TEST|YIELD ANALYSIS|LOT|LOT|COAT TEST|COAT TEST|COAT TEST|SWITCHING TEST|WAFER SORT TEST|YIELD ANALYSIS|LOT RELEASE|PACKAGE PREPARATION|COAT TEST|COAT TEST|DENSIFY TEST|SWITCHING TEST|WAFER SORT TEST|YIELD ANALYSIS|LOT RELEASE|PACKAGE PREPARATION|SHIP LOT
valid_mosfet_0062_f80,STRIP PHOTORESIST|CLEAN PAD OPENING|MEASURE PAD OPENING|BACKSIDE CLEAN|BACKSIDE GRIND|MEASURE THICKNESS|BACKSIDE ETCH CLEAN|BACKSIDE RINSE|BACKSIDE DRY|BACKSIDE METALLIZATION PREP|DEPOSIT BACKSIDE METAL|BACKSIDE ANNEAL|MEASURE BACKSIDE CONTACT|FINAL CLEAN|FINAL THICKNESS MEASURE|FINAL GEOMETRY CHECK|ELECTRICAL PARAMETRIC TEST|LEAKAGE TEST|THRESHOLD VOLTAGE TEST|SWITCHING TEST|WAFER SORT TEST|YIELD ANALYSIS|LOT|WAFER SORT TEST|LOT|PARTICLE INSPECTION|WAFER SORT TEST|YIELD ANALYSIS|LOT|WAFER SORT TEST|LOT|COAT TEST|COAT TEST|WAFER SORT TEST|YIELD ANALYSIS|LOT RELEASE|PACKAGE PREPARATION|COAT TEST|COAT TEST|COAT TEST|SWITCHING TEST|WAFER SORT TEST|YIELD ANALYSIS|LOT LOT LOT LOT LOT|COAT TEST|COAT TEST|COAT TEST|CMP DIELECTRIC CHECK|RAPID EXPOSE BAKE|DEVELOP SORT TEST|VIA|DIELECTRIC CHECK|DIELECTRIC BAKE|DIELECTRIC CHECK|VIA
valid_mosfet_0063_f60,CLEAN AFTER VIA ETCH|DEPOSIT BARRIER METAL|DEPOSIT METAL SEED|FILL VIA METAL|CMP METAL|DEPOSIT INTERLAYER DIELECTRIC WIDTH|ANNEAL METAL|SPIN COAT PHOTORESIST|SOFT BAKE|ALIGN MASK LEVEL 4|EXPOSE LITHO LEVEL 4|DEVELOP PHOTORESIST|METAL PATTERN INSPECTION|METAL ETCH|STRIP RESIST|CLEAN AFTER METAL ETCH|DEPOSIT PASSIVATION|CURE PASSIVATION|MEASURE PASSIVATION THICKNESS|OPEN PAD WINDOW|PAD WINDOW LITHO|DEVELOP PHOTORESIST|PASSIVATION ETCH|STRIP RESIST|CLEAN PAD OPENING|MEASURE PAD OPENING|BACKSIDE CLEAN|BACKSIDE GRIND|MEASURE THICKNESS|BACKSIDE ETCH CLEAN|BACKSIDE RINSE|BACKSIDE DRY|BACKSIDE METALLIZATION PREP|DEPOSIT BACKSIDE METAL|BACKSIDE ANNEAL|MEASURE BACKSIDE CONTACT|FINAL CLEAN|FINAL THICKNESS MEASURE|YIELD ANALYSIS|WAFER SORT TEST|LOT|YIELD ANALYSIS|WAFER SORT TEST|LOT|PARTICLE INSPECTION|WAFER SORT TEST|YIELD ANALYSIS|LOT RELEASE|PACKAGE PREPARATION|PACKAGE PREPARATION|COAT TEST|SWITCHING TEST|WAFER SORT TEST|YIELD ANALYSIS|LOT RELEASE|PACKAGE PREPARATION|COAT TEST|COAT TEST|COAT TEST|COAT TEST|WAFER SORT TEST|YIELD ANALYSIS|LOT RELEASE|PACKAGE PREPARATION|SHIP LOT
valid_mosfet_0063_f80,PASSIVATION ETCH|STRIP PHOTORESIST|CLEAN PAD OPENING|MEASURE PAD OPENING|BACKSIDE CLEAN|BACKSIDE GRIND|MEASURE THICKNESS|BACKSIDE ETCH CLEAN|BACKSIDE RINSE|BACKSIDE DRY|BACKSIDE METALLIZATION PREP|DEPOSIT BACKSIDE METAL|BACKSIDE ANNEAL|MEASURE BACKSIDE CONTACT|FINAL CLEAN|YIELD ANALYSIS|WAFER SORT TEST|LOT|WAFER SORT TEST|YIELD ANALYSIS|LOT|WAFER SORT TEST|WAFER SORT TEST|YIELD ANALYSIS|LOT|WAFER SORT TEST|LOT|ELECTRICAL PARAMETRIC TEST|WAFER SORT TEST|YIELD ANALYSIS|LOT|WAFER SORT TEST|ELECTRICAL ANALYSIS|WAFER SORT TEST|LOT RELEASE|COAT TEST|COAT TEST|COAT TEST|COAT TEST|COAT TEST|SWITCHING TEST|WAFER SORT TEST|YIELD ANALYSIS|LOT RELEASE|SHIP LOT
valid_mosfet_0064_f60,DEPOSIT BARRIER METAL|DEPOSIT METAL SEED|FILL VIA METAL|CMP METAL|DEPOSIT METAL 1|ANNEAL METAL|SPIN COAT PHOTORESIST|SOFT BAKE|ALIGN MASK LEVEL 4|EXPOSE LITHO LEVEL 4|DEVELOP PHOTORESIST|METAL PATTERN INSPECTION|METAL ETCH|STRIP PHOTORESIST|CLEAN AFTER METAL ETCH|DEPOSIT PASSIVATION|CURE PASSIVATION|MEASURE PASSIVATION THICKNESS|OPEN PAD WINDOW|PAD WINDOW LITHO|DEVELOP PHOTORESIST|PASSIVATION ETCH|STRIP RESIST|CLEAN PAD OPENING|MEASURE PAD OPENING|BACKSIDE CLEAN|BACKSIDE GRIND|MEASURE THICKNESS|BACKSIDE ETCH CLEAN|BACKSIDE RINSE|BACKSIDE DRY|BACKSIDE METALLIZATION PREP|DEPOSIT BACKSIDE METAL|BACKSIDE ANNEAL|MEASURE BACKSIDE CONTACT|FINAL CLEAN|ELECTRICAL PARAMETRIC TEST|LEAKAGE TEST|WAFER SORT TEST|YIELD ANALYSIS|LOT|WAFER SORT TEST|WAFER SORT TEST|YIELD ANALYSIS|LOT|WAFER SORT TEST|ELECTRICAL ANALYSIS|VIA|DEPOSIT ANALYSIS|SWITCHING TEST|WAFER SORT TEST|YIELD ANALYSIS|LOT RELEASE|PACKAGE PREPARATION|COAT BACKSIDE CONTACT|COAT TEST|COAT TEST|SWITCHING TEST|WAFER SORT TEST|YIELD ANALYSIS|LOT RELEASE|PACKAGE PREPARATION|WAFER SORT TEST|COAT TEST|COAT TEST|COAT TEST|WAFER SORT TEST|YIELD ANALYSIS|LOT RELEASE|SHIP LOT
valid_mosfet_0064_f80,PASSIVATION ETCH|STRIP RESIST|CLEAN PAD OPENING|MEASURE PAD OPENING|BACKSIDE CLEAN|BACKSIDE GRIND|MEASURE THICKNESS|BACKSIDE ETCH CLEAN|BACKSIDE RINSE|BACKSIDE DRY|BACKSIDE METALLIZATION PREP|DEPOSIT BACKSIDE METAL|BACKSIDE ANNEAL|MEASURE BACKSIDE CONTACT|FINAL CLEAN|FINAL THICKNESS MEASURE|ELECTRICAL PARAMETRIC TEST|LEAKAGE TEST|THRESHOLD VOLTAGE TEST|SWITCHING TEST|WAFER SORT TEST|YIELD ANALYSIS|LOT|WAFER SORT TEST|LOT|ELECTRICAL ANALYSIS|WAFER SORT TEST|YIELD ANALYSIS|LOT|WAFER SORT TEST|LOT|ELECTRICAL ANALYSIS|WAFER SORT TEST|YIELD ANALYSIS|LOT RELEASE|PACKAGE PREPARATION|COAT TEST|COAT TEST|COAT TEST|COAT TEST|WAFER SORT TEST|YIELD ANALYSIS|LOT LOT LOT LOT LOT|WAFER SORT TEST|ELECTRICAL YIELD ANALYSIS|WAFER SORT TEST|LOT LOT FINAL YIELD ANALYSIS|WAFER SORT TEST|LOT LOT LOT LOT|CMP DIELECTRIC CHECK|CMP DIELECTRIC BAKE|DENSIFY TEST|DEVELOP ANALYSIS|VIA ETCH VIA
valid_mosfet_0065_f60,CLEAN AFTER VIA ETCH|DEPOSIT BARRIER METAL|DEPOSIT METAL SEED|FILL VIA METAL|CMP METAL|DEPOSIT METAL 1|ANNEAL METAL|SPIN COAT PHOTORESIST|SOFT BAKE|ALIGN MASK LEVEL 4|EXPOSE LITHO LEVEL 4|DEVELOP PHOTORESIST|METAL PATTERN INSPECTION|METAL ETCH|STRIP PHOTORESIST|CLEAN AFTER METAL ETCH|DEPOSIT PASSIVATION|CURE PASSIVATION|MEASURE PASSIVATION THICKNESS|OPEN PAD WINDOW|PAD WINDOW LITHO|DEVELOP PHOTORESIST|PASSIVATION ETCH|STRIP RESIST|CLEAN PAD OPENING|MEASURE PAD OPENING|BACKSIDE CLEAN|BACKSIDE GRIND|MEASURE THICKNESS|BACKSIDE ETCH CLEAN|BACKSIDE RINSE|BACKSIDE DRY|BACKSIDE METALLIZATION PREP|DEPOSIT BACKSIDE METAL|BACKSIDE ANNEAL|MEASURE BACKSIDE CONTACT|FINAL CLEAN|ELECTRICAL PARAMETRIC TEST|LEAKAGE TEST|PARAMETRIC TEST|SWITCHING TEST|WAFER SORT TEST|YIELD ANALYSIS|LOT RELEASE|PACKAGE PREPARATION|COAT TEST|COAT TEST|COAT TEST|SWITCHING TEST|WAFER SORT TEST|YIELD ANALYSIS|LOT|WAFER SORT TEST|ELECTRICAL ANALYSIS|WAFER SORT TEST|DEVELOP TEST|PASSIVATION TEST|STRIP RESIST|CLEAN YIELD ANALYSIS|LOT RELEASE|PACKAGE PREPARATION|SHIP LOT
valid_mosfet_0065_f80,PASSIVATION ETCH|STRIP RESIST|CLEAN PAD OPENING|MEASURE PAD OPENING|BACKSIDE CLEAN|BACKSIDE GRIND|MEASURE THICKNESS|BACKSIDE ETCH CLEAN|BACKSIDE RINSE|BACKSIDE DRY|BACKSIDE METALLIZATION PREP|DEPOSIT BACKSIDE METAL|BACKSIDE ANNEAL|MEASURE BACKSIDE CONTACT|FINAL CLEAN|FINAL THICKNESS MEASURE|FINAL GEOMETRY CHECK|ELECTRICAL PARAMETRIC TEST|LEAKAGE TEST|PARAMETRIC TEST|SWITCHING TEST|WAFER SORT TEST|YIELD ANALYSIS|LOT|WAFER SORT TEST|LOT|PARTICLE INSPECTION|WAFER SORT TEST|YIELD ANALYSIS|LOT|WAFER SORT TEST|LOT|COAT TEST|COAT TEST|WAFER SORT TEST|YIELD ANALYSIS|LOT RELEASE|PACKAGE PREPARATION|COAT TEST|COAT TEST|COAT TEST|COAT TEST|SWITCHING TEST|WAFER SORT TEST|YIELD ANALYSIS|LOT LOT LOT LOT LOT|COAT TEST|COAT TEST|COAT TEST|CMP DIELECTRIC CHECK|RAPID EXPOSE BAKE|DEVELOP SORT TEST|VIA|DIELECTRIC BAKE|DIELECTRIC BAKE|DIELECTRIC BAKE
valid_mosfet_0066_f60,DEPOSIT BARRIER METAL|DEPOSIT METAL SEED|FILL VIA METAL|CMP METAL|DEPOSIT METAL 1|ANNEAL METAL|SPIN COAT PHOTORESIST|SOFT BAKE|ALIGN MASK LEVEL 4|EXPOSE LITHO LEVEL 4|DEVELOP PHOTORESIST|METAL PATTERN INSPECTION|METAL ETCH|STRIP RESIST|CLEAN AFTER METAL ETCH|DEPOSIT PASSIVATION|CURE PASSIVATION|MEASURE PASSIVATION THICKNESS|OPEN PAD WINDOW|PAD WINDOW LITHO|DEVELOP PHOTORESIST|PASSIVATION ETCH|STRIP RESIST|CLEAN PAD OPENING|MEASURE PAD OPENING|BACKSIDE CLEAN|BACKSIDE GRIND|MEASURE THICKNESS|BACKSIDE ETCH CLEAN|BACKSIDE RINSE|BACKSIDE DRY|BACKSIDE METALLIZATION PREP|DEPOSIT BACKSIDE METAL|BACKSIDE ANNEAL|MEASURE BACKSIDE CONTACT|FINAL CLEAN|ELECTRICAL PARAMETRIC TEST|LEAKAGE TEST|WAFER SORT TEST|YIELD ANALYSIS|LOT|WAFER SORT TEST|WAFER SORT TEST|YIELD ANALYSIS|LOT RELEASE|PACKAGE PREPARATION|COAT TEST|COAT TEST|COAT TEST|SWITCHING TEST|WAFER SORT TEST|YIELD ANALYSIS|LOT RELEASE|PACKAGE PREPARATION|SHIP LOT
valid_mosfet_0066_f80,PASSIVATION ETCH|STRIP RESIST|CLEAN PAD OPENING|MEASURE PAD OPENING|BACKSIDE CLEAN|BACKSIDE GRIND|MEASURE THICKNESS|BACKSIDE ETCH CLEAN|BACKSIDE RINSE|BACKSIDE DRY|BACKSIDE METALLIZATION PREP|DEPOSIT BACKSIDE METAL|BACKSIDE ANNEAL|MEASURE BACKSIDE CONTACT|FINAL CLEAN|FINAL THICKNESS MEASURE|FINAL GEOMETRY CHECK|ELECTRICAL PARAMETRIC TEST|LEAKAGE TEST|WAFER SORT TEST|YIELD ANALYSIS|LOT|WAFER SORT TEST|STRIP RESIST|CLEAN|RAPID TEST|RAPID TEST|SWITCHING TEST|WAFER SORT TEST|YIELD ANALYSIS|LOT|WAFER SORT TEST|WAFER SORT TEST|YIELD ANALYSIS|LOT RELEASE|PACKAGE PREPARATION|PACKAGE PREPARATION|COAT TEST|COAT TEST|COAT TEST|WAFER SORT TEST|YIELD ANALYSIS|LOT RELEASE|PACKAGE PREPARATION|SHIP LOT
valid_mosfet_0067_f60,CLEAN AFTER VIA ETCH|DEPOSIT BARRIER METAL|DEPOSIT METAL SEED|FILL VIA METAL|CMP METAL|DEPOSIT INTERLAYER DIELECTRIC|DEPOSIT METAL SEED|ANNEAL METAL|SPIN COAT PHOTORESIST|SOFT BAKE|ALIGN MASK LEVEL 4|EXPOSE LITHO LEVEL 4|DEVELOP PHOTORESIST|METAL PATTERN INSPECTION|METAL ETCH|STRIP PHOTORESIST|CLEAN AFTER METAL ETCH|DEPOSIT PASSIVATION|CURE PASSIVATION|MEASURE PASSIVATION THICKNESS|OPEN PAD WINDOW|PAD WINDOW LITHO|DEVELOP PHOTORESIST|PASSIVATION ETCH|STRIP RESIST|CLEAN PAD OPENING|MEASURE PAD OPENING|BACKSIDE CLEAN|BACKSIDE GRIND|MEASURE THICKNESS|BACKSIDE ETCH CLEAN|BACKSIDE RINSE|BACKSIDE DRY|BACKSIDE METALLIZATION PREP|DEPOSIT BACKSIDE METAL|BACKSIDE ANNEAL|MEASURE BACKSIDE CONTACT|FINAL CLEAN|ELECTRICAL PARAMETRIC TEST|LEAKAGE TEST|THRESHOLD VOLTAGE TEST|SWITCHING TEST|WAFER SORT TEST|YIELD ANALYSIS|LOT|WAFER SORT TEST|ELECTRICAL PARAMETRIC TEST|SWITCHING TEST|WAFER SORT TEST|YIELD ANALYSIS|LOT RELEASE|PACKAGE PREPARATION|COAT TEST|COAT TEST|DENSIFY TEST|SWITCHING TEST|WAFER SORT TEST|YIELD ANALYSIS|LOT RELEASE|PACKAGE PREPARATION|SHIP LOT
valid_mosfet_0067_f80,PASSIVATION ETCH|STRIP RESIST|CLEAN PAD OPENING|MEASURE PAD OPENING|BACKSIDE CLEAN|BACKSIDE GRIND|MEASURE THICKNESS|BACKSIDE ETCH CLEAN|BACKSIDE RINSE|BACKSIDE DRY|BACKSIDE METALLIZATION PREP|DEPOSIT BACKSIDE METAL|BACKSIDE ANNEAL|MEASURE BACKSIDE CONTACT|FINAL CLEAN|FINAL THICKNESS MEASURE|FINAL GEOMETRY CHECK|ELECTRICAL PARAMETRIC TEST|LEAKAGE TEST|THRESHOLD VOLTAGE TEST|SWITCHING TEST|WAFER SORT TEST|YIELD ANALYSIS|LOT|WAFER SORT TEST|LOT|ELECTRICAL PARAMETRIC TEST|WAFER SORT TEST|YIELD ANALYSIS|LOT|WAFER SORT TEST|ELECTRICAL ANALYSIS|WAFER SORT TEST|DEVELOP TEST|PASSIVATION TEST|WAFER SORT TEST|STRIP RESIST|CLEAN YIELD ANALYSIS|LOT RELEASE|PACKAGE PREPARATION|SHIP LOT
valid_mosfet_0068_f60,CLEAN AFTER VIA ETCH|DEPOSIT BARRIER METAL|DEPOSIT METAL SEED|FILL VIA METAL|CMP METAL|DEPOSIT METAL 1|ANNEAL METAL|SPIN COAT PHOTORESIST|SOFT BAKE|ALIGN MASK LEVEL 4|EXPOSE LITHO LEVEL 4|DEVELOP PHOTORESIST|METAL PATTERN INSPECTION|METAL ETCH|STRIP RESIST|CLEAN AFTER METAL ETCH|DEPOSIT PASSIVATION|CURE PASSIVATION|MEASURE PASSIVATION THICKNESS|OPEN PAD WINDOW|PAD WINDOW LITHO|DEVELOP PHOTORESIST|PASSIVATION ETCH|STRIP RESIST|CLEAN PAD OPENING|MEASURE PAD OPENING|BACKSIDE CLEAN|BACKSIDE GRIND|MEASURE THICKNESS|BACKSIDE ETCH CLEAN|BACKSIDE RINSE|BACKSIDE DRY|BACKSIDE METALLIZATION PREP|DEPOSIT BACKSIDE METAL|BACKSIDE ANNEAL|MEASURE BACKSIDE CONTACT|FINAL CLEAN|ELECTRICAL PARAMETRIC TEST|LEAKAGE TEST|THRESHOLD VOLTAGE TEST|SWITCHING TEST|WAFER SORT TEST|YIELD ANALYSIS|LOT|WAFER SORT TEST|THROUGH DIELECTRIC CHECK|LOT|COAT TEST|COAT TEST|WAFER SORT TEST|YIELD ANALYSIS|LOT RELEASE|PACKAGE PREPARATION|COAT TEST|COAT TEST|COAT TEST|BACKSIDE ANALYSIS|SWITCHING TEST|WAFER SORT TEST|YIELD ANALYSIS|LOT LOT LOT RELEASE|PACKAGE PREPARATION|WAFER SORT TEST|ELECTRICAL YIELD ANALYSIS|WAFER SORT TEST|LOT|ELECTRICAL YIELD ANALYSIS|WAFER SORT TEST|LOT RELEASE|COAT TEST|WAFER SORT TEST|CMP DIELECTRIC CHECK|DEVELOP ANALYSIS|VIA YIELD ANALYSIS|DIELECTRIC BAKE|DIELECTRIC BAKE|VIA|DENSIFY TEST|DENSIFY TEST
valid_mosfet_0068_f80,STRIP RESIST|CLEAN PAD OPENING|MEASURE PAD OPENING|BACKSIDE CLEAN|BACKSIDE GRIND|MEASURE THICKNESS|BACKSIDE ETCH CLEAN|BACKSIDE RINSE|BACKSIDE DRY|BACKSIDE METALLIZATION PREP|DEPOSIT BACKSIDE METAL|BACKSIDE ANNEAL|MEASURE BACKSIDE CONTACT|FINAL CLEAN|YIELD ANALYSIS|WAFER SORT TEST|LOT|WAFER SORT TEST|YIELD ANALYSIS|LOT|WAFER SORT TEST|WAFER SORT TEST|YIELD ANALYSIS|LOT|WAFER SORT TEST|LOT|ELECTRICAL PARAMETRIC TEST|WAFER SORT TEST|YIELD ANALYSIS|LOT RELEASE|PACKAGE PREPARATION|SHIP LOT
valid_mosfet_0069_f60,CLEAN AFTER VIA ETCH|DEPOSIT BARRIER METAL|DEPOSIT METAL SEED|FILL VIA METAL|CMP METAL|DEPOSIT METAL 1|ANNEAL METAL|SPIN COAT PHOTORESIST|SOFT BAKE|ALIGN MASK LEVEL 4|EXPOSE LITHO LEVEL 4|DEVELOP PHOTORESIST|METAL PATTERN INSPECTION|METAL ETCH|STRIP PHOTORESIST|CLEAN AFTER METAL ETCH|DEPOSIT PASSIVATION|CURE PASSIVATION|MEASURE PASSIVATION THICKNESS|OPEN PAD WINDOW|PAD WINDOW LITHO|DEVELOP PHOTORESIST|PASSIVATION ETCH|STRIP RESIST|CLEAN PAD OPENING|MEASURE PAD OPENING|BACKSIDE CLEAN|BACKSIDE GRIND|MEASURE THICKNESS|BACKSIDE ETCH CLEAN|BACKSIDE RINSE|BACKSIDE DRY|BACKSIDE METALLIZATION PREP|DEPOSIT BACKSIDE METAL|BACKSIDE ANNEAL|MEASURE BACKSIDE CONTACT|FINAL CLEAN|ELECTRICAL PARAMETRIC TEST|LEAKAGE TEST|THRESHOLD VOLTAGE TEST|SWITCHING TEST|WAFER SORT TEST|YIELD ANALYSIS|LOT|WAFER SORT TEST|THROUGH DIELECTRIC CHECK|LOT|COAT TEST|COAT TEST|WAFER SORT TEST|YIELD ANALYSIS|LOT RELEASE|PACKAGE PREPARATION|COAT TEST|COAT TEST|BACKSIDE ANALYSIS|BACKSIDE ANNEAL|MEASURE|MEASURE|CMP VIA|BACKSIDE ANALYSIS|BACKSIDE ANNEAL|MEASURE WAFER SORT TEST|DEVELOP TEST|PASSIVATION TEST|DIELECTRIC CHECK|STRIP RESIST|CLEAN YIELD ANALYSIS|LOT RELEASE|PACKAGE PREPARATION|COAT TEST|COAT TEST|COAT TEST|BACKSIDE ANALYSIS|WAFER SORT TEST|YIELD ANALYSIS|LOT LOT LOT LOT LOT|WAFER SORT TEST|DENSIFY TEST|YIELD ANALYSIS
valid_mosfet_0069_f80,DEVELOP PHOTORESIST|PASSIVATION ETCH|STRIP RESIST|CLEAN PAD OPENING|MEASURE PAD OPENING|BACKSIDE CLEAN|BACKSIDE GRIND|MEASURE THICKNESS|BACKSIDE ETCH CLEAN|BACKSIDE RINSE|BACKSIDE DRY|BACKSIDE METALLIZATION PREP|DEPOSIT BACKSIDE METAL|BACKSIDE ANNEAL|MEASURE BACKSIDE CONTACT|FINAL CLEAN|FINAL THICKNESS MEASURE|FINAL GEOMETRY CHECK|ELECTRICAL PARAMETRIC TEST|LEAKAGE TEST|THRESHOLD VOLTAGE TEST|SWITCHING TEST|WAFER SORT TEST|YIELD ANALYSIS|LOT|WAFER SORT TEST|LOT|PARTICLE INSPECTION|WAFER SORT TEST|YIELD ANALYSIS|LOT|WAFER SORT TEST|LOT|COAT TEST|COAT TEST|WAFER SORT TEST|YIELD ANALYSIS|LOT RELEASE|PACKAGE PREPARATION|COAT TEST|COAT TEST|COAT TEST|COAT TEST|WAFER SORT TEST|YIELD ANALYSIS|LOT LOT LOT LOT LOT|WAFER SORT TEST|ELECTRICAL YIELD ANALYSIS|WAFER SORT TEST|LOT LOT LOT LOT LOT|CMP DIELECTRIC CHECK|COAT TEST|WAFER SORT TEST|YIELD ANALYSIS|LOT LOT LOT LOT
valid_mosfet_0070_f60,DEPOSIT BARRIER METAL|DEPOSIT METAL SEED|FILL VIA METAL|CMP METAL|DEPOSIT METAL 1|ANNEAL METAL|SPIN COAT PHOTORESIST|SOFT BAKE|ALIGN MASK LEVEL 4|EXPOSE LITHO LEVEL 4|DEVELOP PHOTORESIST|METAL PATTERN INSPECTION|METAL ETCH|STRIP PHOTORESIST|CLEAN AFTER METAL ETCH|DEPOSIT PASSIVATION|CURE PASSIVATION|MEASURE PASSIVATION THICKNESS|OPEN PAD WINDOW|PAD WINDOW LITHO|DEVELOP PHOTORESIST|PASSIVATION ETCH|STRIP RESIST|CLEAN PAD OPENING|MEASURE PAD OPENING|BACKSIDE CLEAN|BACKSIDE GRIND|MEASURE THICKNESS|BACKSIDE ETCH CLEAN|BACKSIDE RINSE|BACKSIDE DRY|BACKSIDE METALLIZATION PREP|DEPOSIT BACKSIDE METAL|BACKSIDE ANNEAL|MEASURE BACKSIDE CONTACT|FINAL CLEAN|ELECTRICAL PARAMETRIC TEST|LEAKAGE TEST|WAFER SORT TEST|YIELD ANALYSIS|LOT|WAFER SORT TEST|WAFER SORT TEST|YIELD ANALYSIS|LOT RELEASE|PACKAGE PREPARATION|COAT TEST|COAT TEST|COAT TEST|SWITCHING TEST|WAFER SORT TEST|YIELD ANALYSIS|LOT RELEASE|PACKAGE PREPARATION|SHIP LOT
valid_mosfet_0070_f80,PASSIVATION ETCH|STRIP PHOTORESIST|CLEAN PAD OPENING|MEASURE PAD OPENING|BACKSIDE CLEAN|BACKSIDE GRIND|MEASURE THICKNESS|BACKSIDE ETCH CLEAN|BACKSIDE RINSE|BACKSIDE DRY|BACKSIDE METALLIZATION PREP|DEPOSIT BACKSIDE METAL|BACKSIDE ANNEAL|MEASURE BACKSIDE CONTACT|FINAL CLEAN|FINAL THICKNESS MEASURE|FINAL GEOMETRY CHECK|ELECTRICAL PARAMETRIC TEST|LEAKAGE TEST|THRESHOLD VOLTAGE TEST|SWITCHING TEST|WAFER SORT TEST|YIELD ANALYSIS|LOT|WAFER SORT TEST|LOT|ELECTRICAL PARAMETRIC TEST|WAFER SORT TEST|YIELD ANALYSIS|LOT|WAFER SORT TEST|LOT|ELECTRICAL ANALYSIS|WAFER SORT TEST|YIELD ANALYSIS|LOT RELEASE|PACKAGE PREPARATION|COAT TEST|COAT TEST|WAFER SORT TEST|YIELD ANALYSIS|LOT LOT LOT LOT LOT|WAFER SORT TEST|ELECTRICAL YIELD ANALYSIS|WAFER SORT TEST|LOT|THROUGH DIELECTRIC CHECK|WAFER SORT TEST|YIELD ANALYSIS|LOT LOT LOT LOT LOT|COAT TEST|DENSIFY TEST|DENSIFY TEST|DENSIFY TEST|DEPOSIT
valid_mosfet_0071_f60,DEPOSIT BARRIER METAL|DEPOSIT METAL SEED|FILL VIA METAL|CMP METAL|DEPOSIT TOP METAL|ANNEAL METAL|SPIN COAT PHOTORESIST|SOFT BAKE|ALIGN MASK LEVEL 4|EXPOSE LITHO LEVEL 4|DEVELOP PHOTORESIST|METAL PATTERN INSPECTION|METAL ETCH|STRIP PHOTORESIST|CLEAN AFTER METAL ETCH|DEPOSIT PASSIVATION|CURE PASSIVATION|MEASURE PASSIVATION THICKNESS|OPEN PAD WINDOW|PAD WINDOW LITHO|DEVELOP PHOTORESIST|PASSIVATION ETCH|STRIP RESIST|CLEAN PAD OPENING|MEASURE PAD OPENING|BACKSIDE CLEAN|BACKSIDE GRIND|MEASURE THICKNESS|BACKSIDE ETCH CLEAN|BACKSIDE RINSE|BACKSIDE DRY|BACKSIDE METALLIZATION PREP|DEPOSIT BACKSIDE METAL|BACKSIDE ANNEAL|MEASURE BACKSIDE CONTACT|FINAL CLEAN|ELECTRICAL PARAMETRIC TEST|LEAKAGE TEST|THRESHOLD VOLTAGE TEST|SWITCHING TEST|WAFER SORT TEST|YIELD ANALYSIS|LOT|WAFER SORT TEST|THROUGH DIELECTRIC CHECK|LOT|COAT TEST|COAT TEST|COAT TEST|SWITCHING TEST|WAFER SORT TEST|YIELD ANALYSIS|LOT RELEASE|PACKAGE PREPARATION|SHIP LOT
valid_mosfet_0071_f80,STRIP RESIST|CLEAN PAD OPENING|MEASURE PAD OPENING|BACKSIDE CLEAN|BACKSIDE GRIND|MEASURE THICKNESS|BACKSIDE ETCH CLEAN|BACKSIDE RINSE|BACKSIDE DRY|BACKSIDE METALLIZATION PREP|DEPOSIT BACKSIDE METAL|BACKSIDE ANNEAL|MEASURE BACKSIDE CONTACT|FINAL CLEAN|YIELD ANALYSIS|WAFER SORT TEST|LOT|WAFER SORT TEST|YIELD ANALYSIS|LOT|WAFER SORT TEST|STRIP RESIST|CLEAN|CLEAN|WAFER SORT TEST|YIELD ANALYSIS|LOT|WAFER SORT TEST|LOT|ELECTRICAL PARAMETRIC TEST|SWITCHING TEST|WAFER SORT TEST|YIELD ANALYSIS|LOT RELEASE|PACKAGE PREPARATION|PACKAGE PREPARATION|COAT TEST|COAT TEST|COAT TEST|WAFER SORT TEST|YIELD ANALYSIS|LOT RELEASE|PACKAGE PREPARATION|COAT TEST|COAT TEST|COAT TEST|COAT TEST|DEVELOP TEST|VIA WAFER SORT TEST|STRIP ANALYSIS|CLEAN YIELD ANALYSIS|LOT LOT LOT LOT LOT|WAFER SORT TEST|DENSIFY TEST|DENSIFY TEST
valid_mosfet_0072_f60,DEPOSIT METAL SEED|FILL VIA METAL|CMP METAL|DEPOSIT METAL 1|ANNEAL METAL|SPIN COAT PHOTORESIST|SOFT BAKE|ALIGN MASK LEVEL 4|EXPOSE LITHO LEVEL 4|DEVELOP PHOTORESIST|METAL PATTERN INSPECTION|METAL ETCH|STRIP RESIST|CLEAN AFTER METAL ETCH|DEPOSIT PASSIVATION|CURE PASSIVATION|MEASURE PASSIVATION THICKNESS|OPEN PAD WINDOW|PAD WINDOW LITHO|DEVELOP PHOTORESIST|PASSIVATION ETCH|STRIP RESIST|CLEAN PAD OPENING|MEASURE PAD OPENING|BACKSIDE CLEAN|BACKSIDE GRIND|MEASURE THICKNESS|BACKSIDE ETCH CLEAN|BACKSIDE RINSE|BACKSIDE DRY|BACKSIDE METALLIZATION PREP|DEPOSIT BACKSIDE METAL|BACKSIDE ANNEAL|MEASURE BACKSIDE CONTACT|FINAL CLEAN|ELECTRICAL PARAMETRIC TEST|LEAKAGE TEST|THRESHOLD VOLTAGE TEST|SWITCHING TEST|WAFER SORT TEST|YIELD ANALYSIS|LOT|WAFER SORT TEST|LOT|ELECTRICAL ANALYSIS|COAT TEST|WAFER SORT TEST|YIELD ANALYSIS|LOT|WAFER SORT TEST|LOT|ELECTRICAL ANALYSIS|WAFER SORT TEST|YIELD ANALYSIS|LOT RELEASE|PACKAGE PREPARATION|PACKAGE PREPARATION|COAT TEST|COAT TEST|COAT TEST|SWITCHING TEST|WAFER SORT TEST|YIELD ANALYSIS|LOT LOT LOT RELEASE|COAT TEST|COAT TEST|COAT TEST|COAT TEST|COAT TEST|SWITCHING TEST|WAFER SORT TEST|YIELD ANALYSIS|LOT LOT LOT LOT LOT|COAT SORT TEST|CMP DIELECTRIC BAKE|DENSIFY TEST|DEVELOP YIELD ANALYSIS|DIELECTRIC BAKE
valid_mosfet_0072_f80,CLEAN PAD OPENING|MEASURE PAD OPENING|BACKSIDE CLEAN|BACKSIDE GRIND|MEASURE THICKNESS|BACKSIDE ETCH CLEAN|BACKSIDE RINSE|BACKSIDE DRY|BACKSIDE METALLIZATION PREP|DEPOSIT BACKSIDE METAL|BACKSIDE ANNEAL|MEASURE BACKSIDE CONTACT|FINAL CLEAN|ELECTRICAL PARAMETRIC TEST|LEAKAGE TEST|THRESHOLD VOLTAGE TEST|SWITCHING TEST|WAFER SORT TEST|YIELD ANALYSIS|LOT|WAFER SORT TEST|LOT|ELECTRICAL PARAMETRIC TEST|WAFER SORT TEST|YIELD ANALYSIS|LOT|WAFER SORT TEST|LOT|ELECTRICAL ANALYSIS|WAFER SORT TEST|YIELD ANALYSIS|LOT RELEASE|PACKAGE PREPARATION|COAT TEST|COAT TEST|COAT TEST|COAT TEST|WAFER SORT TEST|YIELD ANALYSIS|LOT RELEASE|COAT TEST|COAT TEST|COAT TEST|COAT TEST|COAT TEST|WAFER SORT TEST|YIELD ANALYSIS|LOT WAFER SORT TEST|THROUGH DIELECTRIC CHECK|RAPID EXPOSE BAKE|DEVELOP ANALYSIS|VIA WAFER SORT TEST|DIELECTRIC CHECK|DIELECTRIC BAKE
valid_mosfet_0073_f60,CLEAN AFTER VIA ETCH|DEPOSIT BARRIER METAL|DEPOSIT METAL SEED|FILL VIA METAL|CMP METAL|DEPOSIT TOP METAL|ANNEAL METAL|SPIN COAT PHOTORESIST|SOFT BAKE|ALIGN MASK LEVEL 4|EXPOSE LITHO LEVEL 4|DEVELOP PHOTORESIST|METAL PATTERN INSPECTION|METAL ETCH|STRIP RESIST|CLEAN AFTER METAL ETCH|DEPOSIT PASSIVATION|CURE PASSIVATION|MEASURE PASSIVATION THICKNESS|OPEN PAD WINDOW|PAD WINDOW LITHO|DEVELOP PHOTORESIST|PASSIVATION ETCH|STRIP RESIST|CLEAN PAD OPENING|MEASURE PAD OPENING|BACKSIDE CLEAN|BACKSIDE GRIND|MEASURE THICKNESS|BACKSIDE ETCH CLEAN|BACKSIDE RINSE|BACKSIDE DRY|BACKSIDE METALLIZATION PREP|DEPOSIT BACKSIDE METAL|BACKSIDE ANNEAL|MEASURE BACKSIDE CONTACT|FINAL CLEAN|ELECTRICAL PARAMETRIC TEST|LEAKAGE TEST|WAFER SORT TEST|YIELD ANALYSIS|LOT|WAFER SORT TEST|WAFER SORT TEST|LOT|YIELD ANALYSIS|LOT RELEASE|PACKAGE PREPARATION|COAT TEST|COAT TEST|COAT TEST|SWITCHING TEST|WAFER SORT TEST|YIELD ANALYSIS|LOT RELEASE|PACKAGE PREPARATION|SHIP LOT
valid_mosfet_0073_f80,PASSIVATION ETCH|STRIP PHOTORESIST|CLEAN PAD OPENING|MEASURE PAD OPENING|BACKSIDE CLEAN|BACKSIDE GRIND|MEASURE THICKNESS|BACKSIDE ETCH CLEAN|BACKSIDE RINSE|BACKSIDE DRY|BACKSIDE METALLIZATION PREP|DEPOSIT BACKSIDE METAL|BACKSIDE ANNEAL|MEASURE BACKSIDE CONTACT|FINAL CLEAN|FINAL THICKNESS MEASURE|FINAL GEOMETRY CHECK|ELECTRICAL PARAMETRIC TEST|LEAKAGE TEST|THRESHOLD VOLTAGE TEST|SWITCHING TEST|WAFER SORT TEST|YIELD ANALYSIS|LOT|WAFER SORT TEST|LOT|PARTICLE INSPECTION|WAFER SORT TEST|YIELD ANALYSIS|LOT|WAFER SORT TEST|LOT|COAT TEST|COAT TEST|COAT TEST|SWITCHING TEST|WAFER SORT TEST|YIELD ANALYSIS|LOT RELEASE|PACKAGE PREPARATION|SHIP LOT
valid_mosfet_0074_f60,DEPOSIT BARRIER METAL|DEPOSIT METAL SEED|FILL VIA METAL|CMP METAL|DEPOSIT METAL 1|ANNEAL METAL|SPIN COAT PHOTORESIST|SOFT BAKE|ALIGN MASK LEVEL 4|EXPOSE LITHO LEVEL 4|DEVELOP PHOTORESIST|METAL PATTERN INSPECTION|METAL ETCH|STRIP RESIST|CLEAN AFTER METAL ETCH|DEPOSIT PASSIVATION|CURE PASSIVATION|MEASURE PASSIVATION THICKNESS|OPEN PAD WINDOW|PAD WINDOW LITHO|DEVELOP PHOTORESIST|PASSIVATION ETCH|STRIP RESIST|CLEAN PAD OPENING|MEASURE PAD OPENING|BACKSIDE CLEAN|BACKSIDE GRIND|MEASURE THICKNESS|BACKSIDE ETCH CLEAN|BACKSIDE RINSE|BACKSIDE DRY|BACKSIDE METALLIZATION PREP|DEPOSIT BACKSIDE METAL|BACKSIDE ANNEAL|MEASURE BACKSIDE CONTACT|FINAL CLEAN|ELECTRICAL PARAMETRIC TEST|LEAKAGE TEST|THRESHOLD VOLTAGE TEST|SWITCHING TEST|WAFER SORT TEST|YIELD ANALYSIS|LOT|WAFER SORT TEST|LOT|ELECTRICAL ANALYSIS|COAT TEST|SWITCHING TEST|WAFER SORT TEST|YIELD ANALYSIS|LOT|WAFER SORT TEST|LOT RELEASE|COAT TEST|COAT TEST|COAT TEST|WAFER SORT TEST|YIELD ANALYSIS|LOT RELEASE|PACKAGE PREPARATION|SHIP LOT
valid_mosfet_0074_f80,CLEAN PAD OPENING|MEASURE PAD OPENING|BACKSIDE CLEAN|BACKSIDE GRIND|MEASURE THICKNESS|BACKSIDE ETCH CLEAN|BACKSIDE RINSE|BACKSIDE DRY|BACKSIDE METALLIZATION PREP|DEPOSIT BACKSIDE METAL|BACKSIDE ANNEAL|MEASURE BACKSIDE CONTACT|FINAL CLEAN|ELECTRICAL PARAMETRIC TEST|LEAKAGE TEST|THRESHOLD VOLTAGE TEST|SWITCHING TEST|WAFER SORT TEST|YIELD ANALYSIS|LOT|WAFER SORT TEST|THROUGH DIELECTRIC CHECK|LOT|COAT TEST|WAFER SORT TEST|YIELD ANALYSIS|LOT|WAFER SORT TEST|LOT|ELECTRICAL ANALYSIS|WAFER SORT TEST|SWITCHING TEST|WAFER SORT TEST|YIELD ANALYSIS|LOT RELEASE|PACKAGE PREPARATION|COAT TEST|COAT TEST|COAT TEST|COAT TEST|WAFER SORT TEST|YIELD ANALYSIS|LOT RELEASE|COAT TEST|SHIP LOT
valid_mosfet_0075_f60,DEPOSIT METAL SEED|FILL VIA METAL|CMP METAL|DEPOSIT METAL 1|ANNEAL METAL|SPIN COAT PHOTORESIST|SOFT BAKE|ALIGN MASK LEVEL 4|EXPOSE LITHO LEVEL 4|DEVELOP PHOTORESIST|METAL PATTERN INSPECTION|METAL ETCH|STRIP RESIST|CLEAN AFTER METAL ETCH|DEPOSIT PASSIVATION|CURE PASSIVATION|MEASURE PASSIVATION THICKNESS|OPEN PAD WINDOW|PAD WINDOW LITHO|DEVELOP PHOTORESIST|PASSIVATION ETCH|STRIP RESIST|CLEAN PAD OPENING|MEASURE PAD OPENING|BACKSIDE CLEAN|BACKSIDE GRIND|MEASURE THICKNESS|BACKSIDE ETCH CLEAN|BACKSIDE RINSE|BACKSIDE DRY|BACKSIDE METALLIZATION PREP|DEPOSIT BACKSIDE METAL|BACKSIDE ANNEAL|MEASURE BACKSIDE CONTACT|FINAL CLEAN|ELECTRICAL PARAMETRIC TEST|LEAKAGE TEST|WAFER SORT TEST|YIELD ANALYSIS|LOT|WAFER SORT TEST|PARTICLE INSPECTION|WAFER SORT TEST|YIELD ANALYSIS|LOT RELEASE|PACKAGE PREPARATION|COAT TEST|COAT TEST|SWITCHING TEST|WAFER SORT TEST|YIELD ANALYSIS|LOT RELEASE|PACKAGE PREPARATION|SHIP LOT
valid_mosfet_0075_f80,CLEAN PAD OPENING|MEASURE PAD OPENING|BACKSIDE CLEAN|BACKSIDE GRIND|MEASURE THICKNESS|BACKSIDE ETCH CLEAN|BACKSIDE RINSE|BACKSIDE DRY|BACKSIDE METALLIZATION PREP|DEPOSIT BACKSIDE METAL|BACKSIDE ANNEAL|MEASURE BACKSIDE CONTACT|FINAL CLEAN|YIELD ANALYSIS|WAFER SORT TEST|LOT|WAFER SORT TEST|YIELD ANALYSIS|LOT|WAFER SORT TEST|WAFER SORT TEST|YIELD ANALYSIS|LOT|WAFER SORT TEST|LOT|ELECTRICAL PARAMETRIC TEST|WAFER SORT TEST|YIELD ANALYSIS|LOT RELEASE|PACKAGE PREPARATION|SHIP LOT
valid_mosfet_0076_f60,STRIP PHOTORESIST|CLEAN AFTER VIA ETCH|DEPOSIT BARRIER METAL|DEPOSIT METAL SEED|FILL VIA METAL|CMP METAL|DEPOSIT TOP METAL|ANNEAL METAL|SPIN COAT PHOTORESIST|SOFT BAKE|ALIGN MASK LEVEL 4|EXPOSE LITHO LEVEL 4|DEVELOP PHOTORESIST|METAL PATTERN INSPECTION|METAL ETCH|STRIP PHOTORESIST|CLEAN AFTER METAL ETCH|DEPOSIT PASSIVATION|CURE PASSIVATION|MEASURE PASSIVATION THICKNESS|OPEN PAD WINDOW|PAD WINDOW LITHO|DEVELOP PHOTORESIST|PASSIVATION ETCH|STRIP RESIST|CLEAN PAD OPENING|MEASURE PAD OPENING|BACKSIDE CLEAN|BACKSIDE GRIND|MEASURE THICKNESS|BACKSIDE ETCH CLEAN|BACKSIDE RINSE|BACKSIDE DRY|BACKSIDE METALLIZATION PREP|DEPOSIT BACKSIDE METAL|BACKSIDE ANNEAL|MEASURE BACKSIDE CONTACT|FINAL CLEAN|ELECTRICAL PARAMETRIC TEST|LEAKAGE TEST|THRESHOLD VOLTAGE TEST|SWITCHING TEST|WAFER SORT TEST|YIELD ANALYSIS|LOT|WAFER SORT TEST|THROUGH DIELECTRIC CHECK|LOT|COAT TEST|COAT TEST|COAT TEST|SWITCHING TEST|WAFER SORT TEST|YIELD ANALYSIS|LOT RELEASE|PACKAGE PREPARATION|SHIP LOT
valid_mosfet_0076_f80,PASSIVATION ETCH|STRIP RESIST|CLEAN PAD OPENING|MEASURE PAD OPENING|BACKSIDE CLEAN|BACKSIDE GRIND|MEASURE THICKNESS|BACKSIDE ETCH CLEAN|BACKSIDE RINSE|BACKSIDE DRY|BACKSIDE METALLIZATION PREP|DEPOSIT BACKSIDE METAL|BACKSIDE ANNEAL|MEASURE BACKSIDE CONTACT|FINAL CLEAN|FINAL THICKNESS MEASURE|FINAL GEOMETRY CHECK|ELECTRICAL PARAMETRIC TEST|LEAKAGE TEST|THRESHOLD VOLTAGE TEST|SWITCHING TEST|WAFER SORT TEST|YIELD ANALYSIS|LOT|WAFER SORT TEST|LOT|ELECTRICAL PARAMETRIC TEST|COAT TEST|SWITCHING TEST|WAFER SORT TEST|YIELD ANALYSIS|LOT|WAFER SORT TEST|COAT TEST|COAT TEST|WAFER SORT TEST|YIELD ANALYSIS|LOT RELEASE|PACKAGE PREPARATION|SHIP LOT
valid_mosfet_0077_f60,STRIP RESIST|CLEAN AFTER VIA ETCH|DEPOSIT BARRIER METAL|DEPOSIT METAL SEED|FILL VIA METAL|CMP METAL|DEPOSIT INTERLEVEL DIELECTRIC|ANNEAL|SPIN COAT PHOTORESIST|SOFT BAKE|ALIGN MASK LEVEL 4|EXPOSE LITHO LEVEL 4|DEVELOP PHOTORESIST|METAL PATTERN INSPECTION|METAL ETCH|STRIP RESIST|CLEAN AFTER METAL ETCH|DEPOSIT PASSIVATION|CURE PASSIVATION|MEASURE PASSIVATION THICKNESS|OPEN PAD WINDOW|PAD WINDOW LITHO|DEVELOP PHOTORESIST|PASSIVATION ETCH|STRIP RESIST|CLEAN PAD OPENING|MEASURE PAD OPENING|BACKSIDE CLEAN|BACKSIDE GRIND|MEASURE THICKNESS|BACKSIDE ETCH CLEAN|BACKSIDE RINSE|BACKSIDE DRY|BACKSIDE METALLIZATION PREP|DEPOSIT BACKSIDE METAL|BACKSIDE ANNEAL|MEASURE BACKSIDE CONTACT|FINAL CLEAN|ELECTRICAL PARAMETRIC TEST|LEAKAGE TEST|THRESHOLD VOLTAGE TEST|SWITCHING TEST|WAFER SORT TEST|YIELD ANALYSIS|LOT|WAFER SORT TEST|LOT|ELECTRICAL ANALYSIS|COAT TEST|WAFER SORT TEST|YIELD ANALYSIS|LOT RELEASE|PACKAGE PREPARATION|COAT TEST|COAT TEST|COAT TEST|SWITCHING TEST|WAFER SORT TEST|YIELD ANALYSIS|LOT RELEASE|PACKAGE PREPARATION|SHIP LOT
valid_mosfet_0077_f80,STRIP PHOTORESIST|CLEAN PAD OPENING|MEASURE PAD OPENING|BACKSIDE CLEAN|BACKSIDE GRIND|MEASURE THICKNESS|BACKSIDE ETCH CLEAN|BACKSIDE RINSE|BACKSIDE DRY|BACKSIDE METALLIZATION PREP|DEPOSIT BACKSIDE METAL|BACKSIDE ANNEAL|MEASURE BACKSIDE CONTACT|FINAL CLEAN|YIELD ANALYSIS|WAFER SORT TEST|LOT|WAFER SORT TEST|YIELD ANALYSIS|LOT|WAFER SORT TEST|WAFER SORT TEST|YIELD ANALYSIS|LOT RELEASE|PACKAGE PREPARATION|PACKAGE PREPARATION|COAT TEST|COAT TEST|SWITCHING TEST|WAFER SORT TEST|YIELD ANALYSIS|LOT RELEASE|PACKAGE PREPARATION|SHIP LOT
valid_mosfet_0078_f60,DEPOSIT BARRIER METAL|DEPOSIT METAL SEED|FILL VIA METAL|CMP METAL|DEPOSIT METAL 1|ANNEAL METAL|SPIN COAT PHOTORESIST|SOFT BAKE|ALIGN MASK LEVEL 4|EXPOSE LITHO LEVEL 4|DEVELOP PHOTORESIST|METAL PATTERN INSPECTION|METAL ETCH|STRIP RESIST|CLEAN AFTER METAL ETCH|DEPOSIT PASSIVATION|CURE PASSIVATION|MEASURE PASSIVATION THICKNESS|OPEN PAD WINDOW|PAD WINDOW LITHO|DEVELOP PHOTORESIST|PASSIVATION ETCH|STRIP RESIST|CLEAN PAD OPENING|MEASURE PAD OPENING|BACKSIDE CLEAN|BACKSIDE GRIND|MEASURE THICKNESS|BACKSIDE ETCH CLEAN|BACKSIDE RINSE|BACKSIDE DRY|BACKSIDE METALLIZATION PREP|DEPOSIT BACKSIDE METAL|BACKSIDE ANNEAL|MEASURE BACKSIDE CONTACT|FINAL CLEAN|ELECTRICAL PARAMETRIC TEST|LEAKAGE TEST|WAFER SORT TEST|YIELD ANALYSIS|LOT|WAFER SORT TEST|WAFER SORT TEST|YIELD ANALYSIS|LOT RELEASE|PACKAGE PREPARATION|COAT TEST|COAT TEST|COAT TEST|SWITCHING TEST|WAFER SORT TEST|YIELD ANALYSIS|LOT RELEASE|PACKAGE PREPARATION|SHIP LOT
valid_mosfet_0078_f80,STRIP PHOTORESIST|CLEAN PAD OPENING|MEASURE PAD OPENING|BACKSIDE CLEAN|BACKSIDE GRIND|MEASURE THICKNESS|BACKSIDE ETCH CLEAN|BACKSIDE RINSE|BACKSIDE DRY|BACKSIDE METALLIZATION PREP|DEPOSIT BACKSIDE METAL|BACKSIDE ANNEAL|MEASURE BACKSIDE CONTACT|FINAL CLEAN|YIELD ANALYSIS|WAFER SORT TEST|LOT|WAFER SORT TEST|YIELD ANALYSIS|LOT|WAFER SORT TEST|WAFER SORT TEST|YIELD ANALYSIS|LOT|WAFER SORT TEST|LOT|ELECTRICAL PARAMETRIC TEST|COAT TEST|SWITCHING TEST|WAFER SORT TEST|YIELD ANALYSIS|LOT RELEASE|PACKAGE PREPARATION|SHIP LOT
valid_mosfet_0079_f60,DEPOSIT BARRIER METAL|DEPOSIT METAL SEED|FILL VIA METAL|CMP METAL|DEPOSIT METAL 1|ANNEAL METAL|SPIN COAT PHOTORESIST|SOFT BAKE|ALIGN MASK LEVEL 4|EXPOSE LITHO LEVEL 4|DEVELOP PHOTORESIST|METAL PATTERN INSPECTION|METAL ETCH|STRIP PHOTORESIST|CLEAN AFTER METAL ETCH|DEPOSIT PASSIVATION|CURE PASSIVATION|MEASURE PASSIVATION THICKNESS|OPEN PAD WINDOW|PAD WINDOW LITHO|DEVELOP PHOTORESIST|PASSIVATION ETCH|STRIP RESIST|CLEAN PAD OPENING|MEASURE PAD OPENING|BACKSIDE CLEAN|BACKSIDE GRIND|MEASURE THICKNESS|BACKSIDE ETCH CLEAN|BACKSIDE RINSE|BACKSIDE DRY|BACKSIDE METALLIZATION PREP|DEPOSIT BACKSIDE METAL|BACKSIDE ANNEAL|MEASURE BACKSIDE CONTACT|FINAL CLEAN|ELECTRICAL PARAMETRIC TEST|LEAKAGE TEST|THRESHOLD VOLTAGE TEST|SWITCHING TEST|WAFER SORT TEST|YIELD ANALYSIS|LOT|WAFER SORT TEST|LOT|ELECTRICAL ANALYSIS|COAT TEST|WAFER SORT TEST|YIELD ANALYSIS|LOT RELEASE|PACKAGE PREPARATION|COAT TEST|COAT TEST|COAT TEST|SWITCHING TEST|WAFER SORT TEST|YIELD ANALYSIS|LOT RELEASE|PACKAGE PREPARATION|SHIP LOT
valid_mosfet_0079_f80,DEVELOP PHOTORESIST|PASSIVATION ETCH|STRIP PHOTORESIST|CLEAN PAD OPENING|MEASURE PAD OPENING|BACKSIDE CLEAN|BACKSIDE GRIND|MEASURE THICKNESS|BACKSIDE ETCH CLEAN|BACKSIDE RINSE|BACKSIDE DRY|BACKSIDE METALLIZATION PREP|DEPOSIT BACKSIDE METAL|BACKSIDE ANNEAL|MEASURE BACKSIDE CONTACT|FINAL CLEAN|FINAL THICKNESS MEASURE|FINAL GEOMETRY CHECK|ELECTRICAL PARAMETRIC TEST|LEAKAGE TEST|THRESHOLD VOLTAGE TEST|SWITCHING TEST|WAFER SORT TEST|YIELD ANALYSIS|LOT|WAFER SORT TEST|LOT|PARTICLE INSPECTION|WAFER SORT TEST|YIELD ANALYSIS|LOT|WAFER SORT TEST|LOT|COAT TEST|COAT TEST|COAT TEST|SWITCHING TEST|WAFER SORT TEST|YIELD ANALYSIS|LOT RELEASE|PACKAGE PREPARATION|SHIP LOT
valid_mosfet_0080_f60,DEPOSIT METAL SEED|FILL VIA METAL|CMP METAL|DEPOSIT METAL 1|ANNEAL METAL|SPIN COAT PHOTORESIST|SOFT BAKE|ALIGN MASK LEVEL 4|EXPOSE LITHO LEVEL 4|DEVELOP PHOTORESIST|METAL PATTERN INSPECTION|METAL ETCH|STRIP PHOTORESIST|CLEAN AFTER METAL ETCH|DEPOSIT PASSIVATION|CURE PASSIVATION|MEASURE PASSIVATION THICKNESS|OPEN PAD WINDOW|PAD WINDOW LITHO|DEVELOP PHOTORESIST|PASSIVATION ETCH|STRIP RESIST|CLEAN PAD OPENING|MEASURE PAD OPENING|BACKSIDE CLEAN|BACKSIDE GRIND|MEASURE THICKNESS|BACKSIDE ETCH CLEAN|BACKSIDE RINSE|BACKSIDE DRY|BACKSIDE METALLIZATION PREP|DEPOSIT BACKSIDE METAL|BACKSIDE ANNEAL|MEASURE BACKSIDE CONTACT|FINAL CLEAN|ELECTRICAL PARAMETRIC TEST|LEAKAGE TEST|THRESHOLD VOLTAGE TEST|SWITCHING TEST|WAFER SORT TEST|YIELD ANALYSIS|LOT|WAFER SORT TEST|THROUGH DIELECTRIC CHECK|LOT|COAT TEST|COAT TEST|COAT TEST|SWITCHING TEST|WAFER SORT TEST|YIELD ANALYSIS|LOT RELEASE|PACKAGE PREPARATION|SHIP LOT
valid_mosfet_0080_f80,STRIP RESIST|CLEAN PAD OPENING|MEASURE PAD OPENING|BACKSIDE CLEAN|BACKSIDE GRIND|MEASURE THICKNESS|BACKSIDE ETCH CLEAN|BACKSIDE RINSE|BACKSIDE DRY|BACKSIDE METALLIZATION PREP|DEPOSIT BACKSIDE METAL|BACKSIDE ANNEAL|MEASURE BACKSIDE CONTACT|FINAL CLEAN|FINAL THICKNESS MEASURE|FINAL GEOMETRY CHECK|ELECTRICAL PARAMETRIC TEST|LEAKAGE TEST|THRESHOLD VOLTAGE TEST|SWITCHING TEST|WAFER SORT TEST|YIELD ANALYSIS|LOT|WAFER SORT TEST|LOT|COAT TEST|COAT TEST|COAT TEST|SWITCHING TEST|WAFER SORT TEST|YIELD ANALYSIS|LOT RELEASE|PACKAGE PREPARATION|SHIP LOT
valid_mosfet_0081_f60,DEPOSIT BARRIER METAL|DEPOSIT METAL SEED|FILL VIA METAL|CMP METAL|MEASURE CONTACT RESISTANCE|DEPOSIT METAL 1|ANNEAL METAL|SPIN COAT PHOTORESIST|SOFT BAKE|ALIGN MASK LEVEL 4|EXPOSE LITHO LEVEL 4|DEVELOP PHOTORESIST|METAL PATTERN INSPECTION|METAL ETCH|STRIP PHOTORESIST|CLEAN AFTER METAL ETCH|DEPOSIT PASSIVATION|CURE PASSIVATION|MEASURE PASSIVATION THICKNESS|OPEN PAD WINDOW|PAD WINDOW LITHO|DEVELOP PHOTORESIST|PASSIVATION ETCH|STRIP RESIST|CLEAN PAD OPENING|MEASURE PAD OPENING|BACKSIDE CLEAN|BACKSIDE GRIND|MEASURE THICKNESS|BACKSIDE ETCH CLEAN|BACKSIDE RINSE|BACKSIDE DRY|BACKSIDE METALLIZATION PREP|DEPOSIT BACKSIDE METAL|BACKSIDE ANNEAL|MEASURE BACKSIDE CONTACT|FINAL CLEAN|ELECTRICAL PARAMETRIC TEST|LEAKAGE TEST|THRESHOLD VOLTAGE TEST|SWITCHING TEST|WAFER SORT TEST|YIELD ANALYSIS|LOT|WAFER SORT TEST|THROUGH DIELECTRIC CHECK|LOT|COAT TEST|COAT TEST|WAFER SORT TEST|YIELD ANALYSIS|LOT RELEASE|PACKAGE PREPARATION|COAT TEST|COAT TEST|COAT TEST|BACKSIDE ANALYSIS|WAFER SORT TEST|YIELD ANALYSIS|LOT RELEASE|PACKAGE PREPARATION|COAT TEST|COAT TEST|WAFER SORT TEST|YIELD ANALYSIS|LOT LOT LOT LOT|WAFER SORT TEST|ELECTRICAL YIELD ANALYSIS|WAFER SORT TEST|LOT|THROUGH DIELECTRIC CHECK|WAFER SORT TEST|YIELD ANALYSIS|LOT LOT LOT LOT LOT|WAFER SORT TEST|YIELD ANALYSIS|LOT LOT LOT LOT LOT|DENSIFY TEST|DENSIFY TEST|DENSIFY TEST
valid_mosfet_0081_f80,STRIP RESIST|CLEAN PAD OPENING|MEASURE PAD OPENING|BACKSIDE CLEAN|BACKSIDE GRIND|MEASURE THICKNESS|BACKSIDE ETCH CLEAN|BACKSIDE RINSE|BACKSIDE DRY|BACKSIDE METALLIZATION PREP|DEPOSIT BACKSIDE METAL|BACKSIDE ANNEAL|MEASURE BACKSIDE CONTACT|FINAL CLEAN|YIELD ANALYSIS|WAFER SORT TEST|LOT|WAFER SORT TEST|YIELD ANALYSIS|LOT|WAFER SORT TEST|WAFER SORT TEST|YIELD ANALYSIS|LOT|WAFER SORT TEST|LOT|ELECTRICAL PARAMETRIC TEST|WAFER SORT TEST|YIELD ANALYSIS|LOT RELEASE|PACKAGE PREPARATION|SHIP LOT
valid_mosfet_0082_f60,DEPOSIT BARRIER METAL|DEPOSIT METAL SEED|FILL VIA METAL|CMP METAL|DEPOSIT METAL 1|ANNEAL METAL|SPIN COAT PHOTORESIST|SOFT BAKE|ALIGN MASK LEVEL 4|EXPOSE LITHO LEVEL 4|DEVELOP PHOTORESIST|METAL PATTERN INSPECTION|METAL ETCH|STRIP PHOTORESIST|CLEAN AFTER METAL ETCH|DEPOSIT PASSIVATION|CURE PASSIVATION|MEASURE PASSIVATION THICKNESS|OPEN PAD WINDOW|PAD WINDOW LITHO|DEVELOP PHOTORESIST|PASSIVATION ETCH|STRIP RESIST|CLEAN PAD OPENING|MEASURE PAD OPENING|BACKSIDE CLEAN|BACKSIDE GRIND|MEASURE THICKNESS|BACKSIDE ETCH CLEAN|BACKSIDE RINSE|BACKSIDE DRY|BACKSIDE METALLIZATION PREP|DEPOSIT BACKSIDE METAL|BACKSIDE ANNEAL|MEASURE BACKSIDE CONTACT|FINAL CLEAN|ELECTRICAL PARAMETRIC TEST|LEAKAGE TEST|THRESHOLD VOLTAGE TEST|SWITCHING TEST|WAFER SORT TEST|YIELD ANALYSIS|LOT|WAFER SORT TEST|ELECTRICAL PARAMETRIC TEST|SWITCHING TEST|WAFER SORT TEST|YIELD ANALYSIS|LOT RELEASE|PACKAGE PREPARATION|COAT TEST|COAT TEST|COAT TEST|SWITCHING TEST|WAFER SORT TEST|YIELD ANALYSIS|LOT RELEASE|PACKAGE PREPARATION|SHIP LOT
valid_mosfet_0082_f80,PASSIVATION ETCH|STRIP RESIST|CLEAN PAD OPENING|MEASURE PAD OPENING|BACKSIDE CLEAN|BACKSIDE GRIND|MEASURE THICKNESS|BACKSIDE ETCH CLEAN|BACKSIDE RINSE|BACKSIDE DRY|BACKSIDE METALLIZATION PREP|DEPOSIT BACKSIDE METAL|BACKSIDE ANNEAL|MEASURE BACKSIDE CONTACT|FINAL CLEAN|FINAL THICKNESS MEASURE|FINAL GEOMETRY CHECK|ELECTRICAL PARAMETRIC TEST|LEAKAGE TEST|THRESHOLD VOLTAGE TEST|SWITCHING TEST|WAFER SORT TEST|YIELD ANALYSIS|LOT|WAFER SORT TEST|LOT|COAT TEST|COAT TEST|COAT TEST|SWITCHING TEST|WAFER SORT TEST|YIELD ANALYSIS|LOT RELEASE|PACKAGE PREPARATION|SHIP LOT
valid_mosfet_0083_f60,DEPOSIT BARRIER METAL|DEPOSIT METAL SEED|FILL VIA METAL|CMP METAL|MEASURE CONTACT RESISTANCE|DEPOSIT METAL 1|ANNEAL METAL|SPIN COAT PHOTORESIST|SOFT BAKE|ALIGN MASK LEVEL 4|EXPOSE LITHO LEVEL 4|DEVELOP PHOTORESIST|METAL PATTERN INSPECTION|METAL ETCH|STRIP PHOTORESIST|CLEAN AFTER METAL ETCH|DEPOSIT PASSIVATION|CURE PASSIVATION|MEASURE PASSIVATION THICKNESS|OPEN PAD WINDOW|PAD WINDOW LITHO|DEVELOP PHOTORESIST|PASSIVATION ETCH|STRIP RESIST|CLEAN PAD OPENING|MEASURE PAD OPENING|BACKSIDE CLEAN|BACKSIDE GRIND|MEASURE THICKNESS|BACKSIDE ETCH CLEAN|BACKSIDE RINSE|BACKSIDE DRY|BACKSIDE METALLIZATION PREP|DEPOSIT BACKSIDE METAL|BACKSIDE ANNEAL|MEASURE BACKSIDE CONTACT|FINAL CLEAN|ELECTRICAL PARAMETRIC TEST|LEAKAGE TEST|WAFER SORT TEST|YIELD ANALYSIS|LOT|WAFER SORT TEST|PARTICLE INSPECTION|WAFER SORT TEST|YIELD ANALYSIS|LOT|WAFER SORT TEST|THROUGH DIELECTRIC|ELECTRICAL ANALYSIS|SWITCHING TEST|WAFER SORT TEST|YIELD ANALYSIS|LOT RELEASE|PACKAGE PREPARATION|COAT TEST|COAT TEST|COAT TEST|BACKSIDE ANALYSIS|WAFER SORT TEST|YIELD ANALYSIS|LOT RELEASE|PACKAGE PREPARATION|COAT TEST|COAT TEST|WAFER SORT TEST|YIELD ANALYSIS|LOT LOT LOT LOT|WAFER SORT TEST|ELECTRICAL YIELD ANALYSIS|WAFER SORT TEST|LOT|ELECTRICAL YIELD ANALYSIS|WAFER SORT TEST|LOT LOT LOT|WAFER SORT TEST|YIELD ANALYSIS|LOT LOT LOT LOT LOT
valid_mosfet_0083_f80,STRIP PHOTORESIST|CLEAN PAD OPENING|MEASURE PAD OPENING|BACKSIDE CLEAN|BACKSIDE GRIND|MEASURE THICKNESS|BACKSIDE ETCH CLEAN|BACKSIDE RINSE|BACKSIDE DRY|BACKSIDE METALLIZATION PREP|DEPOSIT BACKSIDE METAL|BACKSIDE ANNEAL|MEASURE BACKSIDE CONTACT|FINAL CLEAN|YIELD ANALYSIS|WAFER SORT TEST|LOT|WAFER SORT TEST|YIELD ANALYSIS|LOT|WAFER SORT TEST|WAFER SORT TEST|YIELD ANALYSIS|LOT|WAFER SORT TEST|LOT|ELECTRICAL PARAMETRIC TEST|WAFER SORT TEST|YIELD ANALYSIS|LOT|WAFER SORT TEST|ELECTRICAL ANALYSIS|WAFER SORT TEST|SWITCHING TEST|WAFER SORT TEST|YIELD ANALYSIS|LOT RELEASE|PACKAGE PREPARATION|COAT TEST|COAT TEST|COAT TEST|WAFER SORT TEST|YIELD ANALYSIS|LOT LOT LOT RELEASE|PACKAGE PREPARATION|SHIP LOT
valid_mosfet_0084_f60,CLEAN AFTER VIA ETCH|DEPOSIT BARRIER METAL|DEPOSIT METAL SEED|FILL VIA METAL|CMP METAL|DEPOSIT METAL 1|ANNEAL METAL|SPIN COAT PHOTORESIST|SOFT BAKE|ALIGN MASK LEVEL 4|EXPOSE LITHO LEVEL 4|DEVELOP PHOTORESIST|METAL PATTERN INSPECTION|METAL ETCH|STRIP PHOTORESIST|CLEAN AFTER METAL ETCH|DEPOSIT PASSIVATION|CURE PASSIVATION|MEASURE PASSIVATION THICKNESS|OPEN PAD WINDOW|PAD WINDOW LITHO|DEVELOP PHOTORESIST|PASSIVATION ETCH|STRIP RESIST|CLEAN PAD OPENING|MEASURE PAD OPENING|BACKSIDE CLEAN|BACKSIDE GRIND|MEASURE THICKNESS|BACKSIDE ETCH CLEAN|BACKSIDE RINSE|BACKSIDE DRY|BACKSIDE METALLIZATION PREP|DEPOSIT BACKSIDE METAL|BACKSIDE ANNEAL|MEASURE BACKSIDE CONTACT|FINAL CLEAN|ELECTRICAL PARAMETRIC TEST|LEAKAGE TEST|WAFER SORT TEST|YIELD ANALYSIS|LOT|WAFER SORT TEST|WAFER SORT TEST|YIELD ANALYSIS|LOT|WAFER SORT TEST|THROUGH DIELECTRIC CHECK|LOT|COAT TEST|COAT TEST|COAT TEST|SWITCHING TEST|WAFER SORT TEST|YIELD ANALYSIS|LOT RELEASE|PACKAGE PREPARATION|SHIP LOT
valid_mosfet_0084_f80,STRIP RESIST|CLEAN PAD OPENING|MEASURE PAD OPENING|BACKSIDE CLEAN|BACKSIDE GRIND|MEASURE THICKNESS|BACKSIDE ETCH CLEAN|BACKSIDE RINSE|BACKSIDE DRY|BACKSIDE METALLIZATION PREP|DEPOSIT BACKSIDE METAL|BACKSIDE ANNEAL|MEASURE BACKSIDE CONTACT|FINAL CLEAN|YIELD ANALYSIS|WAFER SORT TEST|WAFER SORT TEST|YIELD ANALYSIS|LOT|WAFER SORT TEST|PARTICLE INSPECTION|WAFER SORT TEST|YIELD ANALYSIS|LOT|WAFER SORT TEST|ELECTRICAL PARAMETRIC TEST|SWITCHING TEST|WAFER SORT TEST|YIELD ANALYSIS|LOT RELEASE|PACKAGE PREPARATION|SHIP LOT
valid_mosfet_0085_f60,DEPOSIT BARRIER METAL|DEPOSIT METAL SEED|FILL VIA METAL|CMP METAL|DEPOSIT METAL 1|ANNEAL METAL|SPIN COAT PHOTORESIST|SOFT BAKE|ALIGN MASK LEVEL 4|EXPOSE LITHO LEVEL 4|DEVELOP PHOTORESIST|METAL PATTERN INSPECTION|METAL ETCH|STRIP PHOTORESIST|CLEAN AFTER METAL ETCH|DEPOSIT PASSIVATION|CURE PASSIVATION|MEASURE PASSIVATION THICKNESS|OPEN PAD WINDOW|PAD WINDOW LITHO|DEVELOP PHOTORESIST|PASSIVATION ETCH|STRIP RESIST|CLEAN PAD OPENING|MEASURE PAD OPENING|BACKSIDE CLEAN|BACKSIDE GRIND|MEASURE THICKNESS|BACKSIDE ETCH CLEAN|BACKSIDE RINSE|BACKSIDE DRY|BACKSIDE METALLIZATION PREP|DEPOSIT BACKSIDE METAL|BACKSIDE ANNEAL|MEASURE BACKSIDE CONTACT|FINAL CLEAN|ELECTRICAL PARAMETRIC TEST|LEAKAGE TEST|THRESHOLD VOLTAGE TEST|SWITCHING TEST|WAFER SORT TEST|YIELD ANALYSIS|LOT|WAFER SORT TEST|THROUGH DIELECTRIC CHECK|LOT|COAT TEST|COAT TEST|COAT TEST|SWITCHING TEST|WAFER SORT TEST|YIELD ANALYSIS|LOT RELEASE|PACKAGE PREPARATION|SHIP LOT
valid_mosfet_0085_f80,STRIP RESIST|CLEAN PAD OPENING|MEASURE PAD OPENING|BACKSIDE CLEAN|BACKSIDE GRIND|MEASURE THICKNESS|BACKSIDE ETCH CLEAN|BACKSIDE RINSE|BACKSIDE DRY|BACKSIDE METALLIZATION PREP|DEPOSIT BACKSIDE METAL|BACKSIDE ANNEAL|MEASURE BACKSIDE CONTACT|FINAL CLEAN|YIELD ANALYSIS|WAFER SORT TEST|LOT|WAFER SORT TEST|YIELD ANALYSIS|LOT|WAFER SORT TEST|WAFER SORT TEST|YIELD ANALYSIS|LOT|WAFER SORT TEST|LOT|ELECTRICAL PARAMETRIC TEST|COAT TEST|SWITCHING TEST|WAFER SORT TEST|YIELD ANALYSIS|LOT RELEASE|PACKAGE PREPARATION|SHIP LOT
valid_mosfet_0086_f60,DEPOSIT BARRIER METAL|DEPOSIT METAL SEED|FILL VIA METAL|CMP METAL|DEPOSIT TOP METAL|ANNEAL METAL|SPIN COAT PHOTORESIST|SOFT BAKE|ALIGN MASK LEVEL 4|EXPOSE LITHO LEVEL 4|DEVELOP PHOTORESIST|METAL PATTERN INSPECTION|METAL ETCH|STRIP PHOTORESIST|CLEAN AFTER METAL ETCH|DEPOSIT PASSIVATION|CURE PASSIVATION|MEASURE PASSIVATION THICKNESS|OPEN PAD WINDOW|PAD WINDOW LITHO|DEVELOP PHOTORESIST|PASSIVATION ETCH|STRIP RESIST|CLEAN PAD OPENING|MEASURE PAD OPENING|BACKSIDE CLEAN|BACKSIDE GRIND|MEASURE THICKNESS|BACKSIDE ETCH CLEAN|BACKSIDE RINSE|BACKSIDE DRY|BACKSIDE METALLIZATION PREP|DEPOSIT BACKSIDE METAL|BACKSIDE ANNEAL|MEASURE BACKSIDE CONTACT|FINAL CLEAN|ELECTRICAL PARAMETRIC TEST|LEAKAGE TEST|THRESHOLD VOLTAGE TEST|SWITCHING TEST|WAFER SORT TEST|YIELD ANALYSIS|LOT|WAFER SORT TEST|THROUGH DIELECTRIC CHECK|LOT|COAT TEST|COAT TEST|COAT TEST|SWITCHING TEST|WAFER SORT TEST|YIELD ANALYSIS|LOT RELEASE|PACKAGE PREPARATION|SHIP LOT
valid_mosfet_0086_f80,STRIP RESIST|CLEAN PAD OPENING|MEASURE PAD OPENING|BACKSIDE CLEAN|BACKSIDE GRIND|MEASURE THICKNESS|BACKSIDE ETCH CLEAN|BACKSIDE RINSE|BACKSIDE DRY|BACKSIDE METALLIZATION PREP|DEPOSIT BACKSIDE METAL|BACKSIDE ANNEAL|MEASURE BACKSIDE CONTACT|FINAL CLEAN|FINAL THICKNESS MEASURE|ELECTRICAL PARAMETRIC TEST|LEAKAGE TEST|THRESHOLD VOLTAGE TEST|SWITCHING TEST|WAFER SORT TEST|YIELD ANALYSIS|LOT|WAFER SORT TEST|LOT|ELECTRICAL ANALYSIS|WAFER SORT TEST|YIELD ANALYSIS|LOT|WAFER SORT TEST|LOT|ELECTRICAL ANALYSIS|WAFER SORT TEST|SWITCHING TEST|WAFER SORT TEST|YIELD ANALYSIS|LOT RELEASE|PACKAGE PREPARATION|COAT TEST|COAT TEST|COAT TEST|COAT TEST|WAFER SORT TEST|YIELD ANALYSIS|LOT LOT LOT LOT LOT|WAFER SORT TEST|ELECTRICAL YIELD ANALYSIS|WAFER SORT TEST|LOT FINAL YIELD ANALYSIS|WAFER SORT TEST|LOT LOT LOT LOT LOT|COAT ANALYSIS|DENSIFY TEST|DENSIFY TEST|DENSIFY TEST|DENSIFY TEST
valid_mosfet_0087_f60,VIA ETCH|STRIP RESIST|CLEAN AFTER VIA ETCH|DEPOSIT BARRIER METAL|DEPOSIT METAL SEED|FILL VIA METAL|CMP METAL|DEPOSIT TOP METAL|ANNEAL METAL|SPIN COAT PHOTORESIST|SOFT BAKE|ALIGN MASK LEVEL 4|EXPOSE LITHO LEVEL 4|DEVELOP PHOTORESIST|METAL PATTERN INSPECTION|METAL ETCH|STRIP PHOTORESIST|CLEAN AFTER METAL ETCH|DEPOSIT PASSIVATION|CURE PASSIVATION|MEASURE PASSIVATION THICKNESS|OPEN PAD WINDOW|PAD WINDOW LITHO|DEVELOP PHOTORESIST|PASSIVATION ETCH|STRIP RESIST|CLEAN PAD OPENING|MEASURE PAD OPENING|BACKSIDE CLEAN|BACKSIDE GRIND|MEASURE THICKNESS|BACKSIDE ETCH CLEAN|BACKSIDE RINSE|BACKSIDE DRY|BACKSIDE METALLIZATION PREP|DEPOSIT BACKSIDE METAL|BACKSIDE ANNEAL|MEASURE BACKSIDE CONTACT|FINAL CLEAN|ELECTRICAL PARAMETRIC TEST|LEAKAGE TEST|THRESHOLD VOLTAGE TEST|SWITCHING TEST|WAFER SORT TEST|YIELD ANALYSIS|LOT RELEASE|PACKAGE PREPARATION|COAT TEST|COAT TEST|COAT TEST|SWITCHING TEST|WAFER SORT TEST|YIELD ANALYSIS|LOT RELEASE|PACKAGE PREPARATION|SHIP LOT
valid_mosfet_0087_f80,DEVELOP PHOTORESIST|PASSIVATION ETCH|STRIP RESIST|CLEAN PAD OPENING|MEASURE PAD OPENING|BACKSIDE CLEAN|BACKSIDE GRIND|MEASURE THICKNESS|BACKSIDE ETCH CLEAN|BACKSIDE RINSE|BACKSIDE DRY|BACKSIDE METALLIZATION PREP|DEPOSIT BACKSIDE METAL|BACKSIDE ANNEAL|MEASURE BACKSIDE CONTACT|FINAL CLEAN|FINAL THICKNESS MEASURE|FINAL GEOMETRY CHECK|ELECTRICAL PARAMETRIC TEST|LEAKAGE TEST|THRESHOLD VOLTAGE TEST|SWITCHING TEST|WAFER SORT TEST|YIELD ANALYSIS|LOT|WAFER SORT TEST|LOT|PARTICLE INSPECTION|WAFER SORT TEST|YIELD ANALYSIS|LOT|WAFER SORT TEST|LOT|COAT TEST|COAT TEST|BACKSIDE ANALYSIS|SWITCHING TEST|WAFER SORT TEST|YIELD ANALYSIS|LOT RELEASE|COAT TEST|COAT TEST|WAFER SORT TEST|YIELD ANALYSIS|LOT LOT LOT LOT LOT|WAFER SORT TEST|ELECTRICAL YIELD ANALYSIS|WAFER SORT TEST|LOT LOT LOT|COAT SORT TEST|YIELD ANALYSIS|LOT LOT LOT LOT LOT|WAFER SORT TEST|DENSIFY TEST|YIELD ANALYSIS|LOT LOT LOT LOT LOT
valid_mosfet_0088_f60,DEPOSIT BARRIER METAL|DEPOSIT METAL SEED|FILL VIA METAL|CMP METAL|DEPOSIT INTERLEVEL DIELECTRIC|ANNEAL METAL|SPIN COAT PHOTORESIST|SOFT BAKE|ALIGN MASK LEVEL 4|EXPOSE LITHO LEVEL 4|DEVELOP PHOTORESIST|METAL PATTERN INSPECTION|METAL ETCH|STRIP RESIST|CLEAN AFTER METAL ETCH|DEPOSIT PASSIVATION|CURE PASSIVATION|MEASURE PASSIVATION THICKNESS|OPEN PAD WINDOW|PAD WINDOW LITHO|DEVELOP PHOTORESIST|PASSIVATION ETCH|STRIP RESIST|CLEAN PAD OPENING|MEASURE PAD OPENING|BACKSIDE CLEAN|BACKSIDE GRIND|MEASURE THICKNESS|BACKSIDE ETCH CLEAN|BACKSIDE RINSE|BACKSIDE DRY|BACKSIDE METALLIZATION PREP|DEPOSIT BACKSIDE METAL|BACKSIDE ANNEAL|MEASURE BACKSIDE CONTACT|FINAL CLEAN|ELECTRICAL PARAMETRIC TEST|LEAKAGE TEST|THRESHOLD VOLTAGE TEST|SWITCHING TEST|WAFER SORT TEST|YIELD ANALYSIS|LOT|WAFER SORT TEST|LOT|ELECTRICAL ANALYSIS|COAT TEST|WAFER SORT TEST|YIELD ANALYSIS|LOT RELEASE|PACKAGE PREPARATION|COAT TEST|COAT TEST|COAT TEST|SWITCHING TEST|WAFER SORT TEST|YIELD ANALYSIS|LOT RELEASE|PACKAGE PREPARATION|SHIP LOT
valid_mosfet_0088_f80,CLEAN PAD OPENING|MEASURE PAD OPENING|BACKSIDE CLEAN|BACKSIDE GRIND|MEASURE THICKNESS|BACKSIDE ETCH CLEAN|BACKSIDE RINSE|BACKSIDE DRY|BACKSIDE METALLIZATION PREP|DEPOSIT BACKSIDE METAL|BACKSIDE ANNEAL|MEASURE BACKSIDE CONTACT|FINAL CLEAN|FINAL THICKNESS MEASURE|FINAL GEOMETRY CHECK|ELECTRICAL PARAMETRIC TEST|LEAKAGE TEST|THRESHOLD VOLTAGE TEST|SWITCHING TEST|WAFER SORT TEST|YIELD ANALYSIS|LOT RELEASE|PACKAGE PREPARATION|COAT TEST|COAT TEST|COAT TEST|SWITCHING TEST|WAFER SORT TEST|YIELD ANALYSIS|LOT|WAFER SORT TEST|ELECTRICAL ANALYSIS|WAFER SORT TEST|DEVELOP TEST|PASSIVATION TEST|WAFER SORT TEST|STRIP ANALYSIS|CLEAN YIELD ANALYSIS|LOT RELEASE|PACKAGE PREPARATION|COAT TEST|COAT TEST|COAT TEST|BACKSIDE ANALYSIS|WAFER SORT TEST|YIELD ANALYSIS|LOT WAFER SORT TEST|DIELECTRIC CHECK|DEVELOP SORT TEST|VIA YIELD ANALYSIS|WAFER SORT TEST|VIA|DIELECTRIC CHECK|RAPID EXPOSE BAKE|DEVELOP YIELD ANALYSIS
valid_mosfet_0089_f60,DEPOSIT BARRIER METAL|DEPOSIT METAL SEED|FILL VIA METAL|CMP METAL|DEPOSIT METAL 1|ANNEAL METAL|SPIN COAT PHOTORESIST|SOFT BAKE|ALIGN MASK LEVEL 4|EXPOSE LITHO LEVEL 4|DEVELOP PHOTORESIST|METAL PATTERN INSPECTION|METAL ETCH|STRIP PHOTORESIST|CLEAN AFTER METAL ETCH|DEPOSIT PASSIVATION|CURE PASSIVATION|MEASURE PASSIVATION THICKNESS|OPEN PAD WINDOW|PAD WINDOW LITHO|DEVELOP PHOTORESIST|PASSIVATION ETCH|STRIP RESIST|CLEAN PAD OPENING|MEASURE PAD OPENING|BACKSIDE CLEAN|BACKSIDE GRIND|MEASURE THICKNESS|BACKSIDE ETCH CLEAN|BACKSIDE RINSE|BACKSIDE DRY|BACKSIDE METALLIZATION PREP|DEPOSIT BACKSIDE METAL|BACKSIDE ANNEAL|MEASURE BACKSIDE CONTACT|FINAL CLEAN|ELECTRICAL PARAMETRIC TEST|LEAKAGE TEST|WAFER SORT TEST|YIELD ANALYSIS|LOT|WAFER SORT TEST|WAFER SORT TEST|YIELD ANALYSIS|LOT RELEASE|PACKAGE PREPARATION|COAT TEST|COAT TEST|COAT TEST|SWITCHING TEST|WAFER SORT TEST|YIELD ANALYSIS|LOT RELEASE|PACKAGE PREPARATION|SHIP LOT
valid_mosfet_0089_f80,PASSIVATION ETCH|STRIP RESIST|CLEAN PAD OPENING|MEASURE PAD OPENING|BACKSIDE CLEAN|BACKSIDE GRIND|MEASURE THICKNESS|BACKSIDE ETCH CLEAN|BACKSIDE RINSE|BACKSIDE DRY|BACKSIDE METALLIZATION PREP|DEPOSIT BACKSIDE METAL|BACKSIDE ANNEAL|MEASURE BACKSIDE CONTACT|FINAL CLEAN|FINAL THICKNESS MEASURE|FINAL GEOMETRY CHECK|ELECTRICAL PARAMETRIC TEST|LEAKAGE TEST|WAFER SORT TEST|YIELD ANALYSIS|LOT|WAFER SORT TEST|STRIP RESIST|CLEAN|RAPID TEST|ELECTRICAL PARAMETRIC TEST|SWITCHING TEST|WAFER SORT TEST|YIELD ANALYSIS|LOT|WAFER SORT TEST|ELECTRICAL ANALYSIS|WAFER SORT TEST|DEVELOP TEST|PASSIVATION TEST|WAFER SORT TEST|STRIP ANALYSIS|CLEAN YIELD ANALYSIS|LOT RELEASE|PACKAGE PREPARATION|SHIP LOT
valid_mosfet_0090_f60,DEPOSIT BARRIER METAL|DEPOSIT METAL SEED|FILL VIA METAL|CMP METAL|DEPOSIT METAL 1|ANNEAL METAL|SPIN COAT PHOTORESIST|SOFT BAKE|ALIGN MASK LEVEL 4|EXPOSE LITHO LEVEL 4|DEVELOP PHOTORESIST|METAL PATTERN INSPECTION|METAL ETCH|STRIP PHOTORESIST|CLEAN AFTER METAL ETCH|DEPOSIT PASSIVATION|CURE PASSIVATION|MEASURE PASSIVATION THICKNESS|OPEN PAD WINDOW|PAD WINDOW LITHO|DEVELOP PHOTORESIST|PASSIVATION ETCH|STRIP PHOTORESIST|CLEAN PAD OPENING|MEASURE PAD OPENING|BACKSIDE CLEAN|BACKSIDE GRIND|MEASURE THICKNESS|BACKSIDE ETCH CLEAN|BACKSIDE RINSE|BACKSIDE DRY|BACKSIDE METALLIZATION PREP|DEPOSIT BACKSIDE METAL|BACKSIDE ANNEAL|MEASURE BACKSIDE CONTACT|FINAL CLEAN|YIELD ANALYSIS|WAFER SORT TEST|LOT|WAFER SORT TEST|YIELD ANALYSIS|LOT|WAFER SORT TEST|WAFER SORT TEST|YIELD ANALYSIS|LOT RELEASE|PACKAGE PREPARATION|COAT TEST|COAT TEST|COAT TEST|SWITCHING TEST|WAFER SORT TEST|YIELD ANALYSIS|LOT RELEASE|PACKAGE PREPARATION|SHIP LOT
valid_mosfet_0090_f80,PASSIVATION ETCH|STRIP RESIST|CLEAN PAD OPENING|MEASURE PAD OPENING|BACKSIDE CLEAN|BACKSIDE GRIND|MEASURE THICKNESS|BACKSIDE ETCH CLEAN|BACKSIDE RINSE|BACKSIDE DRY|BACKSIDE METALLIZATION PREP|DEPOSIT BACKSIDE METAL|BACKSIDE ANNEAL|MEASURE BACKSIDE CONTACT|FINAL CLEAN|FINAL THICKNESS MEASURE|FINAL GEOMETRY CHECK|ELECTRICAL PARAMETRIC TEST|LEAKAGE TEST|THRESHOLD VOLTAGE TEST|SWITCHING TEST|WAFER SORT TEST|YIELD ANALYSIS|LOT|WAFER SORT TEST|LOT|PARTICLE INSPECTION|WAFER SORT TEST|YIELD ANALYSIS|LOT|WAFER SORT TEST|LOT|COAT TEST|COAT TEST|COAT TEST|COAT TEST|SWITCHING TEST|WAFER SORT TEST|YIELD ANALYSIS|LOT RELEASE|PACKAGE PREPARATION|COAT TEST|SHIP LOT
valid_mosfet_0091_f60,CLEAN AFTER VIA ETCH|DEPOSIT BARRIER METAL|DEPOSIT METAL SEED|FILL VIA METAL|CMP METAL|DEPOSIT METAL 1|ANNEAL METAL|SPIN COAT PHOTORESIST|SOFT BAKE|ALIGN MASK LEVEL 4|EXPOSE LITHO LEVEL 4|DEVELOP PHOTORESIST|METAL PATTERN INSPECTION|METAL ETCH|STRIP PHOTORESIST|CLEAN AFTER METAL ETCH|DEPOSIT PASSIVATION|CURE PASSIVATION|MEASURE PASSIVATION THICKNESS|OPEN PAD WINDOW|PAD WINDOW LITHO|DEVELOP PHOTORESIST|PASSIVATION ETCH|STRIP RESIST|CLEAN PAD OPENING|MEASURE PAD OPENING|BACKSIDE CLEAN|BACKSIDE GRIND|MEASURE THICKNESS|BACKSIDE ETCH CLEAN|BACKSIDE RINSE|BACKSIDE DRY|BACKSIDE METALLIZATION PREP|DEPOSIT BACKSIDE METAL|BACKSIDE ANNEAL|MEASURE BACKSIDE CONTACT|FINAL CLEAN|ELECTRICAL PARAMETRIC TEST|LEAKAGE TEST|WAFER SORT TEST|YIELD ANALYSIS|LOT|WAFER SORT TEST|WAFER SORT TEST|YIELD ANALYSIS|LOT RELEASE|PACKAGE PREPARATION|COAT TEST|COAT TEST|COAT TEST|SWITCHING TEST|WAFER SORT TEST|YIELD ANALYSIS|LOT RELEASE|PACKAGE PREPARATION|SHIP LOT
valid_mosfet_0091_f80,STRIP RESIST|CLEAN PAD OPENING|MEASURE PAD OPENING|BACKSIDE CLEAN|BACKSIDE GRIND|MEASURE THICKNESS|BACKSIDE ETCH CLEAN|BACKSIDE RINSE|BACKSIDE DRY|BACKSIDE METALLIZATION PREP|DEPOSIT BACKSIDE METAL|BACKSIDE ANNEAL|MEASURE BACKSIDE CONTACT|FINAL CLEAN|YIELD ANALYSIS|WAFER SORT TEST|LOT|WAFER SORT TEST|YIELD ANALYSIS|LOT|WAFER SORT TEST|WAFER SORT TEST|YIELD ANALYSIS|LOT|WAFER SORT TEST|THROUGH DIELECTRIC|SWITCHING TEST|WAFER SORT TEST|YIELD ANALYSIS|LOT|WAFER SORT TEST|ELECTRICAL ANALYSIS|WAFER SORT TEST|LOT RELEASE|COAT TEST|COAT TEST|COAT TEST|COAT TEST|WAFER SORT TEST|YIELD ANALYSIS|LOT RELEASE|PACKAGE PREPARATION|SHIP LOT
valid_mosfet_0092_f60,CLEAN AFTER VIA ETCH|DEPOSIT BARRIER METAL|DEPOSIT METAL SEED|FILL VIA METAL|CMP METAL|DEPOSIT METAL 1|ANNEAL METAL|SPIN COAT PHOTORESIST|SOFT BAKE|ALIGN MASK LEVEL 4|EXPOSE LITHO LEVEL 4|DEVELOP PHOTORESIST|METAL PATTERN INSPECTION|METAL ETCH|STRIP PHOTORESIST|CLEAN AFTER METAL ETCH|DEPOSIT PASSIVATION|CURE PASSIVATION|MEASURE PASSIVATION THICKNESS|OPEN PAD WINDOW|PAD WINDOW LITHO|DEVELOP PHOTORESIST|PASSIVATION ETCH|STRIP RESIST|CLEAN PAD OPENING|MEASURE PAD OPENING|BACKSIDE CLEAN|BACKSIDE GRIND|MEASURE THICKNESS|BACKSIDE ETCH CLEAN|BACKSIDE RINSE|BACKSIDE DRY|BACKSIDE METALLIZATION PREP|DEPOSIT BACKSIDE METAL|BACKSIDE ANNEAL|MEASURE BACKSIDE CONTACT|FINAL CLEAN|YIELD ANALYSIS|WAFER SORT TEST|LOT|WAFER SORT TEST|YIELD ANALYSIS|LOT|WAFER SORT TEST|WAFER SORT TEST|YIELD ANALYSIS|LOT RELEASE|PACKAGE PREPARATION|COAT TEST|COAT TEST|COAT TEST|SWITCHING TEST|WAFER SORT TEST|YIELD ANALYSIS|LOT RELEASE|PACKAGE PREPARATION|SHIP LOT
valid_mosfet_0092_f80,PASSIVATION ETCH|STRIP RESIST|CLEAN PAD OPENING|MEASURE PAD OPENING|BACKSIDE CLEAN|BACKSIDE GRIND|MEASURE THICKNESS|BACKSIDE ETCH CLEAN|BACKSIDE RINSE|BACKSIDE DRY|BACKSIDE METALLIZATION PREP|DEPOSIT BACKSIDE METAL|BACKSIDE ANNEAL|MEASURE BACKSIDE CONTACT|FINAL CLEAN|FINAL THICKNESS MEASURE|FINAL GEOMETRY CHECK|ELECTRICAL PARAMETRIC TEST|LEAKAGE TEST|THRESHOLD VOLTAGE TEST|SWITCHING TEST|WAFER SORT TEST|YIELD ANALYSIS|LOT|WAFER SORT TEST|LOT|PARTICLE INSPECTION|WAFER SORT TEST|YIELD ANALYSIS|LOT|WAFER SORT TEST|LOT|COAT TEST|COAT TEST|WAFER SORT TEST|YIELD ANALYSIS|LOT RELEASE|PACKAGE PREPARATION|COAT TEST|COAT TEST|WAFER SORT TEST|YIELD ANALYSIS|LOT RELEASE|PACKAGE PREPARATION|COAT TEST|COAT TEST|COAT TEST|COAT TEST|WAFER SORT TEST|YIELD ANALYSIS|LOT LOT LOT LOT LOT|WAFER SORT TEST|DENSIFY TEST|YIELD ANALYSIS
valid_mosfet_0093_f60,DEPOSIT BARRIER METAL|DEPOSIT METAL SEED|FILL VIA METAL|CMP METAL|DEPOSIT METAL 1|ANNEAL METAL|SPIN COAT PHOTORESIST|SOFT BAKE|ALIGN MASK LEVEL 4|EXPOSE LITHO LEVEL 4|DEVELOP PHOTORESIST|METAL PATTERN INSPECTION|METAL ETCH|STRIP RESIST|CLEAN AFTER METAL ETCH|DEPOSIT PASSIVATION|CURE PASSIVATION|MEASURE PASSIVATION THICKNESS|OPEN PAD WINDOW|PAD WINDOW LITHO|DEVELOP PHOTORESIST|PASSIVATION ETCH|STRIP RESIST|CLEAN PAD OPENING|MEASURE PAD OPENING|BACKSIDE CLEAN|BACKSIDE GRIND|MEASURE THICKNESS|BACKSIDE ETCH CLEAN|BACKSIDE RINSE|BACKSIDE DRY|BACKSIDE METALLIZATION PREP|DEPOSIT BACKSIDE METAL|BACKSIDE ANNEAL|MEASURE BACKSIDE CONTACT|FINAL CLEAN|FINAL THICKNESS MEASURE|ELECTRICAL PARAMETRIC TEST|LEAKAGE TEST|PARAMETRIC TEST|SWITCHING TEST|WAFER SORT TEST|YIELD ANALYSIS|LOT|WAFER SORT TEST|THROUGH DIELECTRIC|DEVELOP TEST|METAL ANALYSIS|VIA THRESHOLD VOLTAGE TEST|VIA ETCH LOT|STRIP PHOTORESIST|CLEAN TEST|WAFER SORT TEST|YIELD ANALYSIS|LOT RELEASE|PACKAGE PREPARATION|COAT TEST|COAT TEST|COAT TEST|BACKSIDE ANALYSIS|WAFER SORT TEST|YIELD ANALYSIS|LOT RELEASE|PACKAGE PREPARATION|COAT TEST|COAT TEST|WAFER SORT TEST|YIELD ANALYSIS|LOT LOT LOT LOT LOT|WAFER SORT TEST|ELECTRICAL YIELD ANALYSIS|WAFER SORT TEST|LOT LOT|CMP DIELECTRIC BAKE|WAFER SORT TEST|YIELD ANALYSIS|LOT LOT LOT LOT|DENSIFY TEST
valid_mosfet_0093_f80,STRIP RESIST|CLEAN PAD OPENING|MEASURE PAD OPENING|BACKSIDE CLEAN|BACKSIDE GRIND|MEASURE THICKNESS|BACKSIDE ETCH CLEAN|BACKSIDE RINSE|BACKSIDE DRY|BACKSIDE METALLIZATION PREP|DEPOSIT BACKSIDE METAL|BACKSIDE ANNEAL|MEASURE BACKSIDE CONTACT|FINAL CLEAN|ELECTRICAL PARAMETRIC TEST|LEAKAGE TEST|WAFER SORT TEST|YIELD ANALYSIS|LOT|WAFER SORT TEST|PARTICLE INSPECTION|WAFER SORT TEST|YIELD ANALYSIS|LOT RELEASE|PACKAGE PREPARATION|RINSE|COAT TEST|COAT TEST|SWITCHING TEST|WAFER SORT TEST|YIELD ANALYSIS|LOT|WAFER SORT TEST|LOT RELEASE|COAT TEST|COAT TEST|COAT TEST|WAFER SORT TEST|YIELD ANALYSIS|LOT|WAFER SORT TEST|ELECTRICAL YIELD ANALYSIS|WAFER SORT TEST|LOT RELEASE|COAT TEST|COAT TEST|COAT TEST|COAT TEST|WAFER SORT TEST|YIELD ANALYSIS|LOT LOT LOT LOT LOT|WAFER SORT TEST|ELECTRICAL YIELD ANALYSIS|WAFER SORT TEST
valid_mosfet_0094_f60,DEPOSIT BARRIER METAL|DEPOSIT METAL SEED|FILL VIA METAL|CMP METAL|MEASURE VIA RESISTANCE|DEPOSIT TOP METAL|ANNEAL METAL|SPIN COAT PHOTORESIST|SOFT BAKE|ALIGN MASK LEVEL 4|EXPOSE LITHO LEVEL 4|DEVELOP PHOTORESIST|METAL PATTERN INSPECTION|METAL ETCH|STRIP PHOTORESIST|CLEAN AFTER METAL ETCH|DEPOSIT PASSIVATION|CURE PASSIVATION|MEASURE PASSIVATION THICKNESS|OPEN PAD WINDOW|PAD WINDOW LITHO|DEVELOP PHOTORESIST|PASSIVATION ETCH|STRIP RESIST|CLEAN PAD OPENING|MEASURE PAD OPENING|BACKSIDE CLEAN|BACKSIDE GRIND|MEASURE THICKNESS|BACKSIDE ETCH CLEAN|BACKSIDE RINSE|BACKSIDE DRY|BACKSIDE METALLIZATION PREP|DEPOSIT BACKSIDE METAL|BACKSIDE ANNEAL|MEASURE BACKSIDE CONTACT|FINAL CLEAN|ELECTRICAL PARAMETRIC TEST|LEAKAGE TEST|THRESHOLD VOLTAGE TEST|SWITCHING TEST|WAFER SORT TEST|YIELD ANALYSIS|LOT|WAFER SORT TEST|THROUGH DIELECTRIC CHECK|LOT|COAT TEST|COAT TEST|WAFER SORT TEST|YIELD ANALYSIS|LOT RELEASE|PACKAGE PREPARATION|COAT TEST|COAT TEST|COAT TEST|BACKSIDE ANALYSIS|SWITCHING TEST|WAFER SORT TEST|YIELD ANALYSIS|LOT LOT LOT LOT RELEASE|SHIP LOT
valid_mosfet_0094_f80,STRIP RESIST|CLEAN PAD OPENING|MEASURE PAD OPENING|BACKSIDE CLEAN|BACKSIDE GRIND|MEASURE THICKNESS|BACKSIDE ETCH CLEAN|BACKSIDE RINSE|BACKSIDE DRY|BACKSIDE METALLIZATION PREP|DEPOSIT BACKSIDE METAL|BACKSIDE ANNEAL|MEASURE BACKSIDE CONTACT|FINAL CLEAN|ELECTRICAL PARAMETRIC TEST|LEAKAGE TEST|THRESHOLD VOLTAGE TEST|SWITCHING TEST|WAFER SORT TEST|YIELD ANALYSIS|LOT|WAFER SORT TEST|ELECTRICAL PARAMETRIC TEST|SWITCHING TEST|WAFER SORT TEST|YIELD ANALYSIS|LOT RELEASE|PACKAGE PREPARATION|SHIP LOT
valid_mosfet_0095_f60,DEPOSIT BARRIER METAL|DEPOSIT METAL SEED|FILL VIA METAL|CMP METAL|DEPOSIT METAL 1|ANNEAL METAL|SPIN COAT PHOTORESIST|SOFT BAKE|ALIGN MASK LEVEL 4|EXPOSE LITHO LEVEL 4|DEVELOP PHOTORESIST|METAL PATTERN INSPECTION|METAL ETCH|STRIP RESIST|CLEAN AFTER METAL ETCH|DEPOSIT PASSIVATION|CURE PASSIVATION|MEASURE PASSIVATION THICKNESS|OPEN PAD WINDOW|PAD WINDOW LITHO|DEVELOP PHOTORESIST|PASSIVATION ETCH|STRIP RESIST|CLEAN PAD OPENING|MEASURE PAD OPENING|BACKSIDE CLEAN|BACKSIDE GRIND|MEASURE THICKNESS|BACKSIDE ETCH CLEAN|BACKSIDE RINSE|BACKSIDE DRY|BACKSIDE METALLIZATION PREP|DEPOSIT BACKSIDE METAL|BACKSIDE ANNEAL|MEASURE BACKSIDE CONTACT|FINAL CLEAN|ELECTRICAL PARAMETRIC TEST|LEAKAGE TEST|THRESHOLD VOLTAGE TEST|SWITCHING TEST|WAFER SORT TEST|YIELD ANALYSIS|LOT|WAFER SORT TEST|THROUGH DIELECTRIC CHECK|LOT|COAT TEST|COAT TEST|COAT TEST|SWITCHING TEST|WAFER SORT TEST|YIELD ANALYSIS|LOT RELEASE|PACKAGE PREPARATION|SHIP LOT
valid_mosfet_0095_f80,STRIP PHOTORESIST|CLEAN PAD OPENING|MEASURE PAD OPENING|BACKSIDE CLEAN|BACKSIDE GRIND|MEASURE THICKNESS|BACKSIDE ETCH CLEAN|BACKSIDE RINSE|BACKSIDE DRY|BACKSIDE METALLIZATION PREP|DEPOSIT BACKSIDE METAL|BACKSIDE ANNEAL|MEASURE BACKSIDE CONTACT|FINAL CLEAN|FINAL THICKNESS MEASURE|FINAL GEOMETRY CHECK|ELECTRICAL PARAMETRIC TEST|LEAKAGE TEST|THRESHOLD VOLTAGE TEST|SWITCHING TEST|WAFER SORT TEST|YIELD ANALYSIS|LOT|WAFER SORT TEST|LOT|ELECTRICAL PARAMETRIC TEST|WAFER SORT TEST|YIELD ANALYSIS|LOT|WAFER SORT TEST|LOT|ELECTRICAL ANALYSIS|WAFER SORT TEST|YIELD ANALYSIS|LOT RELEASE|PACKAGE PREPARATION|COAT TEST|COAT TEST|WAFER SORT TEST|YIELD ANALYSIS|LOT LOT LOT LOT LOT|WAFER SORT TEST|ELECTRICAL YIELD ANALYSIS|WAFER SORT TEST|LOT|DIELECTRIC CHECK|WAFER SORT TEST|YIELD ANALYSIS|LOT LOT LOT RELEASE|PACKAGE PREPARATION|SHIP LOT
valid_mosfet_0096_f60,DEPOSIT BARRIER METAL|DEPOSIT METAL SEED|FILL VIA METAL|CMP METAL|DEPOSIT METAL 1|ANNEAL METAL|SPIN COAT PHOTORESIST|SOFT BAKE|ALIGN MASK LEVEL 4|EXPOSE LITHO LEVEL 4|DEVELOP PHOTORESIST|METAL PATTERN INSPECTION|METAL ETCH|STRIP PHOTORESIST|CLEAN AFTER METAL ETCH|DEPOSIT PASSIVATION|CURE PASSIVATION|MEASURE PASSIVATION THICKNESS|OPEN PAD WINDOW|PAD WINDOW LITHO|DEVELOP PHOTORESIST|PASSIVATION ETCH|STRIP RESIST|CLEAN PAD OPENING|MEASURE PAD OPENING|BACKSIDE CLEAN|BACKSIDE GRIND|MEASURE THICKNESS|BACKSIDE ETCH CLEAN|BACKSIDE RINSE|BACKSIDE DRY|BACKSIDE METALLIZATION PREP|DEPOSIT BACKSIDE METAL|BACKSIDE ANNEAL|MEASURE BACKSIDE CONTACT|FINAL CLEAN|ELECTRICAL PARAMETRIC TEST|LEAKAGE TEST|WAFER SORT TEST|YIELD ANALYSIS|LOT|WAFER SORT TEST|WAFER SORT TEST|YIELD ANALYSIS|LOT|WAFER SORT TEST|ELECTRICAL ANALYSIS|VIA|DEPOSIT ANALYSIS|SWITCHING TEST|WAFER SORT TEST|YIELD ANALYSIS|LOT RELEASE|PACKAGE PREPARATION|SHIP LOT
valid_mosfet_0096_f80,STRIP PHOTORESIST|CLEAN PAD OPENING|MEASURE PAD OPENING|BACKSIDE CLEAN|BACKSIDE GRIND|MEASURE THICKNESS|BACKSIDE ETCH CLEAN|BACKSIDE RINSE|BACKSIDE DRY|BACKSIDE METALLIZATION PREP|DEPOSIT BACKSIDE METAL|BACKSIDE ANNEAL|MEASURE BACKSIDE CONTACT|FINAL CLEAN|YIELD ANALYSIS|WAFER SORT TEST|LOT|WAFER SORT TEST|YIELD ANALYSIS|LOT|WAFER SORT TEST|WAFER SORT TEST|YIELD ANALYSIS|LOT|WAFER SORT TEST|LOT|ELECTRICAL PARAMETRIC TEST|WAFER SORT TEST|YIELD ANALYSIS|LOT RELEASE|PACKAGE PREPARATION|SHIP LOT
valid_mosfet_0097_f60,DEPOSIT BARRIER METAL|DEPOSIT METAL SEED|FILL VIA METAL|CMP METAL|DEPOSIT METAL 1|ANNEAL METAL|SPIN COAT PHOTORESIST|SOFT BAKE|ALIGN MASK LEVEL 4|EXPOSE LITHO LEVEL 4|DEVELOP PHOTORESIST|METAL PATTERN INSPECTION|METAL ETCH|STRIP RESIST|CLEAN AFTER METAL ETCH|DEPOSIT PASSIVATION|CURE PASSIVATION|MEASURE PASSIVATION THICKNESS|OPEN PAD WINDOW|PAD WINDOW LITHO|DEVELOP PHOTORESIST|PASSIVATION ETCH|STRIP RESIST|CLEAN PAD OPENING|MEASURE PAD OPENING|BACKSIDE CLEAN|BACKSIDE GRIND|MEASURE THICKNESS|BACKSIDE ETCH CLEAN|BACKSIDE RINSE|BACKSIDE DRY|BACKSIDE METALLIZATION PREP|DEPOSIT BACKSIDE METAL|BACKSIDE ANNEAL|MEASURE BACKSIDE CONTACT|FINAL CLEAN|ELECTRICAL PARAMETRIC TEST|LEAKAGE TEST|WAFER SORT TEST|YIELD ANALYSIS|LOT|WAFER SORT TEST|WAFER SORT TEST|YIELD ANALYSIS|LOT RELEASE|PACKAGE PREPARATION|COAT TEST|COAT TEST|COAT TEST|SWITCHING TEST|WAFER SORT TEST|YIELD ANALYSIS|LOT RELEASE|PACKAGE PREPARATION|SHIP LOT
valid_mosfet_0097_f80,STRIP RESIST|CLEAN PAD OPENING|MEASURE PAD OPENING|BACKSIDE CLEAN|BACKSIDE GRIND|MEASURE THICKNESS|BACKSIDE ETCH CLEAN|BACKSIDE RINSE|BACKSIDE DRY|BACKSIDE METALLIZATION PREP|DEPOSIT BACKSIDE METAL|BACKSIDE ANNEAL|MEASURE BACKSIDE CONTACT|FINAL CLEAN|YIELD ANALYSIS|WAFER SORT TEST|LOT|WAFER SORT TEST|YIELD ANALYSIS|LOT|WAFER SORT TEST|WAFER SORT TEST|YIELD ANALYSIS|LOT|WAFER SORT TEST|LOT|ELECTRICAL PARAMETRIC TEST|WAFER SORT TEST|YIELD ANALYSIS|LOT|WAFER SORT TEST|ELECTRICAL ANALYSIS|WAFER SORT TEST|LOT RELEASE|COAT TEST|COAT TEST|COAT TEST|COAT TEST|COAT TEST|SWITCHING TEST|WAFER SORT TEST|YIELD ANALYSIS|LOT RELEASE|PACKAGE PREPARATION|COAT TEST|COAT TEST|COAT TEST|COAT TEST|WAFER SORT TEST|YIELD ANALYSIS|LOT LOT LOT LOT LOT|WAFER SORT TEST|CMP DIELECTRIC BAKE|DENSIFY TEST
valid_mosfet_0098_f60,DEPOSIT BARRIER METAL|DEPOSIT METAL SEED|FILL VIA METAL|CMP METAL|DEPOSIT INTERLEVEL DIELECTRIC|ANNEAL METAL|SPIN COAT PHOTORESIST|SOFT BAKE|ALIGN MASK LEVEL 4|EXPOSE LITHO LEVEL 4|DEVELOP PHOTORESIST|METAL PATTERN INSPECTION|METAL ETCH|STRIP PHOTORESIST|CLEAN AFTER METAL ETCH|DEPOSIT PASSIVATION|CURE PASSIVATION|MEASURE PASSIVATION THICKNESS|OPEN PAD WINDOW|PAD WINDOW LITHO|DEVELOP PHOTORESIST|PASSIVATION ETCH|STRIP RESIST|CLEAN PAD OPENING|MEASURE PAD OPENING|BACKSIDE CLEAN|BACKSIDE GRIND|MEASURE THICKNESS|BACKSIDE ETCH CLEAN|BACKSIDE RINSE|BACKSIDE DRY|BACKSIDE METALLIZATION PREP|DEPOSIT BACKSIDE METAL|BACKSIDE ANNEAL|MEASURE BACKSIDE CONTACT|FINAL CLEAN|ELECTRICAL PARAMETRIC TEST|LEAKAGE TEST|WAFER SORT TEST|YIELD ANALYSIS|LOT|WAFER SORT TEST|WAFER SORT TEST|LOT|YIELD ANALYSIS|LOT RELEASE|COAT TEST|COAT TEST|COAT TEST|DENSIFY TEST|SWITCHING TEST|WAFER SORT TEST|YIELD ANALYSIS|LOT RELEASE|PACKAGE PREPARATION|SHIP LOT
valid_mosfet_0098_f80,PASSIVATION ETCH|STRIP RESIST|CLEAN PAD OPENING|MEASURE PAD OPENING|BACKSIDE CLEAN|BACKSIDE GRIND|MEASURE THICKNESS|BACKSIDE ETCH CLEAN|BACKSIDE RINSE|BACKSIDE DRY|BACKSIDE METALLIZATION PREP|DEPOSIT BACKSIDE METAL|BACKSIDE ANNEAL|MEASURE BACKSIDE CONTACT|FINAL CLEAN|FINAL THICKNESS MEASURE|FINAL GEOMETRY CHECK|ELECTRICAL PARAMETRIC TEST|LEAKAGE TEST|THRESHOLD VOLTAGE TEST|SWITCHING TEST|WAFER SORT TEST|YIELD ANALYSIS|LOT|WAFER SORT TEST|LOT|ELECTRICAL PARAMETRIC TEST|COAT TEST|SWITCHING TEST|WAFER SORT TEST|YIELD ANALYSIS|LOT|WAFER SORT TEST|COAT TEST|COAT TEST|WAFER SORT TEST|YIELD ANALYSIS|LOT LOT LOT RELEASE|PACKAGE PREPARATION|COAT TEST|COAT TEST|SWITCHING TEST|WAFER SORT TEST|YIELD ANALYSIS|LOT LOT LOT LOT LOT|WAFER SORT TEST|ELECTRICAL YIELD ANALYSIS|WAFER SORT TEST|LOT LOT FINAL YIELD ANALYSIS|WAFER SORT TEST|LOT|CMP DIELECTRIC BAKE|DENSIFY TEST|DENSIFY TEST|DEPOSIT
valid_mosfet_0099_f60,DEPOSIT METAL SEED|FILL VIA METAL|CMP METAL|DEPOSIT METAL 1|ANNEAL METAL|SPIN COAT PHOTORESIST|SOFT BAKE|ALIGN MASK LEVEL 4|EXPOSE LITHO LEVEL 4|DEVELOP PHOTORESIST|METAL PATTERN INSPECTION|METAL ETCH|STRIP RESIST|CLEAN AFTER METAL ETCH|DEPOSIT PASSIVATION|CURE PASSIVATION|MEASURE PASSIVATION THICKNESS|OPEN PAD WINDOW|PAD WINDOW LITHO|DEVELOP PHOTORESIST|PASSIVATION ETCH|STRIP RESIST|CLEAN PAD OPENING|MEASURE PAD OPENING|BACKSIDE CLEAN|BACKSIDE GRIND|MEASURE THICKNESS|BACKSIDE ETCH CLEAN|BACKSIDE RINSE|BACKSIDE DRY|BACKSIDE METALLIZATION PREP|DEPOSIT BACKSIDE METAL|BACKSIDE ANNEAL|MEASURE BACKSIDE CONTACT|FINAL CLEAN|ELECTRICAL PARAMETRIC TEST|LEAKAGE TEST|THRESHOLD VOLTAGE TEST|SWITCHING TEST|WAFER SORT TEST|YIELD ANALYSIS|LOT|WAFER SORT TEST|LOT|ELECTRICAL PARAMETRIC TEST|SWITCHING TEST|WAFER SORT TEST|YIELD ANALYSIS|LOT|WAFER SORT TEST|LOT|ELECTRICAL ANALYSIS|WAFER SORT TEST|YIELD ANALYSIS|LOT RELEASE|PACKAGE PREPARATION|SHIP LOT
valid_mosfet_0099_f80,CLEAN PAD OPENING|MEASURE PAD OPENING|BACKSIDE CLEAN|BACKSIDE GRIND|MEASURE THICKNESS|BACKSIDE ETCH CLEAN|BACKSIDE RINSE|BACKSIDE DRY|BACKSIDE METALLIZATION PREP|DEPOSIT BACKSIDE METAL|BACKSIDE ANNEAL|MEASURE BACKSIDE CONTACT|FINAL CLEAN|YIELD ANALYSIS|WAFER SORT TEST|LOT|WAFER SORT TEST|YIELD ANALYSIS|LOT|WAFER SORT TEST|WAFER SORT TEST|YIELD ANALYSIS|LOT|WAFER SORT TEST|LOT|ELECTRICAL PARAMETRIC TEST|COAT TEST|SWITCHING TEST|WAFER SORT TEST|YIELD ANALYSIS|LOT RELEASE|PACKAGE PREPARATION|SHIP LOT
valid_igbt_0000_f60,MEASURE DIELECTRIC THICKNESS|CMP METAL|MEASURE PLANARITY|SPIN COAT PHOTORESIST|SOFT BAKE|ALIGN MASK LEVEL 5|EXPOSE LITHO LEVEL 5|DEVELOP PHOTORESIST|METAL INSPECTION|VIA INSPECTION|VIA ETCH|STRIP RESIST|CLEAN AFTER VIA ETCH|DEPOSIT BARRIER METAL|DEPOSIT METAL SEED|FILL VIA METAL|CMP METAL|MEASURE VIA RESISTANCE|DEPOSIT TOP METAL|ANNEAL METAL|SPIN COAT PHOTORESIST|SOFT BAKE|ALIGN MASK LEVEL 6|EXPOSE LITHO LEVEL 6|DEVELOP PHOTORESIST|METAL PATTERN INSPECTION|METAL ETCH DRY|STRIP PHOTORESIST|CLEAN AFTER METAL ETCH|MEASURE LINE WIDTH|DEPOSIT PASSIVATION|CURE PASSIVATION|MEASURE PASSIVATION THICKNESS|OPEN PAD WINDOW|PAD WINDOW LITHO|DEVELOP PHOTORESIST|PASSIVATION ETCH|STRIP RESIST|CLEAN PAD OPENING|MEASURE PAD OPENING|BACKSIDE GRIND|MEASURE THICKNESS|BACKSIDE ETCH CLEAN|BACKSIDE RINSE|BACKSIDE DRY|BACKSIDE METALLIZATION PREP|DEPOSIT BACKSIDE METAL|BACKSIDE ANNEAL|MEASURE BACKSIDE CONTACT|FINAL CLEAN|FINAL THICKNESS MEASURE|FINAL GEOMETRY CHECK|ELECTRICAL PARAMETRIC TEST|LEAKAGE TEST|BREAKDOWN VOLTAGE TEST|SWITCHING TEST|YIELD ANALYSIS|WAFER SORT TEST|LOT|LOT|COAT TEST|COAT TEST|COAT TEST|SWITCHING TEST|WAFER SORT TEST|YIELD ANALYSIS|LOT RELEASE|PACKAGE PREPARATION|SHIP LOT
valid_igbt_0000_f80,DEPOSIT PASSIVATION|CURE PASSIVATION|MEASURE PASSIVATION THICKNESS|OPEN PAD WINDOW|PAD WINDOW LITHO|DEVELOP PHOTORESIST|PASSIVATION ETCH|STRIP RESIST|CLEAN PAD OPENING|MEASURE PAD OPENING|BACKSIDE GRIND|MEASURE THICKNESS|BACKSIDE ETCH CLEAN|BACKSIDE RINSE|BACKSIDE DRY|BACKSIDE METALLIZATION PREP|DEPOSIT BACKSIDE METAL|BACKSIDE ANNEAL|MEASURE BACKSIDE CONTACT|FINAL CLEAN|FINAL THICKNESS MEASURE|ELECTRICAL PARAMETRIC TEST|LEAKAGE TEST|BREAKDOWN VOLTAGE TEST|SWITCHING TEST|YIELD ANALYSIS|WAFER SORT TEST|LOT|LOT|COAT TEST|COAT TEST|COAT TEST|SWITCHING TEST|WAFER SORT TEST|YIELD ANALYSIS|LOT|WAFER SORT TEST|LOT|ELECTRICAL ANALYSIS|WAFER SORT TEST|SWITCHING TEST|WAFER SORT TEST|YIELD ANALYSIS|LOT LOT RELEASE|PACKAGE PREPARATION|COAT TEST|COAT TEST|COAT TEST|WAFER SORT TEST|YIELD ANALYSIS|LOT RELEASE|PACKAGE PREPARATION|SHIP LOT
valid_igbt_0001_f60,DEVELOP PHOTORESIST|METAL INSPECTION|VIA ETCH|STRIP RESIST|CLEAN AFTER VIA ETCH|DEPOSIT BARRIER METAL|DEPOSIT METAL SEED|FILL VIA METAL|CMP METAL|DEPOSIT TOP METAL|ANNEAL METAL|SPIN COAT PHOTORESIST|SOFT BAKE|ALIGN MASK LEVEL 6|EXPOSE LITHO LEVEL 6|DEVELOP PHOTORESIST|METAL PATTERN INSPECTION|METAL ETCH DRY|STRIP RESIST|CLEAN AFTER METAL ETCH|MEASURE LINE WIDTH|DEPOSIT PASSIVATION|CURE PASSIVATION|MEASURE PASSIVATION THICKNESS|OPEN PAD WINDOW|PAD WINDOW LITHO|DEVELOP PAD WINDOW|PASSIVATION ETCH|STRIP RESIST|CLEAN PAD OPENING|MEASURE PAD OPENING|BACKSIDE GRIND|MEASURE THICKNESS|BACKSIDE ETCH CLEAN|BACKSIDE RINSE|BACKSIDE DRY|BACKSIDE METALLIZATION PREP|DEPOSIT BACKSIDE METAL|BACKSIDE ANNEAL|MEASURE BACKSIDE CONTACT|FINAL CLEAN|FINAL THICKNESS MEASURE|FINAL GEOMETRY CHECK|FINAL PARTICLE INSPECTION|YIELD ANALYSIS|WAFER SORT TEST|LOT|WAFER SORT TEST|YIELD ANALYSIS|LOT|WAFER SORT TEST|WAFER SORT TEST|YIELD ANALYSIS|LOT|LOT|COAT TEST|COAT TEST|COAT TEST|SWITCHING TEST|WAFER SORT TEST|YIELD ANALYSIS|LOT LOT LOT RELEASE|PACKAGE PREPARATION|SHIP LOT
valid_igbt_0001_f80,OPEN PAD WINDOW|PAD WINDOW LITHO|DEVELOP PHOTORESIST|METAL ETCH|STRIP RESIST|CLEAN PAD OPENING|MEASURE PAD OPENING|BACKSIDE GRIND|MEASURE THICKNESS|BACKSIDE ETCH CLEAN|BACKSIDE RINSE|BACKSIDE DRY|BACKSIDE METALLIZATION PREP|DEPOSIT BACKSIDE METAL|BACKSIDE ANNEAL|MEASURE BACKSIDE CONTACT|FINAL CLEAN|YIELD ANALYSIS|WAFER SORT TEST|LOT|WAFER SORT TEST|YIELD ANALYSIS|LOT|WAFER SORT TEST|WAFER SORT TEST|YIELD ANALYSIS|LOT|LOT|WAFER SORT TEST|ELECTRICAL PARAMETRIC TEST|SWITCHING TEST|WAFER SORT TEST|YIELD ANALYSIS|LOT RELEASE|PACKAGE PREPARATION|PACKAGE PREPARATION|COAT TEST|COAT TEST|COAT TEST|DEVELOP TEST|PASSIVATION TEST|WAFER SORT TEST|STRIP ANALYSIS|CLEAN YIELD ANALYSIS|LOT LOT LOT LOT|COAT TEST|COAT TEST|COAT TEST|WAFER SORT TEST|YIELD ANALYSIS|LOT LOT LOT LOT LOT|WAFER SORT TEST|ELECTRICAL YIELD ANALYSIS|WAFER SORT TEST|LOT LOT LOT LOT|DENSIFY TEST|COAT ANALYSIS|DENSIFY TEST|DENSIFY TEST
valid_igbt_0002_f60,MEASURE PLANARITY|SPIN COAT PHOTORESIST|SOFT BAKE|ALIGN MASK LEVEL 5|EXPOSE LITHO LEVEL 5|DEVELOP PHOTORESIST|VIA INSPECTION|VIA ETCH|STRIP RESIST|CLEAN AFTER VIA ETCH|DEPOSIT BARRIER METAL|DEPOSIT METAL SEED|FILL VIA METAL|CMP METAL|MEASURE VIA RESISTANCE|DEPOSIT TOP METAL|ANNEAL METAL|SPIN COAT PHOTORESIST|SOFT BAKE|ALIGN MASK LEVEL 6|EXPOSE LITHO LEVEL 6|DEVELOP PHOTORESIST|METAL PATTERN INSPECTION|METAL ETCH DRY|STRIP PHOTORESIST|CLEAN AFTER METAL ETCH|MEASURE LINE WIDTH|DEPOSIT PASSIVATION|CURE PASSIVATION|MEASURE PASSIVATION THICKNESS|OPEN PAD WINDOW|PAD WINDOW LITHO|DEVELOP PHOTORESIST|PASSIVATION ETCH|STRIP RESIST|CLEAN PAD OPENING|MEASURE PAD OPENING|BACKSIDE GRIND|MEASURE THICKNESS|BACKSIDE ETCH CLEAN|BACKSIDE RINSE|BACKSIDE DRY|BACKSIDE METALLIZATION PREP|DEPOSIT BACKSIDE METAL|BACKSIDE ANNEAL|MEASURE BACKSIDE CONTACT|FINAL CLEAN|FINAL THICKNESS MEASURE|FINAL GEOMETRY CHECK|FINAL PARTICLE INSPECTION|ELECTRICAL PARAMETRIC TEST|LEAKAGE TEST|BREAKDOWN VOLTAGE TEST|SWITCHING TEST|YIELD ANALYSIS|WAFER SORT TEST|LOT|LOT|COAT TEST|COAT TEST|COAT TEST|SWITCHING TEST|WAFER SORT TEST|YIELD ANALYSIS|LOT|WAFER SORT TEST|LOT LOT LOT LOT LOT|COAT TEST|COAT TEST|WAFER SORT TEST|YIELD ANALYSIS|LOT LOT LOT LOT LOT|WAFER SORT TEST|ELECTRICAL YIELD ANALYSIS|WAFER SORT TEST|LOT LOT|COAT TEST|WAFER SORT TEST|YIELD ANALYSIS|LOT LOT LOT LOT LOT|COAT SORT TEST|ELECTRICAL YIELD ANALYSIS|WAFER SORT TEST|LOT LOT|ELECTRICAL YIELD ANALYSIS|WAFER SORT TEST|LOT LOT LOT|DENSIFY TEST|DENSIFY TEST|DENSIFY TEST
valid_igbt_0002_f80,DEPOSIT PASSIVATION|CURE PASSIVATION|MEASURE PASSIVATION THICKNESS|OPEN PAD WINDOW|PAD WINDOW LITHO|DEVELOP PHOTORESIST|PASSIVATION ETCH|STRIP RESIST|CLEAN PAD OPENING|MEASURE PAD OPENING|BACKSIDE GRIND|MEASURE THICKNESS|BACKSIDE ETCH CLEAN|BACKSIDE RINSE|BACKSIDE DRY|BACKSIDE METALLIZATION PREP|DEPOSIT BACKSIDE METAL|BACKSIDE ANNEAL|MEASURE BACKSIDE CONTACT|FINAL CLEAN|ELECTRICAL PARAMETRIC TEST|LEAKAGE TEST|BREAKDOWN VOLTAGE TEST|SWITCHING TEST|YIELD ANALYSIS|WAFER SORT TEST|LOT|LOT|COAT TEST|COAT TEST|COAT TEST|SWITCHING TEST|WAFER SORT TEST|YIELD ANALYSIS|LOT|WAFER SORT TEST|LOT|ELECTRICAL ANALYSIS|WAFER SORT TEST|SWITCHING TEST|WAFER SORT TEST|YIELD ANALYSIS|LOT RELEASE|PACKAGE PREPARATION|COAT TEST|COAT TEST|COAT TEST|COAT TEST|WAFER SORT TEST|YIELD ANALYSIS|LOT LOT LOT RELEASE|SHIP LOT
valid_igbt_0003_f60,CMP VIA|DEPOSIT INTERLAYER DIELECTRIC|DEPOSIT INTERLAYER DIELECTRIC|FILL VIA|CMP METAL|DEPOSIT INTERLAYER DIELECTRIC|ANNEAL|MEASURE DIELECTRIC THICKNESS|SPIN COAT PHOTORESIST|SOFT BAKE|ALIGN MASK LEVEL 5|EXPOSE LITHO LEVEL 5|DEVELOP PHOTORESIST|METAL PATTERN INSPECTION|METAL ETCH VIA|STRIP RESIST|CLEAN AFTER VIA ETCH|MEASURE VIA CD|DEPOSIT BARRIER METAL|DEPOSIT METAL SEED|FILL VIA METAL|CMP METAL|MEASURE CONTACT RESISTANCE|DEPOSIT TOP METAL|ANNEAL METAL|SPIN COAT PHOTORESIST|SOFT BAKE|ALIGN MASK LEVEL 6|EXPOSE LITHO LEVEL 6|DEVELOP PHOTORESIST|METAL PATTERN INSPECTION|METAL ETCH DRY|STRIP RESIST|CLEAN AFTER METAL ETCH|DEPOSIT PASSIVATION|CURE PASSIVATION|MEASURE PASSIVATION THICKNESS|OPEN PAD WINDOW|PAD WINDOW LITHO|DEVELOP PHOTORESIST|METAL PATTERN INSPECTION|HARD BAKE|METAL ETCH|STRIP RESIST|CLEAN PAD OPENING|MEASURE PAD OPENING|BACKSIDE GRIND|MEASURE THICKNESS|BACKSIDE ETCH CLEAN|BACKSIDE RINSE|BACKSIDE DRY|BACKSIDE METALLIZATION PREP|DEPOSIT BACKSIDE METAL|BACKSIDE ANNEAL|MEASURE BACKSIDE CONTACT|FINAL CLEAN|FINAL THICKNESS MEASURE|FINAL GEOMETRY CHECK|YIELD ANALYSIS|WAFER SORT TEST|LOT|WAFER SORT TEST|YIELD ANALYSIS|LOT|WAFER SORT TEST|WAFER SORT TEST|LOT|YIELD ANALYSIS|LOT|WAFER SORT TEST|LOT|ELECTRICAL PARAMETRIC TEST|WAFER SORT TEST|YIELD ANALYSIS|LOT RELEASE|PACKAGE PREPARATION|SHIP LOT
valid_igbt_0003_f80,CURE PASSIVATION|MEASURE PASSIVATION THICKNESS|OPEN PAD WINDOW|PAD WINDOW LITHO|DEVELOP PHOTORESIST|PASSIVATION ETCH|STRIP RESIST|CLEAN PAD OPENING|MEASURE PAD OPENING|BACKSIDE GRIND|MEASURE THICKNESS|BACKSIDE ETCH CLEAN|BACKSIDE RINSE|BACKSIDE DRY|BACKSIDE METALLIZATION PREP|DEPOSIT BACKSIDE METAL|BACKSIDE ANNEAL|MEASURE BACKSIDE CONTACT|FINAL CLEAN|FINAL THICKNESS MEASURE|ELECTRICAL PARAMETRIC TEST|LEAKAGE TEST|BREAKDOWN VOLTAGE TEST|SWITCHING TEST|YIELD ANALYSIS|WAFER SORT TEST|LOT|LOT|COAT TEST|COAT TEST|COAT TEST|SWITCHING TEST|WAFER SORT TEST|YIELD ANALYSIS|LOT|WAFER SORT TEST|ELECTRICAL ANALYSIS|SWITCHING TEST|WAFER SORT TEST|YIELD ANALYSIS|LOT LOT LOT LOT RELEASE|PACKAGE PREPARATION|COAT TEST|COAT TEST|COAT TEST|WAFER SORT TEST|YIELD ANALYSIS|LOT LOT LOT LOT LOT|WAFER SORT TEST|ELECTRICAL YIELD ANALYSIS|WAFER SORT TEST|LOT LOT LOT LOT LOT|CMP DIELECTRIC CHECK|COAT SORT TEST|YIELD ANALYSIS|LOT LOT LOT LOT LOT|DENSIFY TEST|DENSIFY TEST|DENSIFY TEST
valid_igbt_0004_f60,SPIN COAT PHOTORESIST|SOFT BAKE|ALIGN MASK LEVEL 5|EXPOSE LITHO LEVEL 5|DEVELOP PHOTORESIST|VIA INSPECTION|VIA ETCH|STRIP RESIST|CLEAN AFTER VIA ETCH|DEPOSIT BARRIER METAL|DEPOSIT METAL SEED|FILL VIA METAL|CMP METAL|MEASURE VIA RESISTANCE|DEPOSIT TOP METAL|ANNEAL METAL|SPIN COAT PHOTORESIST|SOFT BAKE|ALIGN MASK LEVEL 6|EXPOSE LITHO LEVEL 6|DEVELOP PHOTORESIST|METAL PATTERN INSPECTION|METAL ETCH DRY|STRIP PHOTORESIST|CLEAN AFTER METAL ETCH|MEASURE LINE WIDTH|DEPOSIT PASSIVATION|CURE PASSIVATION|MEASURE PASSIVATION THICKNESS|OPEN PAD WINDOW|PAD WINDOW LITHO|DEVELOP PHOTORESIST|PASSIVATION ETCH|STRIP RESIST|CLEAN PAD OPENING|MEASURE PAD OPENING|BACKSIDE GRIND|MEASURE THICKNESS|BACKSIDE ETCH CLEAN|BACKSIDE RINSE|BACKSIDE DRY|BACKSIDE METALLIZATION PREP|DEPOSIT BACKSIDE METAL|BACKSIDE ANNEAL|MEASURE BACKSIDE CONTACT|FINAL CLEAN|FINAL THICKNESS MEASURE|FINAL GEOMETRY CHECK|FINAL PARTICLE INSPECTION|ELECTRICAL PARAMETRIC TEST|LEAKAGE TEST|BREAKDOWN VOLTAGE TEST|SWITCHING TEST|YIELD ANALYSIS|WAFER SORT TEST|LOT|LOT|COAT TEST|COAT TEST|COAT TEST|SWITCHING TEST|WAFER SORT TEST|YIELD ANALYSIS|LOT|WAFER SORT TEST|LOT LOT LOT LOT LOT|COAT TEST|COAT TEST|WAFER SORT TEST|YIELD ANALYSIS|LOT LOT LOT LOT LOT|WAFER SORT TEST|ELECTRICAL YIELD ANALYSIS|WAFER SORT TEST|LOT LOT|COAT TEST|WAFER SORT TEST|YIELD ANALYSIS|LOT LOT LOT LOT LOT|COAT SORT TEST|ELECTRICAL YIELD ANALYSIS|WAFER SORT TEST|LOT LOT|ELECTRICAL YIELD ANALYSIS|WAFER SORT TEST|LOT LOT LOT|DENSIFY TEST|DENSIFY TEST|DENSIFY TEST|DENSIFY TEST
valid_igbt_0004_f80,CURE PASSIVATION|MEASURE PASSIVATION THICKNESS|OPEN PAD WINDOW|PAD WINDOW LITHO|DEVELOP PHOTORESIST|METAL PATTERN INSPECTION|HARD BAKE|METAL ETCH PAD OPENING|STRIP PHOTORESIST|CLEAN PAD OPENING|MEASURE PAD OPENING|BACKSIDE GRIND|MEASURE THICKNESS|BACKSIDE ETCH CLEAN|BACKSIDE RINSE|BACKSIDE DRY|BACKSIDE METALLIZATION PREP|DEPOSIT BACKSIDE METAL|BACKSIDE ANNEAL|MEASURE BACKSIDE CONTACT|YIELD ANALYSIS|WAFER SORT TEST|WAFER SORT TEST|WAFER SORT TEST|YIELD ANALYSIS|LOT|WAFER SORT TEST|LOT|ELECTRICAL PARAMETRIC TEST|WAFER SORT TEST|YIELD ANALYSIS|LOT|WAFER SORT TEST|LOT|ELECTRICAL ANALYSIS|WAFER SORT TEST|LOT|ELECTRICAL ANALYSIS|WAFER SORT TEST|DEVELOP TEST|PASSIVATION TEST|WAFER SORT TEST|STRIP RESIST|CLEAN YIELD ANALYSIS|LOT RELEASE|PACKAGE PREPARATION|SHIP LOT
valid_igbt_0005_f60,MEASURE DIELECTRIC THICKNESS|DEPOSIT INTERLAYER DIELECTRIC|DENSIFY DIELECTRIC|MEASURE DIELECTRIC THICKNESS|SPIN COAT PHOTORESIST|SOFT BAKE|ALIGN MASK LEVEL 5|EXPOSE LITHO LEVEL 5|DEVELOP PHOTORESIST|VIA INSPECTION|VIA ETCH|STRIP RESIST|CLEAN AFTER VIA ETCH|DEPOSIT BARRIER METAL|DEPOSIT METAL SEED|FILL VIA METAL|CMP METAL|MEASURE VIA RESISTANCE|DEPOSIT TOP METAL|ANNEAL METAL|SPIN COAT PHOTORESIST|SOFT BAKE|ALIGN MASK LEVEL 6|EXPOSE LITHO LEVEL 6|DEVELOP PHOTORESIST|METAL PATTERN INSPECTION|METAL ETCH DRY|STRIP PHOTORESIST|CLEAN AFTER METAL ETCH|MEASURE LINE WIDTH|DEPOSIT PASSIVATION|CURE PASSIVATION|MEASURE PASSIVATION THICKNESS|OPEN PAD WINDOW|PAD WINDOW LITHO|DEVELOP PHOTORESIST|PASSIVATION ETCH|STRIP RESIST|CLEAN PAD OPENING|MEASURE PAD OPENING|BACKSIDE GRIND|MEASURE THICKNESS|BACKSIDE ETCH CLEAN|BACKSIDE RINSE|BACKSIDE DRY|BACKSIDE METALLIZATION PREP|DEPOSIT BACKSIDE METAL|BACKSIDE ANNEAL|MEASURE BACKSIDE CONTACT|FINAL CLEAN|FINAL THICKNESS MEASURE|FINAL PARTICLE INSPECTION|ELECTRICAL PARAMETRIC TEST|LEAKAGE TEST|BREAKDOWN VOLTAGE TEST|SWITCHING TEST|YIELD ANALYSIS|WAFER SORT TEST|LOT|LOT|TEST|COAT TEST|ELECTRICAL ANALYSIS|SWITCHING TEST|WAFER SORT TEST|YIELD ANALYSIS|LOT|WAFER SORT TEST|LOT|ELECTRICAL ANALYSIS|WAFER SORT TEST|SWITCHING TEST|WAFER SORT TEST|YIELD ANALYSIS|LOT LOT LOT RELEASE|PACKAGE PREPARATION|COAT TEST|COAT TEST|COAT TEST|RAPID EXPOSE LITHO|DEVELOP SORT TEST|STRIP RESIST|CLEAN YIELD ANALYSIS|LOT LOT LOT RELEASE|SHIP LOT
valid_igbt_0005_f80,DEPOSIT PASSIVATION|CURE PASSIVATION|MEASURE PASSIVATION THICKNESS|OPEN PAD WINDOW|PAD WINDOW LITHO|DEVELOP PHOTORESIST|PASSIVATION ETCH|STRIP RESIST|CLEAN PAD OPENING|MEASURE PAD OPENING|BACKSIDE GRIND|MEASURE THICKNESS|BACKSIDE ETCH CLEAN|BACKSIDE RINSE|BACKSIDE DRY|BACKSIDE METALLIZATION PREP|DEPOSIT BACKSIDE METAL|BACKSIDE ANNEAL|MEASURE BACKSIDE CONTACT|FINAL CLEAN|FINAL THICKNESS MEASURE|ELECTRICAL PARAMETRIC TEST|LEAKAGE TEST|BREAKDOWN VOLTAGE TEST|SWITCHING TEST|YIELD ANALYSIS|WAFER SORT TEST|LOT|LOT|COAT TEST|COAT TEST|COAT TEST|SWITCHING TEST|WAFER SORT TEST|YIELD ANALYSIS|LOT|WAFER SORT TEST|ELECTRICAL ANALYSIS|WAFER SORT TEST|LOT LOT LOT LOT LOT|WAFER SORT TEST|YIELD ANALYSIS|LOT LOT LOT LOT RELEASE|COAT TEST|COAT TEST|COAT TEST|COAT TEST|ELECTRICAL YIELD ANALYSIS|WAFER SORT TEST|LOT LOT LOT LOT LOT|COAT TEST|COAT TEST|COAT SORT TEST|YIELD ANALYSIS|LOT LOT LOT LOT LOT|WAFER SORT TEST|ELECTRICAL YIELD ANALYSIS|WAFER SORT TEST|LOT LOT
valid_igbt_0006_f60,SPIN COAT PHOTORESIST|SOFT BAKE|ALIGN MASK LEVEL 5|EXPOSE LITHO LEVEL 5|DEVELOP PHOTORESIST|VIA INSPECTION|VIA ETCH|STRIP RESIST|CLEAN AFTER VIA ETCH|DEPOSIT BARRIER METAL|DEPOSIT METAL SEED|FILL VIA METAL|CMP METAL|MEASURE VIA RESISTANCE|DEPOSIT TOP METAL|ANNEAL METAL|SPIN COAT PHOTORESIST|SOFT BAKE|ALIGN MASK LEVEL 6|EXPOSE LITHO LEVEL 6|DEVELOP PHOTORESIST|METAL PATTERN INSPECTION|METAL ETCH DRY|STRIP RESIST|CLEAN AFTER METAL ETCH|MEASURE LINE WIDTH|DEPOSIT PASSIVATION|CURE PASSIVATION|MEASURE PASSIVATION THICKNESS|OPEN PAD WINDOW|PAD WINDOW LITHO|DEVELOP PHOTORESIST|PASSIVATION ETCH|STRIP PHOTORESIST|CLEAN PAD OPENING|MEASURE PAD OPENING|BACKSIDE GRIND|MEASURE THICKNESS|BACKSIDE ETCH CLEAN|BACKSIDE RINSE|BACKSIDE DRY|BACKSIDE METALLIZATION PREP|DEPOSIT BACKSIDE METAL|BACKSIDE ANNEAL|MEASURE BACKSIDE CONTACT|FINAL CLEAN|FINAL THICKNESS MEASURE|FINAL GEOMETRY CHECK|FINAL PARTICLE INSPECTION|ELECTRICAL PARAMETRIC TEST|LEAKAGE TEST|BREAKDOWN VOLTAGE TEST|SWITCHING TEST|YIELD ANALYSIS|WAFER SORT TEST|LOT|LOT|COAT TEST|COAT TEST|COAT TEST|SWITCHING TEST|WAFER SORT TEST|YIELD ANALYSIS|LOT|WAFER SORT TEST|LOT LOT LOT LOT LOT|COAT TEST|COAT TEST|WAFER SORT TEST|YIELD ANALYSIS|LOT LOT RELEASE|PACKAGE PREPARATION|COAT TEST|COAT TEST|RAPID EXPOSE LITHO|DEVELOP TEST|PASSIVATION ANALYSIS|DIELECTRIC CHECK|STRIP RESIST|CLEAN YIELD ANALYSIS|LOT LOT LOT LOT LOT|COAT TEST|COAT TEST|COAT TEST|DEVELOP SORT TEST|VIA|DIELECTRIC CHECK|DIELECTRIC BAKE|DIELECTRIC BAKE
valid_igbt_0006_f80,CURE PASSIVATION|MEASURE PASSIVATION THICKNESS|OPEN PAD WINDOW|PAD WINDOW LITHO|DEVELOP PHOTORESIST|PASSIVATION ETCH|STRIP RESIST|CLEAN PAD OPENING|MEASURE PAD OPENING|BACKSIDE GRIND|MEASURE THICKNESS|BACKSIDE ETCH CLEAN|BACKSIDE RINSE|BACKSIDE DRY|BACKSIDE METALLIZATION PREP|DEPOSIT BACKSIDE METAL|BACKSIDE ANNEAL|MEASURE BACKSIDE CONTACT|FINAL CLEAN|FINAL THICKNESS MEASURE|FINAL PARTICLE INSPECTION|YIELD ANALYSIS|WAFER SORT TEST|LOT|WAFER SORT TEST|YIELD ANALYSIS|LOT|WAFER SORT TEST|LOT|PARTICLE INSPECTION|WAFER SORT TEST|YIELD ANALYSIS|LOT|WAFER SORT TEST|LOT|ELECTRICAL PARAMETRIC TEST|SWITCHING TEST|WAFER SORT TEST|YIELD ANALYSIS|LOT RELEASE|PACKAGE PREPARATION|COAT TEST|COAT TEST|COAT TEST|COAT TEST|LOT LOT LOT LOT LOT|WAFER SORT TEST|YIELD ANALYSIS|LOT LOT LOT LOT LOT|WAFER SORT TEST|ELECTRICAL YIELD ANALYSIS|WAFER SORT TEST|LOT|DIELECTRIC CHECK|WAFER SORT TEST|YIELD ANALYSIS|LOT LOT LOT LOT LOT|WAFER SORT TEST|DENSIFY TEST
valid_igbt_0007_f60,DENSIFY DIELECTRIC|MEASURE DIELECTRIC THICKNESS|CMP METAL|MEASURE PLANARITY|SPIN COAT PHOTORESIST|SOFT BAKE|ALIGN MASK LEVEL 5|EXPOSE LITHO LEVEL 5|DEVELOP PHOTORESIST|METAL INSPECTION|VIA ETCH|STRIP RESIST|CLEAN AFTER VIA ETCH|DEPOSIT BARRIER METAL|DEPOSIT METAL SEED|FILL VIA METAL|CMP METAL|MEASURE VIA RESISTANCE|DEPOSIT TOP METAL|ANNEAL METAL|SPIN COAT PHOTORESIST|SOFT BAKE|ALIGN MASK LEVEL 6|EXPOSE LITHO LEVEL 6|DEVELOP PHOTORESIST|METAL PATTERN INSPECTION|METAL ETCH DRY|STRIP PHOTORESIST|CLEAN AFTER METAL ETCH|MEASURE LINE WIDTH|DEPOSIT PASSIVATION|CURE PASSIVATION|MEASURE PASSIVATION THICKNESS|OPEN PAD WINDOW|PAD WINDOW LITHO|DEVELOP PHOTORESIST|PASSIVATION ETCH|STRIP RESIST|CLEAN PAD OPENING|MEASURE PAD OPENING|BACKSIDE GRIND|MEASURE THICKNESS|BACKSIDE ETCH CLEAN|BACKSIDE RINSE|BACKSIDE DRY|BACKSIDE METALLIZATION PREP|DEPOSIT BACKSIDE METAL|BACKSIDE ANNEAL|MEASURE BACKSIDE CONTACT|FINAL CLEAN|FINAL THICKNESS MEASURE|FINAL PARTICLE INSPECTION|ELECTRICAL PARAMETRIC TEST|LEAKAGE TEST|BREAKDOWN VOLTAGE TEST|SWITCHING TEST|YIELD ANALYSIS|WAFER SORT TEST|LOT|LOT|COAT TEST|COAT TEST|COAT TEST|SWITCHING TEST|WAFER SORT TEST|YIELD ANALYSIS|LOT RELEASE|PACKAGE PREPARATION|SHIP LOT
valid_igbt_0007_f80,DEPOSIT PASSIVATION|CURE PASSIVATION|MEASURE PASSIVATION THICKNESS|OPEN PAD WINDOW|PAD WINDOW LITHO|DEVELOP PHOTORESIST|PASSIVATION ETCH|STRIP RESIST|CLEAN PAD OPENING|MEASURE PAD OPENING|BACKSIDE GRIND|MEASURE THICKNESS|BACKSIDE ETCH CLEAN|BACKSIDE RINSE|BACKSIDE DRY|BACKSIDE METALLIZATION PREP|DEPOSIT BACKSIDE METAL|BACKSIDE ANNEAL|MEASURE BACKSIDE CONTACT|FINAL CLEAN|FINAL THICKNESS MEASURE|ELECTRICAL PARAMETRIC TEST|LEAKAGE TEST|BREAKDOWN VOLTAGE TEST|SWITCHING TEST|YIELD ANALYSIS|WAFER SORT TEST|LOT|LOT|COAT TEST|COAT TEST|ELECTRICAL ANALYSIS|SWITCHING TEST|WAFER SORT TEST|YIELD ANALYSIS|LOT|WAFER SORT TEST|LOT|ELECTRICAL ANALYSIS|WAFER SORT TEST|SWITCHING TEST|WAFER SORT TEST|YIELD ANALYSIS|LOT LOT LOT LOT RELEASE|COAT TEST|SHIP LOT
valid_igbt_0008_f60,MEASURE PLANARITY|SPIN COAT PHOTORESIST|SOFT BAKE|ALIGN MASK LEVEL 5|EXPOSE LITHO LEVEL 5|DEVELOP PHOTORESIST|METAL INSPECTION|VIA ETCH|STRIP RESIST|CLEAN AFTER VIA ETCH|DEPOSIT BARRIER METAL|DEPOSIT METAL SEED|FILL VIA METAL|CMP METAL|DEPOSIT TOP METAL|ANNEAL METAL|SPIN COAT PHOTORESIST|SOFT BAKE|ALIGN MASK LEVEL 6|EXPOSE LITHO LEVEL 6|DEVELOP PHOTORESIST|METAL PATTERN INSPECTION|METAL ETCH DRY|STRIP RESIST|CLEAN AFTER METAL ETCH|MEASURE LINE WIDTH|DEPOSIT PASSIVATION|CURE PASSIVATION|MEASURE PASSIVATION THICKNESS|OPEN PAD WINDOW|PAD WINDOW LITHO|DEVELOP PHOTORESIST|PASSIVATION ETCH|STRIP RESIST|CLEAN PAD OPENING|MEASURE PAD OPENING|BACKSIDE GRIND|MEASURE THICKNESS|BACKSIDE ETCH CLEAN|BACKSIDE RINSE|BACKSIDE DRY|BACKSIDE METALLIZATION PREP|DEPOSIT BACKSIDE METAL|BACKSIDE ANNEAL|MEASURE BACKSIDE CONTACT|FINAL CLEAN|FINAL THICKNESS MEASURE|FINAL GEOMETRY CHECK|FINAL PARTICLE INSPECTION|ELECTRICAL PARAMETRIC TEST|LEAKAGE TEST|BREAKDOWN VOLTAGE TEST|SWITCHING TEST|YIELD ANALYSIS|WAFER SORT TEST|LOT|LOT|COAT TEST|COAT TEST|COAT TEST|SWITCHING TEST|WAFER SORT TEST|YIELD ANALYSIS|LOT|WAFER SORT TEST|LOT LOT LOT LOT LOT|COAT TEST|COAT TEST|WAFER SORT TEST|YIELD ANALYSIS|LOT LOT LOT LOT RELEASE|PACKAGE PREPARATION|SHIP LOT
valid_igbt_0008_f80,DEPOSIT PASSIVATION|CURE PASSIVATION|MEASURE PASSIVATION THICKNESS|OPEN PAD WINDOW|PAD WINDOW LITHO|DEVELOP PHOTORESIST|PASSIVATION ETCH|STRIP RESIST|CLEAN PAD OPENING|MEASURE PAD OPENING|BACKSIDE GRIND|MEASURE THICKNESS|BACKSIDE ETCH CLEAN|BACKSIDE RINSE|BACKSIDE DRY|BACKSIDE METALLIZATION PREP|DEPOSIT BACKSIDE METAL|BACKSIDE ANNEAL|MEASURE BACKSIDE CONTACT|FINAL CLEAN|FINAL THICKNESS MEASURE|ELECTRICAL PARAMETRIC TEST|LEAKAGE TEST|BREAKDOWN VOLTAGE TEST|SWITCHING TEST|YIELD ANALYSIS|WAFER SORT TEST|LOT|LOT|COAT TEST|COAT TEST|COAT TEST|SWITCHING TEST|WAFER SORT TEST|YIELD ANALYSIS|LOT|WAFER SORT TEST|LOT|ELECTRICAL ANALYSIS|WAFER SORT TEST|SWITCHING TEST|WAFER SORT TEST|YIELD ANALYSIS|LOT RELEASE|PACKAGE PREPARATION|COAT TEST|COAT TEST|COAT TEST|RAPID EXPOSE BAKE|WAFER SORT TEST|VIA YIELD ANALYSIS|LOT LOT LOT LOT LOT|COAT TEST|COAT TEST|WAFER SORT TEST|YIELD ANALYSIS|LOT LOT LOT LOT LOT|WAFER SORT TEST
valid_igbt_0009_f60,MEASURE DIELECTRIC THICKNESS|CMP METAL|MEASURE PLANARITY|SPIN COAT PHOTORESIST|SOFT BAKE|ALIGN MASK LEVEL 5|EXPOSE LITHO LEVEL 5|DEVELOP PHOTORESIST|METAL INSPECTION|VIA ETCH|STRIP RESIST|CLEAN AFTER VIA ETCH|DEPOSIT BARRIER METAL|DEPOSIT METAL SEED|FILL VIA METAL|CMP METAL|MEASURE VIA RESISTANCE|DEPOSIT TOP METAL|ANNEAL METAL|SPIN COAT PHOTORESIST|SOFT BAKE|ALIGN MASK LEVEL 6|EXPOSE LITHO LEVEL 6|DEVELOP PHOTORESIST|METAL PATTERN INSPECTION|METAL ETCH DRY|STRIP PHOTORESIST|CLEAN AFTER METAL ETCH|MEASURE LINE WIDTH|DEPOSIT PASSIVATION|CURE PASSIVATION|MEASURE PASSIVATION THICKNESS|OPEN PAD WINDOW|PAD WINDOW LITHO|DEVELOP PHOTORESIST|PASSIVATION ETCH|STRIP RESIST|CLEAN PAD OPENING|MEASURE PAD OPENING|BACKSIDE GRIND|MEASURE THICKNESS|BACKSIDE ETCH CLEAN|BACKSIDE RINSE|BACKSIDE DRY|BACKSIDE METALLIZATION PREP|DEPOSIT BACKSIDE METAL|BACKSIDE ANNEAL|MEASURE BACKSIDE CONTACT|FINAL CLEAN|FINAL THICKNESS MEASURE|FINAL GEOMETRY CHECK|FINAL PARTICLE INSPECTION|YIELD ANALYSIS|WAFER SORT TEST|LOT|PARTICLE INSPECTION|WAFER SORT TEST|YIELD ANALYSIS|LOT|WAFER SORT TEST|LOT|ELECTRICAL PARAMETRIC TEST|SWITCHING TEST|YIELD ANALYSIS|WAFER SORT TEST|LOT|LOT|COAT TEST|COAT TEST|COAT TEST|BACKSIDE CONTACT|SWITCHING TEST|WAFER SORT TEST|YIELD ANALYSIS|LOT RELEASE|PACKAGE PREPARATION|COAT TEST|WAFER SORT TEST|YIELD ANALYSIS|LOT RELEASE|SHIP LOT
valid_igbt_0009_f80,DEPOSIT PASSIVATION|CURE PASSIVATION|MEASURE PASSIVATION THICKNESS|OPEN PAD WINDOW|PAD WINDOW LITHO|DEVELOP PHOTORESIST|PASSIVATION ETCH|STRIP RESIST|CLEAN PAD OPENING|MEASURE PAD OPENING|BACKSIDE GRIND|MEASURE THICKNESS|BACKSIDE ETCH CLEAN|BACKSIDE RINSE|BACKSIDE DRY|BACKSIDE METALLIZATION PREP|DEPOSIT BACKSIDE METAL|BACKSIDE ANNEAL|MEASURE BACKSIDE CONTACT|FINAL CLEAN|FINAL THICKNESS MEASURE|ELECTRICAL PARAMETRIC TEST|LEAKAGE TEST|BREAKDOWN VOLTAGE TEST|SWITCHING TEST|YIELD ANALYSIS|WAFER SORT TEST|LOT|LOT|COAT TEST|COAT TEST|COAT PHOTORESIST|SWITCHING TEST|WAFER SORT TEST|YIELD ANALYSIS|LOT|LOT|WAFER SORT TEST|ELECTRICAL ANALYSIS|SWITCHING TEST|WAFER SORT TEST|YIELD ANALYSIS|LOT RELEASE|PACKAGE PREPARATION|PACKAGE PREPARATION|COAT TEST|COAT TEST|WAFER SORT TEST|LOT LOT LOT LOT|COAT TEST|COAT TEST|COAT TEST|DEVELOP TEST|VIA|DIELECTRIC CHECK|DIELECTRIC CHECK|DIELECTRIC CHECK|RAPID EXPOSE BAKE|DEVELOP SORT TEST|VIA
valid_igbt_0010_f60,SPIN COAT PHOTORESIST|SOFT BAKE|ALIGN MASK LEVEL 5|EXPOSE LITHO LEVEL 5|DEVELOP PHOTORESIST|METAL INSPECTION|VIA ETCH|STRIP RESIST|CLEAN AFTER VIA ETCH|DEPOSIT BARRIER METAL|DEPOSIT METAL SEED|FILL VIA METAL|CMP METAL|MEASURE VIA RESISTANCE|DEPOSIT TOP METAL|ANNEAL METAL|SPIN COAT PHOTORESIST|SOFT BAKE|ALIGN MASK LEVEL 6|EXPOSE LITHO LEVEL 6|DEVELOP PHOTORESIST|METAL PATTERN INSPECTION|METAL ETCH DRY|STRIP RESIST|CLEAN AFTER METAL ETCH|MEASURE LINE WIDTH|DEPOSIT PASSIVATION|CURE PASSIVATION|MEASURE PASSIVATION THICKNESS|OPEN PAD WINDOW|PAD WINDOW LITHO|DEVELOP PHOTORESIST|PASSIVATION ETCH|STRIP RESIST|CLEAN PAD OPENING|MEASURE PAD OPENING|BACKSIDE GRIND|MEASURE THICKNESS|BACKSIDE ETCH CLEAN|BACKSIDE RINSE|BACKSIDE DRY|BACKSIDE METALLIZATION PREP|DEPOSIT BACKSIDE METAL|BACKSIDE ANNEAL|MEASURE BACKSIDE CONTACT|FINAL CLEAN|FINAL THICKNESS MEASURE|FINAL GEOMETRY CHECK|FINAL PARTICLE INSPECTION|ELECTRICAL PARAMETRIC TEST|LEAKAGE TEST|BREAKDOWN VOLTAGE TEST|SWITCHING TEST|YIELD ANALYSIS|WAFER SORT TEST|LOT|LOT|COAT TEST|COAT TEST|COAT TEST|SWITCHING TEST|WAFER SORT TEST|YIELD ANALYSIS|LOT|WAFER SORT TEST|LOT LOT LOT LOT LOT|COAT TEST|COAT TEST|WAFER SORT TEST|YIELD ANALYSIS|LOT LOT RELEASE|PACKAGE PREPARATION|COAT TEST|COAT TEST|RAPID EXPOSE LITHO|DEVELOP TEST|PASSIVATION ANALYSIS|VIA|DIELECTRIC CHECK|STRIP RESIST|CLEAN YIELD ANALYSIS|LOT LOT LOT LOT LOT|COAT TEST|COAT TEST|COAT TEST|SWITCHING TEST|WAFER SORT TEST|YIELD ANALYSIS
valid_igbt_0010_f80,CURE PASSIVATION|MEASURE PASSIVATION THICKNESS|OPEN PAD WINDOW|PAD WINDOW LITHO|DEVELOP PHOTORESIST|PASSIVATION ETCH|STRIP RESIST|CLEAN PAD OPENING|MEASURE PAD OPENING|BACKSIDE GRIND|MEASURE THICKNESS|BACKSIDE ETCH CLEAN|BACKSIDE RINSE|BACKSIDE DRY|BACKSIDE METALLIZATION PREP|DEPOSIT BACKSIDE METAL|BACKSIDE ANNEAL|MEASURE BACKSIDE CONTACT|FINAL CLEAN|FINAL THICKNESS MEASURE|ELECTRICAL PARAMETRIC TEST|LEAKAGE TEST|BREAKDOWN VOLTAGE TEST|SWITCHING TEST|YIELD ANALYSIS|WAFER SORT TEST|LOT|LOT|COAT TEST|COAT TEST|ELECTRICAL ANALYSIS|SWITCHING TEST|WAFER SORT TEST|YIELD ANALYSIS|LOT|WAFER SORT TEST|LOT|ELECTRICAL ANALYSIS|WAFER SORT TEST|SWITCHING TEST|WAFER SORT TEST|YIELD ANALYSIS|LOT LOT LOT LOT RELEASE|COAT TEST|SHIP LOT
valid_igbt_0011_f60,SPIN COAT PHOTORESIST|SOFT BAKE|ALIGN MASK LEVEL 5|EXPOSE LITHO LEVEL 5|DEVELOP PHOTORESIST|VIA INSPECTION|VIA ETCH|STRIP RESIST|CLEAN AFTER VIA ETCH|DEPOSIT BARRIER METAL|DEPOSIT METAL SEED|FILL VIA METAL|CMP METAL|DEPOSIT TOP METAL|ANNEAL METAL|SPIN COAT PHOTORESIST|SOFT BAKE|ALIGN MASK LEVEL 6|EXPOSE LITHO LEVEL 6|DEVELOP PHOTORESIST|METAL PATTERN INSPECTION|METAL ETCH DRY|STRIP RESIST|CLEAN AFTER METAL ETCH|MEASURE LINE WIDTH|DEPOSIT PASSIVATION|CURE PASSIVATION|MEASURE PASSIVATION THICKNESS|OPEN PAD WINDOW|PAD WINDOW LITHO|DEVELOP PAD WINDOW|PASSIVATION ETCH|STRIP RESIST|CLEAN PAD OPENING|MEASURE PAD OPENING|BACKSIDE GRIND|MEASURE THICKNESS|BACKSIDE ETCH CLEAN|BACKSIDE RINSE|BACKSIDE DRY|BACKSIDE METALLIZATION PREP|DEPOSIT BACKSIDE METAL|BACKSIDE ANNEAL|MEASURE BACKSIDE CONTACT|FINAL CLEAN|FINAL THICKNESS MEASURE|FINAL GEOMETRY CHECK|FINAL PARTICLE INSPECTION|YIELD ANALYSIS|WAFER SORT TEST|LOT|PARTICLE INSPECTION|WAFER SORT TEST|YIELD ANALYSIS|LOT RELEASE|PACKAGE PREPARATION|SHIP LOT
valid_igbt_0011_f80,MEASURE PASSIVATION THICKNESS|OPEN PAD WINDOW|PAD WINDOW LITHO|DEVELOP PHOTORESIST|PASSIVATION ETCH|STRIP RESIST|CLEAN PAD OPENING|MEASURE PAD OPENING|BACKSIDE GRIND|MEASURE THICKNESS|BACKSIDE ETCH CLEAN|BACKSIDE RINSE|BACKSIDE DRY|BACKSIDE METALLIZATION PREP|DEPOSIT BACKSIDE METAL|BACKSIDE ANNEAL|MEASURE BACKSIDE CONTACT|FINAL CLEAN|FINAL THICKNESS MEASURE|FINAL GEOMETRY CHECK|ELECTRICAL PARAMETRIC TEST|LEAKAGE TEST|BREAKDOWN VOLTAGE TEST|SWITCHING TEST|YIELD ANALYSIS|WAFER SORT TEST|LOT|LOT|COAT TEST|COAT TEST|ELECTRICAL ANALYSIS|SWITCHING TEST|WAFER SORT TEST|YIELD ANALYSIS|LOT RELEASE|PACKAGE PREPARATION|PACKAGE PREPARATION|COAT TEST|BACKSIDE ANALYSIS|BACKSIDE ANNEAL|WAFER SORT TEST|YIELD ANALYSIS|LOT LOT RELEASE|COAT TEST|COAT TEST|RAPID EXPOSE BAKE|DEVELOP SORT TEST|VIA|DIELECTRIC CHECK|STRIP RESIST|CLEAN YIELD ANALYSIS|LOT RELEASE|PACKAGE PREPARATION|SHIP LOT
valid_igbt_0012_f60,SPIN COAT PHOTORESIST|SOFT BAKE|ALIGN MASK LEVEL 5|EXPOSE LITHO LEVEL 5|DEVELOP PHOTORESIST|VIA INSPECTION|VIA ETCH|STRIP RESIST|CLEAN AFTER VIA ETCH|DEPOSIT BARRIER METAL|DEPOSIT METAL SEED|FILL VIA METAL|CMP METAL|DEPOSIT METAL 1|ANNEAL METAL|SPIN COAT PHOTORESIST|SOFT BAKE|ALIGN MASK LEVEL 6|EXPOSE LITHO LEVEL 6|DEVELOP PHOTORESIST|METAL PATTERN INSPECTION|METAL ETCH DRY|STRIP RESIST|CLEAN AFTER METAL ETCH|MEASURE LINE WIDTH|DEPOSIT PASSIVATION|CURE PASSIVATION|MEASURE PASSIVATION QUALITY|OPEN PAD WINDOW|PAD WINDOW LITHO|DEVELOP PAD WINDOW|PASSIVATION ETCH|STRIP RESIST|CLEAN PAD OPENING|MEASURE PAD OPENING|BACKSIDE GRIND|MEASURE THICKNESS|BACKSIDE ETCH CLEAN|BACKSIDE RINSE|BACKSIDE DRY|BACKSIDE METALLIZATION PREP|DEPOSIT BACKSIDE METAL|BACKSIDE ANNEAL|MEASURE BACKSIDE CONTACT|FINAL CLEAN|FINAL THICKNESS MEASURE|FINAL GEOMETRY CHECK|FINAL PARTICLE INSPECTION|YIELD ANALYSIS|WAFER SORT TEST|LOT|PARTICLE INSPECTION|WAFER SORT TEST|YIELD ANALYSIS|LOT RELEASE|PACKAGE PREPARATION|SHIP LOT
valid_igbt_0012_f80,CURE PASSIVATION|MEASURE PASSIVATION THICKNESS|OPEN PAD WINDOW|PAD WINDOW LITHO|DEVELOP PHOTORESIST|PASSIVATION ETCH|STRIP RESIST|CLEAN PAD OPENING|MEASURE PAD OPENING|BACKSIDE GRIND|MEASURE THICKNESS|BACKSIDE ETCH CLEAN|BACKSIDE RINSE|BACKSIDE DRY|BACKSIDE METALLIZATION PREP|DEPOSIT BACKSIDE METAL|BACKSIDE ANNEAL|MEASURE BACKSIDE CONTACT|FINAL CLEAN|FINAL THICKNESS MEASURE|FINAL PARTICLE INSPECTION|ELECTRICAL PARAMETRIC TEST|LEAKAGE TEST|BREAKDOWN VOLTAGE TEST|SWITCHING TEST|YIELD ANALYSIS|WAFER SORT TEST|LOT|LOT|COAT TEST|COAT PHOTORESIST|ELECTRICAL PARAMETRIC TEST|SWITCHING TEST|WAFER SORT TEST|YIELD ANALYSIS|LOT|WAFER SORT TEST|LOT LOT LOT LOT LOT|COAT TEST|BACKSIDE ANALYSIS|WAFER SORT TEST|YIELD ANALYSIS|LOT RELEASE|COAT TEST|COAT TEST|COAT TEST|WAFER SORT TEST|YIELD ANALYSIS|LOT LOT LOT LOT|WAFER SORT TEST|ELECTRICAL YIELD ANALYSIS|WAFER SORT TEST|LOT LOT LOT YIELD ANALYSIS|WAFER SORT TEST|LOT LOT LOT LOT|DENSIFY TEST|DENSIFY TEST|DENSIFY TEST|DEPOSIT
valid_igbt_0013_f60,MEASURE PLANARITY|SPIN COAT PHOTORESIST|SOFT BAKE|ALIGN MASK LEVEL 5|EXPOSE LITHO LEVEL 5|DEVELOP PHOTORESIST|METAL INSPECTION|VIA ETCH|STRIP RESIST|CLEAN AFTER VIA ETCH|DEPOSIT BARRIER METAL|DEPOSIT METAL SEED|FILL VIA METAL|CMP METAL|MEASURE VIA RESISTANCE|DEPOSIT TOP METAL|ANNEAL METAL|SPIN COAT PHOTORESIST|SOFT BAKE|ALIGN MASK LEVEL 6|EXPOSE LITHO LEVEL 6|DEVELOP PHOTORESIST|METAL PATTERN INSPECTION|METAL ETCH DRY|STRIP PHOTORESIST|CLEAN AFTER METAL ETCH|MEASURE LINE WIDTH|DEPOSIT PASSIVATION|CURE PASSIVATION|MEASURE PASSIVATION THICKNESS|OPEN PAD WINDOW|PAD WINDOW LITHO|DEVELOP PHOTORESIST|PASSIVATION ETCH|STRIP RESIST|CLEAN PAD OPENING|MEASURE PAD OPENING|BACKSIDE GRIND|MEASURE THICKNESS|BACKSIDE ETCH CLEAN|BACKSIDE RINSE|BACKSIDE DRY|BACKSIDE METALLIZATION PREP|DEPOSIT BACKSIDE METAL|BACKSIDE ANNEAL|MEASURE BACKSIDE CONTACT|FINAL CLEAN|FINAL THICKNESS MEASURE|FINAL PARTICLE INSPECTION|ELECTRICAL PARAMETRIC TEST|LEAKAGE TEST|BREAKDOWN VOLTAGE TEST|SWITCHING TEST|YIELD ANALYSIS|WAFER SORT TEST|LOT|LOT|COAT TEST|COAT TEST|COAT TEST|SWITCHING TEST|WAFER SORT TEST|YIELD ANALYSIS|LOT RELEASE|PACKAGE PREPARATION|SHIP LOT
valid_igbt_0013_f80,DEPOSIT PASSIVATION|CURE PASSIVATION|MEASURE PASSIVATION THICKNESS|OPEN PAD WINDOW|PAD WINDOW LITHO|DEVELOP PHOTORESIST|METAL ETCH|STRIP RESIST|CLEAN PAD OPENING|MEASURE PAD OPENING|BACKSIDE GRIND|MEASURE THICKNESS|BACKSIDE ETCH CLEAN|BACKSIDE RINSE|BACKSIDE DRY|BACKSIDE METALLIZATION PREP|DEPOSIT BACKSIDE METAL|BACKSIDE ANNEAL|MEASURE BACKSIDE CONTACT|FINAL CLEAN|YIELD ANALYSIS|WAFER SORT TEST|LOT|WAFER SORT TEST|YIELD ANALYSIS|LOT|WAFER SORT TEST|WAFER SORT TEST|LOT|YIELD ANALYSIS|LOT|WAFER SORT TEST|LOT|PARTICLE INSPECTION|WAFER SORT TEST|YIELD ANALYSIS|LOT RELEASE|PACKAGE PREPARATION|PACKAGE PREPARATION|COAT TEST|COAT TEST|COAT TEST|DEVELOP TEST|PASSIVATION TEST|WAFER SORT TEST|STRIP RESIST|CLEAN YIELD ANALYSIS|LOT RELEASE|PACKAGE PREPARATION|SHIP LOT
valid_igbt_0014_f60,DEPOSIT INTERLAYER DIELECTRIC|DENSIFY DIELECTRIC|MEASURE DIELECTRIC THICKNESS|SPIN COAT PHOTORESIST|SOFT BAKE|ALIGN MASK LEVEL 5|EXPOSE LITHO LEVEL 5|DEVELOP PHOTORESIST|METAL INSPECTION|VIA ETCH|STRIP RESIST|CLEAN AFTER VIA ETCH|DEPOSIT BARRIER METAL|DEPOSIT METAL SEED|FILL VIA METAL|CMP METAL|DEPOSIT METAL 1|ANNEAL METAL|SPIN COAT PHOTORESIST|SOFT BAKE|ALIGN MASK LEVEL 6|EXPOSE LITHO LEVEL 6|DEVELOP PHOTORESIST|METAL PATTERN INSPECTION|METAL ETCH DRY|STRIP RESIST|CLEAN AFTER METAL ETCH|MEASURE LINE WIDTH|DEPOSIT PASSIVATION|CURE PASSIVATION|MEASURE PASSIVATION THICKNESS|OPEN PAD WINDOW|PAD WINDOW LITHO|DEVELOP PHOTORESIST|PASSIVATION ETCH|STRIP RESIST|CLEAN PAD OPENING|MEASURE PAD OPENING|BACKSIDE GRIND|MEASURE THICKNESS|BACKSIDE ETCH CLEAN|BACKSIDE RINSE|BACKSIDE DRY|BACKSIDE METALLIZATION PREP|DEPOSIT BACKSIDE METAL|BACKSIDE ANNEAL|MEASURE BACKSIDE CONTACT|FINAL CLEAN|FINAL THICKNESS MEASURE|FINAL GEOMETRY CHECK|FINAL PARTICLE INSPECTION|YIELD ANALYSIS|WAFER SORT TEST|LOT|PARTICLE INSPECTION|WAFER SORT TEST|YIELD ANALYSIS|LOT|WAFER SORT TEST|LOT|ELECTRICAL PARAMETRIC TEST|SWITCHING TEST|YIELD ANALYSIS|WAFER SORT TEST|LOT|LOT|COAT TEST|COAT TEST|COAT TEST|BACKSIDE CONTACT|SWITCHING TEST|WAFER SORT TEST|YIELD ANALYSIS|LOT RELEASE|PACKAGE PREPARATION|COAT TEST|WAFER SORT TEST|YIELD ANALYSIS|LOT RELEASE|SHIP LOT
valid_igbt_0014_f80,CURE PASSIVATION|MEASURE PASSIVATION THICKNESS|OPEN PAD WINDOW|PAD WINDOW LITHO|DEVELOP PHOTORESIST|PASSIVATION ETCH|STRIP RESIST|CLEAN PAD OPENING|MEASURE PAD OPENING|BACKSIDE GRIND|MEASURE THICKNESS|BACKSIDE ETCH CLEAN|BACKSIDE RINSE|BACKSIDE DRY|BACKSIDE METALLIZATION PREP|DEPOSIT BACKSIDE METAL|BACKSIDE ANNEAL|MEASURE BACKSIDE CONTACT|FINAL CLEAN|FINAL THICKNESS MEASURE|ELECTRICAL PARAMETRIC TEST|LEAKAGE TEST|BREAKDOWN VOLTAGE TEST|SWITCHING TEST|YIELD ANALYSIS|WAFER SORT TEST|LOT|LOT|COAT TEST|COAT TEST|COAT TEST|SWITCHING TEST|WAFER SORT TEST|YIELD ANALYSIS|LOT|WAFER SORT TEST|ELECTRICAL ANALYSIS|WAFER SORT TEST|SWITCHING TEST|WAFER SORT TEST|YIELD ANALYSIS|LOT RELEASE|PACKAGE PREPARATION|COAT TEST|COAT TEST|COAT TEST|COAT TEST|WAFER SORT TEST|YIELD ANALYSIS|LOT RELEASE|PACKAGE PREPARATION|SHIP LOT
valid_igbt_0015_f60,MEASURE PLANARITY|SPIN COAT PHOTORESIST|SOFT BAKE|ALIGN MASK LEVEL 5|EXPOSE LITHO LEVEL 5|DEVELOP PHOTORESIST|METAL INSPECTION|VIA ETCH|STRIP RESIST|CLEAN AFTER VIA ETCH|DEPOSIT BARRIER METAL|DEPOSIT METAL SEED|FILL VIA METAL|CMP METAL|MEASURE VIA RESISTANCE|DEPOSIT METAL 1|ANNEAL METAL|SPIN COAT PHOTORESIST|SOFT BAKE|ALIGN MASK LEVEL 6|EXPOSE LITHO LEVEL 6|DEVELOP PHOTORESIST|METAL PATTERN INSPECTION|METAL ETCH DRY|STRIP PHOTORESIST|CLEAN AFTER METAL ETCH|MEASURE LINE WIDTH|DEPOSIT PASSIVATION|CURE PASSIVATION|MEASURE PASSIVATION THICKNESS|OPEN PAD WINDOW|PAD WINDOW LITHO|DEVELOP PHOTORESIST|PASSIVATION ETCH|STRIP RESIST|CLEAN PAD OPENING|MEASURE PAD OPENING|BACKSIDE GRIND|MEASURE THICKNESS|BACKSIDE ETCH CLEAN|BACKSIDE RINSE|BACKSIDE DRY|BACKSIDE METALLIZATION PREP|DEPOSIT BACKSIDE METAL|BACKSIDE ANNEAL|MEASURE BACKSIDE CONTACT|FINAL CLEAN|FINAL THICKNESS MEASURE|FINAL GEOMETRY CHECK|FINAL PARTICLE INSPECTION|ELECTRICAL PARAMETRIC TEST|LEAKAGE TEST|BREAKDOWN VOLTAGE TEST|SWITCHING TEST|YIELD ANALYSIS|WAFER SORT TEST|LOT|LOT|COAT TEST|COAT TEST|COAT TEST|SWITCHING TEST|WAFER SORT TEST|YIELD ANALYSIS|LOT|WAFER SORT TEST|LOT LOT LOT LOT LOT|COAT TEST|COAT TEST|WAFER SORT TEST|YIELD ANALYSIS|LOT LOT RELEASE|PACKAGE PREPARATION|COAT TEST|COAT TEST|RAPID EXPOSE LITHO|DEVELOP TEST|PASSIVATION ANALYSIS|VIA|DIELECTRIC CHECK|STRIP RESIST|CLEAN YIELD ANALYSIS|LOT LOT LOT LOT LOT|COAT TEST|COAT TEST|COAT TEST|SWITCHING TEST|WAFER SORT TEST
valid_igbt_0015_f80,DEPOSIT PASSIVATION|CURE PASSIVATION|MEASURE PASSIVATION THICKNESS|OPEN PAD WINDOW|PAD WINDOW LITHO|DEVELOP PHOTORESIST|PASSIVATION ETCH|STRIP RESIST|CLEAN PAD OPENING|MEASURE PAD OPENING|BACKSIDE GRIND|MEASURE THICKNESS|BACKSIDE ETCH CLEAN|BACKSIDE RINSE|BACKSIDE DRY|BACKSIDE METALLIZATION PREP|DEPOSIT BACKSIDE METAL|BACKSIDE ANNEAL|MEASURE BACKSIDE CONTACT|FINAL CLEAN|FINAL THICKNESS MEASURE|ELECTRICAL PARAMETRIC TEST|LEAKAGE TEST|BREAKDOWN VOLTAGE TEST|SWITCHING TEST|YIELD ANALYSIS|WAFER SORT TEST|LOT|LOT|COAT TEST|COAT TEST|COAT PHOTORESIST|SWITCHING TEST|WAFER SORT TEST|YIELD ANALYSIS|LOT RELEASE|PACKAGE PREPARATION|SHIP LOT
valid_igbt_0016_f60,MEASURE PLANARITY|SPIN COAT PHOTORESIST|SOFT BAKE|ALIGN MASK LEVEL 5|EXPOSE LITHO LEVEL 5|DEVELOP PHOTORESIST|VIA INSPECTION|VIA ETCH|STRIP RESIST|CLEAN AFTER VIA ETCH|DEPOSIT BARRIER METAL|DEPOSIT METAL SEED|FILL VIA METAL|CMP METAL|MEASURE VIA RESISTANCE|DEPOSIT TOP METAL|ANNEAL METAL|SPIN COAT PHOTORESIST|SOFT BAKE|ALIGN MASK LEVEL 6|EXPOSE LITHO LEVEL 6|DEVELOP PHOTORESIST|METAL PATTERN INSPECTION|METAL ETCH DRY|STRIP PHOTORESIST|CLEAN AFTER METAL ETCH|MEASURE LINE WIDTH|DEPOSIT PASSIVATION|CURE PASSIVATION|MEASURE PASSIVATION THICKNESS|OPEN PAD WINDOW|PAD WINDOW LITHO|DEVELOP PHOTORESIST|PASSIVATION ETCH|STRIP RESIST|CLEAN PAD OPENING|MEASURE PAD OPENING|BACKSIDE GRIND|MEASURE THICKNESS|BACKSIDE ETCH CLEAN|BACKSIDE RINSE|BACKSIDE DRY|BACKSIDE METALLIZATION PREP|DEPOSIT BACKSIDE METAL|BACKSIDE ANNEAL|MEASURE BACKSIDE CONTACT|FINAL CLEAN|FINAL THICKNESS MEASURE|FINAL PARTICLE INSPECTION|YIELD ANALYSIS|WAFER SORT TEST|LOT|WAFER SORT TEST|YIELD ANALYSIS|LOT|WAFER SORT TEST|WAFER SORT TEST|LOT RELEASE|COAT TEST|COAT TEST|COAT TEST|SWITCHING TEST|WAFER SORT TEST|YIELD ANALYSIS|LOT RELEASE|PACKAGE PREPARATION|SHIP LOT
valid_igbt_0016_f80,CURE PASSIVATION|MEASURE PASSIVATION THICKNESS|OPEN PAD WINDOW|PAD WINDOW LITHO|DEVELOP PHOTORESIST|PASSIVATION ETCH|STRIP RESIST|CLEAN PAD OPENING|MEASURE PAD OPENING|BACKSIDE GRIND|MEASURE THICKNESS|BACKSIDE ETCH CLEAN|BACKSIDE RINSE|BACKSIDE DRY|BACKSIDE METALLIZATION PREP|DEPOSIT BACKSIDE METAL|BACKSIDE ANNEAL|MEASURE BACKSIDE CONTACT|FINAL CLEAN|ELECTRICAL PARAMETRIC TEST|LEAKAGE TEST|BREAKDOWN VOLTAGE TEST|SWITCHING TEST|YIELD ANALYSIS|WAFER SORT TEST|LOT|LOT|COAT TEST|COAT TEST|COAT TEST|SWITCHING TEST|WAFER SORT TEST|YIELD ANALYSIS|LOT RELEASE|PACKAGE PREPARATION|SHIP LOT
valid_igbt_0017_f60,ALIGN MASK LEVEL 5|EXPOSE LITHO LEVEL 5|DEVELOP PHOTORESIST|VIA INSPECTION|VIA ETCH|STRIP RESIST|CLEAN AFTER VIA ETCH|DEPOSIT BARRIER METAL|DEPOSIT METAL SEED|FILL VIA METAL|CMP METAL|DEPOSIT TOP METAL|ANNEAL METAL|SPIN COAT PHOTORESIST|SOFT BAKE|ALIGN MASK LEVEL 6|EXPOSE LITHO LEVEL 6|DEVELOP PHOTORESIST|METAL PATTERN INSPECTION|METAL ETCH DRY|STRIP RESIST|CLEAN AFTER METAL ETCH|MEASURE LINE WIDTH|DEPOSIT PASSIVATION|CURE PASSIVATION|MEASURE PASSIVATION THICKNESS|OPEN PAD WINDOW|PAD WINDOW LITHO|DEVELOP PHOTORESIST|PASSIVATION ETCH|STRIP RESIST|CLEAN PAD OPENING|MEASURE PAD OPENING|BACKSIDE GRIND|MEASURE THICKNESS|BACKSIDE ETCH CLEAN|BACKSIDE RINSE|BACKSIDE DRY|BACKSIDE METALLIZATION PREP|DEPOSIT BACKSIDE METAL|BACKSIDE ANNEAL|MEASURE BACKSIDE CONTACT|FINAL CLEAN|FINAL THICKNESS MEASURE|FINAL GEOMETRY CHECK|FINAL PARTICLE INSPECTION|YIELD ANALYSIS|WAFER SORT TEST|LOT|PARTICLE INSPECTION|WAFER SORT TEST|YIELD ANALYSIS|LOT RELEASE|PACKAGE PREPARATION|SHIP LOT
valid_igbt_0017_f80,CURE PASSIVATION|MEASURE PASSIVATION THICKNESS|OPEN PAD WINDOW|PAD WINDOW LITHO|DEVELOP PHOTORESIST|METAL PATTERN INSPECTION|METAL ETCH|STRIP RESIST|CLEAN PAD OPENING|MEASURE PAD OPENING|BACKSIDE GRIND|MEASURE THICKNESS|BACKSIDE ETCH CLEAN|BACKSIDE RINSE|BACKSIDE DRY|BACKSIDE METALLIZATION PREP|DEPOSIT BACKSIDE METAL|BACKSIDE ANNEAL|MEASURE BACKSIDE CONTACT|FINAL CLEAN|YIELD ANALYSIS|WAFER SORT TEST|LOT|WAFER SORT TEST|YIELD ANALYSIS|LOT|WAFER SORT TEST|WAFER SORT TEST|LOT|YIELD ANALYSIS|LOT|WAFER SORT TEST|LOT|ELECTRICAL PARAMETRIC TEST|WAFER SORT TEST|YIELD ANALYSIS|LOT RELEASE|PACKAGE PREPARATION|PACKAGE PREPARATION|COAT TEST|COAT TEST|COAT TEST|DEVELOP TEST|PASSIVATION TEST|STRIP RESIST|CLEAN YIELD ANALYSIS|LOT RELEASE|PACKAGE PREPARATION|SHIP LOT
valid_igbt_0018_f60,SOFT BAKE|ALIGN MASK LEVEL 5|EXPOSE LITHO LEVEL 5|DEVELOP PHOTORESIST|VIA INSPECTION|VIA ETCH|STRIP RESIST|CLEAN AFTER VIA ETCH|DEPOSIT BARRIER METAL|DEPOSIT METAL SEED|FILL VIA METAL|CMP METAL|MEASURE VIA RESISTANCE|DEPOSIT TOP METAL|ANNEAL METAL|SPIN COAT PHOTORESIST|SOFT BAKE|ALIGN MASK LEVEL 6|EXPOSE LITHO LEVEL 6|DEVELOP PHOTORESIST|METAL PATTERN INSPECTION|METAL ETCH DRY|STRIP PHOTORESIST|CLEAN AFTER METAL ETCH|MEASURE LINE WIDTH|DEPOSIT PASSIVATION|CURE PASSIVATION|MEASURE PASSIVATION THICKNESS|OPEN PAD WINDOW|PAD WINDOW LITHO|DEVELOP PHOTORESIST|PASSIVATION ETCH|STRIP RESIST|CLEAN PAD OPENING|MEASURE PAD OPENING|BACKSIDE GRIND|MEASURE THICKNESS|BACKSIDE ETCH CLEAN|BACKSIDE RINSE|BACKSIDE DRY|BACKSIDE METALLIZATION PREP|DEPOSIT BACKSIDE METAL|BACKSIDE ANNEAL|MEASURE BACKSIDE CONTACT|FINAL CLEAN|FINAL THICKNESS MEASURE|FINAL PARTICLE INSPECTION|YIELD ANALYSIS|WAFER SORT TEST|LOT|WAFER SORT TEST|YIELD ANALYSIS|LOT|WAFER SORT TEST|WAFER SORT TEST|LOT RELEASE|COAT TEST|COAT TEST|COAT TEST|SWITCHING TEST|WAFER SORT TEST|YIELD ANALYSIS|LOT RELEASE|PACKAGE PREPARATION|SHIP LOT
valid_igbt_0018_f80,CURE PASSIVATION|MEASURE PASSIVATION THICKNESS|OPEN PAD WINDOW|PAD WINDOW LITHO|DEVELOP PHOTORESIST|METAL PATTERN INSPECTION|HARD BAKE|METAL ETCH PAD OPENING|STRIP PHOTORESIST|CLEAN PAD OPENING|MEASURE PAD OPENING|BACKSIDE GRIND|MEASURE THICKNESS|BACKSIDE ETCH CLEAN|BACKSIDE RINSE|BACKSIDE DRY|BACKSIDE METALLIZATION PREP|DEPOSIT BACKSIDE METAL|BACKSIDE ANNEAL|MEASURE BACKSIDE CONTACT|YIELD ANALYSIS|WAFER SORT TEST|WAFER SORT TEST|YIELD ANALYSIS|LOT|WAFER SORT TEST|WAFER SORT TEST|YIELD ANALYSIS|LOT|LOT|WAFER SORT TEST|ELECTRICAL PARAMETRIC TEST|SWITCHING TEST|WAFER SORT TEST|YIELD ANALYSIS|LOT RELEASE|PACKAGE PREPARATION|COAT TEST|COAT TEST|COAT TEST|WAFER SORT TEST|YIELD ANALYSIS|LOT RELEASE|PACKAGE PREPARATION|SHIP LOT
valid_igbt_0019_f60,DENSIFY DIELECTRIC|MEASURE DIELECTRIC THICKNESS|CMP METAL|MEASURE PLANARITY|SPIN COAT PHOTORESIST|SOFT BAKE|ALIGN MASK LEVEL 5|EXPOSE LITHO LEVEL 5|DEVELOP PHOTORESIST|METAL INSPECTION|VIA ETCH|STRIP RESIST|CLEAN AFTER VIA ETCH|DEPOSIT BARRIER METAL|DEPOSIT METAL SEED|FILL VIA METAL|CMP METAL|MEASURE VIA RESISTANCE|DEPOSIT TOP METAL|ANNEAL METAL|SPIN COAT PHOTORESIST|SOFT BAKE|ALIGN MASK LEVEL 6|EXPOSE LITHO LEVEL 6|DEVELOP PHOTORESIST|METAL PATTERN INSPECTION|METAL ETCH DRY|STRIP PHOTORESIST|CLEAN AFTER METAL ETCH|MEASURE LINE WIDTH|DEPOSIT PASSIVATION|CURE PASSIVATION|MEASURE PASSIVATION THICKNESS|OPEN PAD WINDOW|PAD WINDOW LITHO|DEVELOP PHOTORESIST|PASSIVATION ETCH|STRIP RESIST|CLEAN PAD OPENING|MEASURE PAD OPENING|BACKSIDE GRIND|MEASURE THICKNESS|BACKSIDE ETCH CLEAN|BACKSIDE RINSE|BACKSIDE DRY|BACKSIDE METALLIZATION PREP|DEPOSIT BACKSIDE METAL|BACKSIDE ANNEAL|MEASURE BACKSIDE CONTACT|FINAL CLEAN|FINAL THICKNESS MEASURE|FINAL GEOMETRY CHECK|FINAL PARTICLE INSPECTION|ELECTRICAL PARAMETRIC TEST|LEAKAGE TEST|BREAKDOWN VOLTAGE TEST|SWITCHING TEST|YIELD ANALYSIS|WAFER SORT TEST|LOT|LOT|COAT TEST|COAT TEST|COAT TEST|SWITCHING TEST|WAFER SORT TEST|YIELD ANALYSIS|LOT|WAFER SORT TEST|LOT LOT LOT LOT LOT|COAT TEST|COAT TEST|WAFER SORT TEST|YIELD ANALYSIS|LOT LOT RELEASE|PACKAGE PREPARATION|COAT TEST|COAT TEST|RAPID EXPOSE LITHO|DEVELOP TEST|PASSIVATION ANALYSIS|VIA|DIELECTRIC CHECK|STRIP RESIST|CLEAN YIELD ANALYSIS|LOT LOT LOT LOT LOT|COAT TEST|COAT TEST|COAT TEST
valid_igbt_0019_f80,DEPOSIT PASSIVATION|CURE PASSIVATION|MEASURE PASSIVATION THICKNESS|OPEN PAD WINDOW|PAD WINDOW LITHO|DEVELOP PHOTORESIST|PASSIVATION ETCH|STRIP RESIST|CLEAN PAD OPENING|MEASURE PAD OPENING|BACKSIDE GRIND|MEASURE THICKNESS|BACKSIDE ETCH CLEAN|BACKSIDE RINSE|BACKSIDE DRY|BACKSIDE METALLIZATION PREP|DEPOSIT BACKSIDE METAL|BACKSIDE ANNEAL|MEASURE BACKSIDE CONTACT|FINAL CLEAN|FINAL THICKNESS MEASURE|FINAL GEOMETRY CHECK|ELECTRICAL PARAMETRIC TEST|LEAKAGE TEST|BREAKDOWN VOLTAGE TEST|SWITCHING TEST|YIELD ANALYSIS|WAFER SORT TEST|LOT|LOT|COAT TEST|COAT PHOTORESIST|ELECTRICAL PARAMETRIC TEST|SWITCHING TEST|WAFER SORT TEST|YIELD ANALYSIS|LOT|WAFER SORT TEST|LOT|ELECTRICAL ANALYSIS|WAFER SORT TEST|DEVELOP TEST|PASSIVATION TEST|WAFER SORT TEST|STRIP RESIST|CLEAN YIELD ANALYSIS|LOT LOT LOT RELEASE|PACKAGE PREPARATION|SHIP LOT
valid_igbt_0020_f60,MEASURE PLANARITY|SPIN COAT PHOTORESIST|SOFT BAKE|ALIGN MASK LEVEL 5|EXPOSE LITHO LEVEL 5|DEVELOP PHOTORESIST|METAL INSPECTION|VIA ETCH|STRIP RESIST|CLEAN AFTER VIA ETCH|DEPOSIT BARRIER METAL|DEPOSIT METAL SEED|FILL VIA METAL|CMP METAL|MEASURE VIA RESISTANCE|DEPOSIT TOP METAL|ANNEAL METAL|SPIN COAT PHOTORESIST|SOFT BAKE|ALIGN MASK LEVEL 6|EXPOSE LITHO LEVEL 6|DEVELOP PHOTORESIST|METAL PATTERN INSPECTION|METAL ETCH DRY|STRIP PHOTORESIST|CLEAN AFTER METAL ETCH|MEASURE LINE WIDTH|DEPOSIT PASSIVATION|CURE PASSIVATION|MEASURE PASSIVATION THICKNESS|OPEN PAD WINDOW|PAD WINDOW LITHO|DEVELOP PHOTORESIST|PASSIVATION ETCH|STRIP RESIST|CLEAN PAD OPENING|MEASURE PAD OPENING|BACKSIDE GRIND|MEASURE THICKNESS|BACKSIDE ETCH CLEAN|BACKSIDE RINSE|BACKSIDE DRY|BACKSIDE METALLIZATION PREP|DEPOSIT BACKSIDE METAL|BACKSIDE ANNEAL|MEASURE BACKSIDE CONTACT|FINAL CLEAN|FINAL THICKNESS MEASURE|FINAL GEOMETRY CHECK|FINAL PARTICLE INSPECTION|YIELD ANALYSIS|WAFER SORT TEST|LOT|PARTICLE INSPECTION|WAFER SORT TEST|YIELD ANALYSIS|LOT|WAFER SORT TEST|LOT|LOT|COAT TEST|SWITCHING TEST|WAFER SORT TEST|YIELD ANALYSIS|LOT|LOT|WAFER SORT TEST|ELECTRICAL TEST|WAFER SORT TEST|LOT|YIELD ANALYSIS|WAFER SORT TEST|LOT RELEASE|COAT TEST|COAT TEST|COAT TEST|COAT TEST|RAPID EXPOSE LITHO|DEVELOP SORT TEST|STRIP RESIST|CLEAN YIELD ANALYSIS|LOT RELEASE|SHIP LOT
valid_igbt_0020_f80,MEASURE PASSIVATION THICKNESS|OPEN PAD WINDOW|PAD WINDOW LITHO|DEVELOP PHOTORESIST|PASSIVATION ETCH|STRIP RESIST|CLEAN PAD OPENING|MEASURE PAD OPENING|BACKSIDE GRIND|MEASURE THICKNESS|BACKSIDE ETCH CLEAN|BACKSIDE RINSE|BACKSIDE DRY|BACKSIDE METALLIZATION PREP|DEPOSIT BACKSIDE METAL|BACKSIDE ANNEAL|MEASURE BACKSIDE CONTACT|FINAL CLEAN|FINAL THICKNESS MEASURE|ELECTRICAL PARAMETRIC TEST|LEAKAGE TEST|BREAKDOWN VOLTAGE TEST|SWITCHING TEST|YIELD ANALYSIS|WAFER SORT TEST|LOT|LOT|TEST|COAT TEST|COAT TEST|SWITCHING TEST|WAFER SORT TEST|YIELD ANALYSIS|LOT|WAFER SORT TEST|LOT|ELECTRICAL ANALYSIS|WAFER SORT TEST|SWITCHING TEST|WAFER SORT TEST|YIELD ANALYSIS|LOT LOT LOT LOT RELEASE|COAT TEST|SHIP LOT
valid_igbt_0021_f60,DEPOSIT INTERLAYER DIELECTRIC|DENSIFY DIELECTRIC|MEASURE DIELECTRIC THICKNESS|SPIN COAT PHOTORESIST|SOFT BAKE|ALIGN MASK LEVEL 5|EXPOSE LITHO LEVEL 5|DEVELOP PHOTORESIST|METAL INSPECTION|VIA INSPECTION|VIA ETCH|STRIP RESIST|CLEAN AFTER VIA ETCH|DEPOSIT BARRIER METAL|DEPOSIT METAL SEED|FILL VIA METAL|CMP METAL|MEASURE VIA RESISTANCE|DEPOSIT TOP METAL|ANNEAL METAL|SPIN COAT PHOTORESIST|SOFT BAKE|ALIGN MASK LEVEL 6|EXPOSE LITHO LEVEL 6|DEVELOP PHOTORESIST|METAL PATTERN INSPECTION|METAL ETCH DRY|STRIP PHOTORESIST|CLEAN AFTER METAL ETCH|DEPOSIT PASSIVATION|CURE PASSIVATION|MEASURE PASSIVATION THICKNESS|OPEN PAD WINDOW|PAD WINDOW LITHO|DEVELOP PHOTORESIST|PASSIVATION ETCH|STRIP RESIST|CLEAN PAD OPENING|MEASURE PAD OPENING|BACKSIDE GRIND|MEASURE THICKNESS|BACKSIDE ETCH CLEAN|BACKSIDE RINSE|BACKSIDE DRY|BACKSIDE METALLIZATION PREP|DEPOSIT BACKSIDE METAL|BACKSIDE ANNEAL|MEASURE BACKSIDE CONTACT|FINAL CLEAN|FINAL THICKNESS MEASURE|FINAL GEOMETRY CHECK|FINAL PARTICLE INSPECTION|ELECTRICAL PARAMETRIC TEST|LEAKAGE TEST|BREAKDOWN VOLTAGE TEST|SWITCHING TEST|YIELD ANALYSIS|WAFER SORT TEST|LOT|LOT|TEST|COAT TEST|COAT|SWITCHING TEST|WAFER SORT TEST|YIELD ANALYSIS|LOT|WAFER SORT TEST|LOT|COAT TEST|COAT TEST|COAT TEST|SWITCHING TEST|WAFER SORT TEST|YIELD ANALYSIS|LOT LOT LOT LOT RELEASE|SHIP LOT
valid_igbt_0021_f80,DEPOSIT PASSIVATION|CURE PASSIVATION|MEASURE PASSIVATION THICKNESS|OPEN PAD WINDOW|PAD WINDOW LITHO|DEVELOP PHOTORESIST|PASSIVATION ETCH|STRIP RESIST|CLEAN PAD OPENING|MEASURE PAD OPENING|BACKSIDE GRIND|MEASURE THICKNESS|BACKSIDE ETCH CLEAN|BACKSIDE RINSE|BACKSIDE DRY|BACKSIDE METALLIZATION PREP|DEPOSIT BACKSIDE METAL|BACKSIDE ANNEAL|MEASURE BACKSIDE CONTACT|FINAL CLEAN|FINAL THICKNESS MEASURE|ELECTRICAL PARAMETRIC TEST|LEAKAGE TEST|BREAKDOWN VOLTAGE TEST|SWITCHING TEST|YIELD ANALYSIS|WAFER SORT TEST|LOT|LOT|COAT TEST|COAT TEST|COAT TEST|SWITCHING TEST|WAFER SORT TEST|YIELD ANALYSIS|LOT|WAFER SORT TEST|ELECTRICAL ANALYSIS|WAFER SORT TEST|LOT LOT LOT LOT LOT|COAT TEST|SWITCHING TEST|WAFER SORT TEST|YIELD ANALYSIS|LOT LOT LOT LOT LOT|WAFER SORT TEST|ELECTRICAL YIELD ANALYSIS|WAFER SORT TEST|LOT LOT LOT LOT LOT|COAT TEST|COAT TEST|WAFER SORT TEST|YIELD ANALYSIS|LOT LOT LOT LOT LOT|WAFER SORT TEST|ELECTRICAL YIELD ANALYSIS|WAFER SORT TEST|LOT LOT|DENSIFY TEST|DENSIFY TEST
valid_igbt_0022_f60,MEASURE DIELECTRIC THICKNESS|CMP METAL|MEASURE PLANARITY|SPIN COAT PHOTORESIST|SOFT BAKE|ALIGN MASK LEVEL 5|EXPOSE LITHO LEVEL 5|DEVELOP PHOTORESIST|METAL INSPECTION|VIA ETCH|STRIP RESIST|CLEAN AFTER VIA ETCH|DEPOSIT BARRIER METAL|DEPOSIT METAL SEED|FILL VIA METAL|CMP METAL|DEPOSIT TOP METAL|ANNEAL METAL|SPIN COAT PHOTORESIST|SOFT BAKE|ALIGN MASK LEVEL 6|EXPOSE LITHO LEVEL 6|DEVELOP PHOTORESIST|METAL PATTERN INSPECTION|METAL ETCH DRY|STRIP RESIST|CLEAN AFTER METAL ETCH|MEASURE LINE WIDTH|DEPOSIT PASSIVATION|CURE PASSIVATION|MEASURE PASSIVATION THICKNESS|OPEN PAD WINDOW|PAD WINDOW LITHO|DEVELOP PHOTORESIST|PASSIVATION ETCH|STRIP RESIST|CLEAN PAD OPENING|MEASURE PAD OPENING|BACKSIDE GRIND|MEASURE THICKNESS|BACKSIDE ETCH CLEAN|BACKSIDE RINSE|BACKSIDE DRY|BACKSIDE METALLIZATION PREP|DEPOSIT BACKSIDE METAL|BACKSIDE ANNEAL|MEASURE BACKSIDE CONTACT|FINAL CLEAN|FINAL THICKNESS MEASURE|FINAL GEOMETRY CHECK|FINAL PARTICLE INSPECTION|YIELD ANALYSIS|WAFER SORT TEST|LOT|PARTICLE INSPECTION|WAFER SORT TEST|YIELD ANALYSIS|LOT RELEASE|PACKAGE PREPARATION|PACKAGE PREPARATION|ELECTRICAL PARAMETRIC TEST|SWITCHING TEST|WAFER SORT TEST|YIELD ANALYSIS|LOT|WAFER SORT TEST|LOT|COAT TEST|COAT TEST|COAT TEST|WAFER SORT TEST|YIELD ANALYSIS|LOT RELEASE|PACKAGE PREPARATION|SHIP LOT
valid_igbt_0022_f80,CURE PASSIVATION|MEASURE PASSIVATION THICKNESS|OPEN PAD WINDOW|PAD WINDOW LITHO|DEVELOP PHOTORESIST|PASSIVATION ETCH|STRIP RESIST|CLEAN PAD OPENING|MEASURE PAD OPENING|BACKSIDE GRIND|MEASURE THICKNESS|BACKSIDE ETCH CLEAN|BACKSIDE RINSE|BACKSIDE DRY|BACKSIDE METALLIZATION PREP|DEPOSIT BACKSIDE METAL|BACKSIDE ANNEAL|MEASURE BACKSIDE CONTACT|FINAL CLEAN|FINAL THICKNESS MEASURE|FINAL GEOMETRY CHECK|FINAL PARTICLE INSPECTION|ELECTRICAL PARAMETRIC TEST|LEAKAGE TEST|BREAKDOWN VOLTAGE TEST|SWITCHING TEST|YIELD ANALYSIS|WAFER SORT TEST|LOT|LOT|COAT TEST|TEST|COAT|COAT TEST|SWITCHING TEST|WAFER SORT TEST|YIELD ANALYSIS|LOT|WAFER SORT TEST|ELECTRICAL ANALYSIS|WAFER SORT TEST|DEVELOP TEST|PASSIVATION TEST|WAFER SORT TEST|STRIP RESIST|CLEAN YIELD ANALYSIS|LOT LOT LOT RELEASE|SHIP LOT
valid_igbt_0023_f60,SOFT BAKE|ALIGN MASK LEVEL 5|EXPOSE LITHO LEVEL 5|DEVELOP PHOTORESIST|VIA INSPECTION|VIA ETCH|STRIP RESIST|CLEAN AFTER VIA ETCH|DEPOSIT BARRIER METAL|DEPOSIT METAL SEED|FILL VIA METAL|CMP METAL|DEPOSIT METAL 1|ANNEAL METAL|SPIN COAT PHOTORESIST|SOFT BAKE|ALIGN MASK LEVEL 6|EXPOSE LITHO LEVEL 6|DEVELOP PHOTORESIST|METAL PATTERN INSPECTION|METAL ETCH DRY|STRIP RESIST|CLEAN AFTER METAL ETCH|MEASURE LINE WIDTH|DEPOSIT PASSIVATION|CURE PASSIVATION|MEASURE PASSIVATION THICKNESS|OPEN PAD WINDOW|PAD WINDOW LITHO|DEVELOP PHOTORESIST|PASSIVATION ETCH|STRIP RESIST|CLEAN PAD OPENING|MEASURE PAD OPENING|BACKSIDE GRIND|MEASURE THICKNESS|BACKSIDE ETCH CLEAN|BACKSIDE RINSE|BACKSIDE DRY|BACKSIDE METALLIZATION PREP|DEPOSIT BACKSIDE METAL|BACKSIDE ANNEAL|MEASURE BACKSIDE CONTACT|FINAL CLEAN|FINAL THICKNESS MEASURE|FINAL GEOMETRY CHECK|FINAL PARTICLE INSPECTION|YIELD ANALYSIS|WAFER SORT TEST|LOT|PARTICLE INSPECTION|WAFER SORT TEST|YIELD ANALYSIS|LOT|WAFER SORT TEST|LOT|ELECTRICAL PARAMETRIC TEST|SWITCHING TEST|YIELD ANALYSIS|WAFER SORT TEST|LOT|LOT|COAT TEST|COAT TEST|BACKSIDE CONTACT|BACKSIDE ANNEAL|MEASURE LOT|COAT TEST|COAT TEST|COAT TEST|WAFER SORT TEST|YIELD ANALYSIS|LOT LOT LOT LOT LOT|WAFER SORT TEST|ELECTRICAL YIELD ANALYSIS|WAFER SORT TEST|LOT RELEASE|SHIP LOT
valid_igbt_0023_f80,MEASURE PASSIVATION THICKNESS|OPEN PAD WINDOW|PAD WINDOW LITHO|DEVELOP PHOTORESIST|PASSIVATION ETCH|STRIP RESIST|CLEAN PAD OPENING|MEASURE PAD OPENING|BACKSIDE GRIND|MEASURE THICKNESS|BACKSIDE ETCH CLEAN|BACKSIDE RINSE|BACKSIDE DRY|BACKSIDE METALLIZATION PREP|DEPOSIT BACKSIDE METAL|BACKSIDE ANNEAL|MEASURE BACKSIDE CONTACT|FINAL CLEAN|FINAL THICKNESS MEASURE|ELECTRICAL PARAMETRIC TEST|LEAKAGE TEST|BREAKDOWN VOLTAGE TEST|SWITCHING TEST|YIELD ANALYSIS|WAFER SORT TEST|LOT|LOT|COAT TEST|COAT TEST|COAT TEST|SWITCHING TEST|WAFER SORT TEST|YIELD ANALYSIS|LOT|WAFER SORT TEST|ELECTRICAL ANALYSIS|WAFER SORT TEST|LOT LOT LOT LOT LOT|WAFER SORT TEST|YIELD ANALYSIS|LOT LOT RELEASE|PACKAGE PREPARATION|COAT TEST|COAT TEST|RAPID EXPOSE LITHO|DEVELOP TEST|VIA|STRIP RESIST|CLEAN YIELD ANALYSIS|LOT RELEASE|SHIP LOT
valid_igbt_0024_f60,MEASURE DIELECTRIC THICKNESS|DEPOSIT INTERLAYER DIELECTRIC|DENSIFY DIELECTRIC|MEASURE DIELECTRIC THICKNESS|CMP VIA|MEASURE PLANARITY|SPIN COAT PHOTORESIST|SOFT BAKE|ALIGN MASK LEVEL 5|EXPOSE LITHO LEVEL 5|DEVELOP PHOTORESIST|METAL INSPECTION|VIA ETCH|STRIP RESIST|CLEAN AFTER VIA ETCH|DEPOSIT BARRIER METAL|DEPOSIT METAL SEED|FILL VIA METAL|CMP METAL|MEASURE VIA RESISTANCE|DEPOSIT TOP METAL|ANNEAL METAL|SPIN COAT PHOTORESIST|SOFT BAKE|ALIGN MASK LEVEL 6|EXPOSE LITHO LEVEL 6|DEVELOP PHOTORESIST|METAL PATTERN INSPECTION|METAL ETCH DRY|STRIP RESIST|CLEAN AFTER METAL ETCH|DEPOSIT PASSIVATION|CURE PASSIVATION|MEASURE PASSIVATION THICKNESS|OPEN PAD WINDOW|PAD WINDOW LITHO|DEVELOP PHOTORESIST|PASSIVATION ETCH|STRIP RESIST|CLEAN PAD OPENING|MEASURE PAD OPENING|BACKSIDE GRIND|MEASURE THICKNESS|BACKSIDE ETCH CLEAN|BACKSIDE RINSE|BACKSIDE DRY|BACKSIDE METALLIZATION PREP|DEPOSIT BACKSIDE METAL|BACKSIDE ANNEAL|MEASURE BACKSIDE CONTACT|FINAL CLEAN|FINAL THICKNESS MEASURE|ELECTRICAL PARAMETRIC TEST|LEAKAGE TEST|BREAKDOWN VOLTAGE TEST|SWITCHING TEST|YIELD ANALYSIS|WAFER SORT TEST|LOT|LOT|COAT TEST|COAT TEST|ELECTRICAL ANALYSIS|SWITCHING TEST|WAFER SORT TEST|YIELD ANALYSIS|LOT|WAFER SORT TEST|LOT|ELECTRICAL ANALYSIS|WAFER SORT TEST|SWITCHING TEST|WAFER SORT TEST|YIELD ANALYSIS|LOT RELEASE|PACKAGE PREPARATION|COAT TEST|SHIP LOT
valid_igbt_0024_f80,DEPOSIT PASSIVATION|CURE PASSIVATION|MEASURE PASSIVATION THICKNESS|OPEN PAD WINDOW|PAD WINDOW LITHO|DEVELOP PHOTORESIST|PASSIVATION ETCH|STRIP RESIST|CLEAN PAD OPENING|MEASURE PAD OPENING|BACKSIDE GRIND|MEASURE THICKNESS|BACKSIDE ETCH CLEAN|BACKSIDE RINSE|BACKSIDE DRY|BACKSIDE METALLIZATION PREP|DEPOSIT BACKSIDE METAL|BACKSIDE ANNEAL|MEASURE BACKSIDE CONTACT|FINAL CLEAN|FINAL THICKNESS MEASURE|FINAL PARTICLE INSPECTION|YIELD ANALYSIS|WAFER SORT TEST|LOT|WAFER SORT TEST|YIELD ANALYSIS|LOT|WAFER SORT TEST|WAFER SORT TEST|LOT|YIELD ANALYSIS|LOT|WAFER SORT TEST|ELECTRICAL TEST|WAFER SORT TEST|LOT|YIELD ANALYSIS|WAFER SORT TEST|LOT|LOT RELEASE|PACKAGE PREPARATION|COAT TEST|COAT TEST|COAT TEST|COAT TEST|SWITCHING TEST|WAFER SORT TEST|YIELD ANALYSIS|LOT LOT LOT LOT RELEASE|SHIP LOT
valid_igbt_0025_f60,MEASURE PLANARITY|SPIN COAT PHOTORESIST|SOFT BAKE|ALIGN MASK LEVEL 5|EXPOSE LITHO LEVEL 5|DEVELOP PHOTORESIST|METAL INSPECTION|VIA ETCH|STRIP RESIST|CLEAN AFTER VIA ETCH|DEPOSIT BARRIER METAL|DEPOSIT METAL SEED|FILL VIA METAL|CMP METAL|MEASURE VIA RESISTANCE|DEPOSIT TOP METAL|ANNEAL METAL|SPIN COAT PHOTORESIST|SOFT BAKE|ALIGN MASK LEVEL 6|EXPOSE LITHO LEVEL 6|DEVELOP PHOTORESIST|METAL PATTERN INSPECTION|METAL ETCH DRY|STRIP PHOTORESIST|CLEAN AFTER METAL ETCH|MEASURE LINE WIDTH|DEPOSIT PASSIVATION|CURE PASSIVATION|MEASURE PASSIVATION THICKNESS|OPEN PAD WINDOW|PAD WINDOW LITHO|DEVELOP PHOTORESIST|PASSIVATION ETCH|STRIP RESIST|CLEAN PAD OPENING|MEASURE PAD OPENING|BACKSIDE GRIND|MEASURE THICKNESS|BACKSIDE ETCH CLEAN|BACKSIDE RINSE|BACKSIDE DRY|BACKSIDE METALLIZATION PREP|DEPOSIT BACKSIDE METAL|BACKSIDE ANNEAL|MEASURE BACKSIDE CONTACT|FINAL CLEAN|FINAL THICKNESS MEASURE|FINAL GEOMETRY CHECK|FINAL PARTICLE INSPECTION|ELECTRICAL PARAMETRIC TEST|LEAKAGE TEST|BREAKDOWN VOLTAGE TEST|SWITCHING TEST|YIELD ANALYSIS|WAFER SORT TEST|LOT|LOT|COAT TEST|COAT TEST|COAT TEST|SWITCHING TEST|WAFER SORT TEST|YIELD ANALYSIS|LOT|WAFER SORT TEST|LOT LOT LOT LOT LOT|COAT TEST|COAT TEST|WAFER SORT TEST|YIELD ANALYSIS|LOT LOT RELEASE|PACKAGE PREPARATION|COAT TEST|COAT TEST|RAPID EXPOSE LITHO|DEVELOP TEST|PASSIVATION ANALYSIS|VIA|DIELECTRIC CHECK|STRIP RESIST|CLEAN YIELD ANALYSIS|LOT LOT LOT LOT LOT|COAT TEST|COAT TEST|COAT TEST|SWITCHING TEST|WAFER SORT TEST|YIELD ANALYSIS|LOT LOT LOT LOT LOT
valid_igbt_0025_f80,MEASURE PASSIVATION THICKNESS|OPEN PAD WINDOW|PAD WINDOW LITHO|DEVELOP PHOTORESIST|METAL PATTERN INSPECTION|HARD BAKE|METAL ETCH|STRIP RESIST|CLEAN PAD OPENING|MEASURE PAD OPENING|BACKSIDE GRIND|MEASURE THICKNESS|BACKSIDE ETCH CLEAN|BACKSIDE RINSE|BACKSIDE DRY|BACKSIDE METALLIZATION PREP|DEPOSIT BACKSIDE METAL|BACKSIDE ANNEAL|MEASURE BACKSIDE CONTACT|FINAL CLEAN|YIELD ANALYSIS|WAFER SORT TEST|LOT|WAFER SORT TEST|YIELD ANALYSIS|LOT|WAFER SORT TEST|WAFER SORT TEST|LOT|YIELD ANALYSIS|LOT|WAFER SORT TEST|LOT|ELECTRICAL PARAMETRIC TEST|WAFER SORT TEST|YIELD ANALYSIS|LOT RELEASE|PACKAGE PREPARATION|PACKAGE PREPARATION|COAT TEST|COAT TEST|COAT TEST|SWITCHING TEST|WAFER SORT TEST|YIELD ANALYSIS|LOT RELEASE|PACKAGE PREPARATION|SHIP LOT
valid_igbt_0026_f60,CMP METAL|MEASURE PLANARITY|SPIN COAT PHOTORESIST|SOFT BAKE|ALIGN MASK LEVEL 5|EXPOSE LITHO LEVEL 5|DEVELOP PHOTORESIST|METAL INSPECTION|VIA ETCH|STRIP RESIST|CLEAN AFTER VIA ETCH|DEPOSIT BARRIER METAL|DEPOSIT METAL SEED|FILL VIA METAL|CMP METAL|MEASURE VIA RESISTANCE|DEPOSIT TOP METAL|ANNEAL METAL|SPIN COAT PHOTORESIST|SOFT BAKE|ALIGN MASK LEVEL 6|EXPOSE LITHO LEVEL 6|DEVELOP PHOTORESIST|METAL PATTERN INSPECTION|METAL ETCH DRY|STRIP PHOTORESIST|CLEAN AFTER METAL ETCH|MEASURE LINE WIDTH|DEPOSIT PASSIVATION|CURE PASSIVATION|MEASURE PASSIVATION THICKNESS|OPEN PAD WINDOW|PAD WINDOW LITHO|DEVELOP PHOTORESIST|PASSIVATION ETCH|STRIP RESIST|CLEAN PAD OPENING|MEASURE PAD OPENING|BACKSIDE GRIND|MEASURE THICKNESS|BACKSIDE ETCH CLEAN|BACKSIDE RINSE|BACKSIDE DRY|BACKSIDE METALLIZATION PREP|DEPOSIT BACKSIDE METAL|BACKSIDE ANNEAL|MEASURE BACKSIDE CONTACT|FINAL CLEAN|FINAL THICKNESS MEASURE|FINAL PARTICLE INSPECTION|ELECTRICAL PARAMETRIC TEST|LEAKAGE TEST|BREAKDOWN VOLTAGE TEST|SWITCHING TEST|YIELD ANALYSIS|WAFER SORT TEST|LOT|LOT|COAT TEST|COAT TEST|COAT TEST|SWITCHING TEST|WAFER SORT TEST|YIELD ANALYSIS|LOT RELEASE|PACKAGE PREPARATION|SHIP LOT
valid_igbt_0026_f80,MEASURE PASSIVATION THICKNESS|OPEN PAD WINDOW|PAD WINDOW LITHO|DEVELOP PHOTORESIST|PASSIVATION ETCH|STRIP RESIST|CLEAN PAD OPENING|MEASURE PAD OPENING|BACKSIDE GRIND|MEASURE THICKNESS|BACKSIDE ETCH CLEAN|BACKSIDE RINSE|BACKSIDE DRY|BACKSIDE METALLIZATION PREP|DEPOSIT BACKSIDE METAL|BACKSIDE ANNEAL|MEASURE BACKSIDE CONTACT|FINAL CLEAN|FINAL THICKNESS MEASURE|FINAL PARTICLE INSPECTION|ELECTRICAL PARAMETRIC TEST|LEAKAGE TEST|BREAKDOWN VOLTAGE TEST|SWITCHING TEST|YIELD ANALYSIS|WAFER SORT TEST|LOT|LOT|COAT TEST|COAT TEST|COAT TEST|SWITCHING TEST|WAFER SORT TEST|YIELD ANALYSIS|LOT RELEASE|PACKAGE PREPARATION|SHIP LOT
valid_igbt_0027_f60,SPIN COAT PHOTORESIST|SOFT BAKE|ALIGN MASK LEVEL 5|EXPOSE LITHO LEVEL 5|DEVELOP PHOTORESIST|VIA INSPECTION|VIA ETCH|STRIP RESIST|CLEAN AFTER VIA ETCH|DEPOSIT BARRIER METAL|DEPOSIT METAL SEED|FILL VIA METAL|CMP METAL|DEPOSIT TOP METAL|ANNEAL METAL|SPIN COAT PHOTORESIST|SOFT BAKE|ALIGN MASK LEVEL 6|EXPOSE LITHO LEVEL 6|DEVELOP PHOTORESIST|METAL PATTERN INSPECTION|METAL ETCH DRY|STRIP RESIST|CLEAN AFTER METAL ETCH|MEASURE LINE WIDTH|DEPOSIT PASSIVATION|CURE PASSIVATION|MEASURE PASSIVATION QUALITY|OPEN PAD WINDOW|PAD WINDOW LITHO|DEVELOP PHOTORESIST|PASSIVATION ETCH|STRIP RESIST|CLEAN PAD OPENING|MEASURE PAD OPENING|BACKSIDE GRIND|MEASURE THICKNESS|BACKSIDE ETCH CLEAN|BACKSIDE RINSE|BACKSIDE DRY|BACKSIDE METALLIZATION PREP|DEPOSIT BACKSIDE METAL|BACKSIDE ANNEAL|MEASURE BACKSIDE CONTACT|FINAL CLEAN|FINAL THICKNESS MEASURE|FINAL GEOMETRY CHECK|FINAL PARTICLE INSPECTION|YIELD ANALYSIS|WAFER SORT TEST|LOT|PARTICLE INSPECTION|WAFER SORT TEST|YIELD ANALYSIS|LOT RELEASE|PACKAGE PREPARATION|PACKAGE PREPARATION|COAT TEST|ELECTRICAL PARAMETRIC TEST|SWITCHING TEST|WAFER SORT TEST|YIELD ANALYSIS|LOT|WAFER SORT TEST|LOT RELEASE|SHIP LOT
valid_igbt_0027_f80,DEPOSIT PASSIVATION|CURE PASSIVATION|MEASURE PASSIVATION THICKNESS|OPEN PAD WINDOW|PAD WINDOW LITHO|DEVELOP PHOTORESIST|PASSIVATION ETCH|STRIP RESIST|CLEAN PAD OPENING|MEASURE PAD OPENING|BACKSIDE GRIND|MEASURE THICKNESS|BACKSIDE ETCH CLEAN|BACKSIDE RINSE|BACKSIDE DRY|BACKSIDE METALLIZATION PREP|DEPOSIT BACKSIDE METAL|BACKSIDE ANNEAL|MEASURE BACKSIDE CONTACT|FINAL CLEAN|ELECTRICAL PARAMETRIC TEST|LEAKAGE TEST|BREAKDOWN VOLTAGE TEST|SWITCHING TEST|YIELD ANALYSIS|WAFER SORT TEST|LOT|LOT|TEST|COAT TEST|ELECTRICAL ANALYSIS|SWITCHING TEST|WAFER SORT TEST|YIELD ANALYSIS|LOT|WAFER SORT TEST|LOT|ELECTRICAL ANALYSIS|WAFER SORT TEST|SWITCHING TEST|WAFER SORT TEST|YIELD ANALYSIS|LOT RELEASE|PACKAGE PREPARATION|COAT TEST|COAT TEST|COAT TEST|RAPID EXPOSE LITHO|WAFER SORT TEST|DEVELOP TEST|VIA|STRIP ANALYSIS|CLEAN YIELD ANALYSIS|WAFER SORT TEST|LOT LOT LOT LOT LOT|COAT TEST|COAT TEST|DENSIFY TEST|DEVELOP ANALYSIS
valid_igbt_0028_f60,MEASURE PLANARITY|SPIN COAT PHOTORESIST|SOFT BAKE|ALIGN MASK LEVEL 5|EXPOSE LITHO LEVEL 5|DEVELOP PHOTORESIST|VIA INSPECTION|VIA ETCH|STRIP RESIST|CLEAN AFTER VIA ETCH|DEPOSIT BARRIER METAL|DEPOSIT METAL SEED|FILL VIA METAL|CMP METAL|DEPOSIT TOP METAL|ANNEAL METAL|SPIN COAT PHOTORESIST|SOFT BAKE|ALIGN MASK LEVEL 6|EXPOSE LITHO LEVEL 6|DEVELOP PHOTORESIST|METAL PATTERN INSPECTION|METAL ETCH DRY|STRIP RESIST|CLEAN AFTER METAL ETCH|MEASURE LINE WIDTH|DEPOSIT PASSIVATION|CURE PASSIVATION|MEASURE PASSIVATION THICKNESS|OPEN PAD WINDOW|PAD WINDOW LITHO|DEVELOP PHOTORESIST|PASSIVATION ETCH|STRIP RESIST|CLEAN PAD OPENING|MEASURE PAD OPENING|BACKSIDE GRIND|MEASURE THICKNESS|BACKSIDE ETCH CLEAN|BACKSIDE RINSE|BACKSIDE DRY|BACKSIDE METALLIZATION PREP|DEPOSIT BACKSIDE METAL|BACKSIDE ANNEAL|MEASURE BACKSIDE CONTACT|FINAL CLEAN|FINAL THICKNESS MEASURE|FINAL GEOMETRY CHECK|FINAL PARTICLE INSPECTION|YIELD ANALYSIS|WAFER SORT TEST|LOT|THICKNESS MEASURE|PARTICLE INSPECTION|WAFER SORT TEST|YIELD ANALYSIS|LOT|WAFER SORT TEST|LOT|ELECTRICAL PARAMETRIC TEST|SWITCHING TEST|WAFER SORT TEST|YIELD ANALYSIS|LOT|LOT|WAFER SORT TEST|ELECTRICAL ANALYSIS|SWITCHING TEST|WAFER SORT TEST|YIELD ANALYSIS|LOT LOT LOT LOT RELEASE|PACKAGE PREPARATION|COAT TEST|COAT TEST|COAT TEST|DEVELOP TEST|YIELD ANALYSIS|WAFER SORT TEST|STRIP RESIST|CLEAN YIELD ANALYSIS|LOT RELEASE|SHIP LOT
valid_igbt_0028_f80,DEPOSIT PASSIVATION|CURE PASSIVATION|MEASURE PASSIVATION THICKNESS|OPEN PAD WINDOW|PAD WINDOW LITHO|DEVELOP PHOTORESIST|METAL ETCH|STRIP RESIST|CLEAN PAD OPENING|MEASURE PAD OPENING|BACKSIDE GRIND|MEASURE THICKNESS|BACKSIDE ETCH CLEAN|BACKSIDE RINSE|BACKSIDE DRY|BACKSIDE METALLIZATION PREP|DEPOSIT BACKSIDE METAL|BACKSIDE ANNEAL|MEASURE BACKSIDE CONTACT|FINAL CLEAN|FINAL THICKNESS MEASURE|ELECTRICAL PARAMETRIC TEST|LEAKAGE TEST|BREAKDOWN VOLTAGE TEST|SWITCHING TEST|YIELD ANALYSIS|WAFER SORT TEST|LOT|LOT|TEST|COAT TEST|COAT TEST|SWITCHING TEST|WAFER SORT TEST|YIELD ANALYSIS|LOT|WAFER SORT TEST|ELECTRICAL ANALYSIS|WAFER SORT TEST|DEVELOP TEST|PASSIVATION TEST|PASSIVATION TEST|STRIP RESIST|CLEAN YIELD ANALYSIS|LOT LOT LOT RELEASE|PACKAGE PREPARATION|SHIP LOT
valid_igbt_0029_f60,SPIN COAT PHOTORESIST|SOFT BAKE|ALIGN MASK LEVEL 5|EXPOSE LITHO LEVEL 5|DEVELOP PHOTORESIST|METAL INSPECTION|VIA ETCH|STRIP RESIST|CLEAN AFTER VIA ETCH|DEPOSIT BARRIER METAL|DEPOSIT METAL SEED|FILL VIA METAL|CMP METAL|DEPOSIT TOP METAL|ANNEAL METAL|SPIN COAT PHOTORESIST|SOFT BAKE|ALIGN MASK LEVEL 6|EXPOSE LITHO LEVEL 6|DEVELOP PHOTORESIST|METAL PATTERN INSPECTION|METAL ETCH DRY|STRIP RESIST|CLEAN AFTER METAL ETCH|MEASURE LINE WIDTH|DEPOSIT PASSIVATION|CURE PASSIVATION|MEASURE PASSIVATION THICKNESS|OPEN PAD WINDOW|PAD WINDOW LITHO|DEVELOP PHOTORESIST|PASSIVATION ETCH|STRIP RESIST|CLEAN PAD OPENING|MEASURE PAD OPENING|BACKSIDE GRIND|MEASURE THICKNESS|BACKSIDE ETCH CLEAN|BACKSIDE RINSE|BACKSIDE DRY|BACKSIDE METALLIZATION PREP|DEPOSIT BACKSIDE METAL|BACKSIDE ANNEAL|MEASURE BACKSIDE CONTACT|FINAL CLEAN|FINAL THICKNESS MEASURE|FINAL GEOMETRY CHECK|FINAL PARTICLE INSPECTION|YIELD ANALYSIS|WAFER SORT TEST|LOT|PARTICLE INSPECTION|WAFER SORT TEST|YIELD ANALYSIS|LOT RELEASE|PACKAGE PREPARATION|PACKAGE PREPARATION|ELECTRICAL PARAMETRIC TEST|SWITCHING TEST|WAFER SORT TEST|YIELD ANALYSIS|LOT|WAFER SORT TEST|LOT|COAT TEST|COAT TEST|COAT TEST|WAFER SORT TEST|YIELD ANALYSIS|LOT RELEASE|PACKAGE PREPARATION|SHIP LOT
valid_igbt_0029_f80,CURE PASSIVATION|MEASURE PASSIVATION THICKNESS|OPEN PAD WINDOW|PAD WINDOW LITHO|DEVELOP PHOTORESIST|PASSIVATION ETCH|STRIP RESIST|CLEAN PAD OPENING|MEASURE PAD OPENING|BACKSIDE GRIND|MEASURE THICKNESS|BACKSIDE ETCH CLEAN|BACKSIDE RINSE|BACKSIDE DRY|BACKSIDE METALLIZATION PREP|DEPOSIT BACKSIDE METAL|BACKSIDE ANNEAL|MEASURE BACKSIDE CONTACT|FINAL CLEAN|FINAL THICKNESS MEASURE|FINAL PARTICLE INSPECTION|YIELD ANALYSIS|WAFER SORT TEST|LOT|WAFER SORT TEST|YIELD ANALYSIS|LOT|WAFER SORT TEST|PARTICLE INSPECTION|WAFER SORT TEST|YIELD ANALYSIS|LOT|WAFER SORT TEST|LOT|ELECTRICAL PARAMETRIC TEST|WAFER SORT TEST|YIELD ANALYSIS|LOT RELEASE|PACKAGE PREPARATION|PACKAGE PREPARATION|COAT TEST|COAT TEST|COAT TEST|WAFER SORT TEST|YIELD ANALYSIS|LOT LOT LOT LOT RELEASE|SHIP LOT
valid_igbt_0030_f60,MEASURE PLANARITY|SPIN COAT PHOTORESIST|SOFT BAKE|ALIGN MASK LEVEL 5|EXPOSE LITHO LEVEL 5|DEVELOP PHOTORESIST|VIA INSPECTION|VIA ETCH|STRIP RESIST|CLEAN AFTER VIA ETCH|DEPOSIT BARRIER METAL|DEPOSIT METAL SEED|FILL VIA METAL|CMP METAL|MEASURE VIA RESISTANCE|DEPOSIT TOP METAL|ANNEAL METAL|SPIN COAT PHOTORESIST|SOFT BAKE|ALIGN MASK LEVEL 6|EXPOSE LITHO LEVEL 6|DEVELOP PHOTORESIST|METAL PATTERN INSPECTION|METAL ETCH DRY|STRIP PHOTORESIST|CLEAN AFTER METAL ETCH|MEASURE LINE WIDTH|DEPOSIT PASSIVATION|CURE PASSIVATION|MEASURE PASSIVATION THICKNESS|OPEN PAD WINDOW|PAD WINDOW LITHO|DEVELOP PHOTORESIST|PASSIVATION ETCH|STRIP RESIST|CLEAN PAD OPENING|MEASURE PAD OPENING|BACKSIDE GRIND|MEASURE THICKNESS|BACKSIDE ETCH CLEAN|BACKSIDE RINSE|BACKSIDE DRY|BACKSIDE METALLIZATION PREP|DEPOSIT BACKSIDE METAL|BACKSIDE ANNEAL|MEASURE BACKSIDE CONTACT|FINAL CLEAN|FINAL THICKNESS MEASURE|FINAL GEOMETRY CHECK|YIELD ANALYSIS|WAFER SORT TEST|LOT|WAFER SORT TEST|YIELD ANALYSIS|LOT|WAFER SORT TEST|WAFER SORT TEST|LOT|YIELD ANALYSIS|LOT|WAFER SORT TEST|ELECTRICAL TEST|WAFER SORT TEST|LOT|YIELD ANALYSIS|WAFER SORT TEST|LOT|LOT|COAT TEST|COAT TEST|COAT TEST|SWITCHING TEST|WAFER SORT TEST|YIELD ANALYSIS|LOT LOT LOT LOT RELEASE|SHIP LOT
valid_igbt_0030_f80,CURE PASSIVATION|MEASURE PASSIVATION THICKNESS|OPEN PAD WINDOW|PAD WINDOW LITHO|DEVELOP PHOTORESIST|PASSIVATION ETCH|STRIP RESIST|CLEAN PAD OPENING|MEASURE PAD OPENING|BACKSIDE GRIND|MEASURE THICKNESS|BACKSIDE ETCH CLEAN|BACKSIDE RINSE|BACKSIDE DRY|BACKSIDE METALLIZATION PREP|DEPOSIT BACKSIDE METAL|BACKSIDE ANNEAL|MEASURE BACKSIDE CONTACT|FINAL CLEAN|FINAL THICKNESS MEASURE|ELECTRICAL PARAMETRIC TEST|LEAKAGE TEST|BREAKDOWN VOLTAGE TEST|SWITCHING TEST|YIELD ANALYSIS|WAFER SORT TEST|LOT|LOT|COAT TEST|COAT TEST|ELECTRICAL ANALYSIS|SWITCHING TEST|WAFER SORT TEST|YIELD ANALYSIS|LOT|WAFER SORT TEST|ELECTRICAL ANALYSIS|SWITCHING TEST|WAFER SORT TEST|YIELD ANALYSIS|LOT LOT LOT LOT RELEASE|COAT TEST|COAT TEST|COAT TEST|COAT TEST|WAFER SORT TEST|YIELD ANALYSIS|LOT LOT LOT RELEASE|PACKAGE PREPARATION|SHIP LOT
valid_igbt_0031_f60,SPIN COAT PHOTORESIST|SOFT BAKE|ALIGN MASK LEVEL 5|EXPOSE LITHO LEVEL 5|DEVELOP PHOTORESIST|VIA INSPECTION|VIA ETCH|STRIP RESIST|CLEAN AFTER VIA ETCH|DEPOSIT BARRIER METAL|DEPOSIT METAL SEED|FILL VIA METAL|CMP METAL|DEPOSIT METAL 1|ANNEAL METAL|SPIN COAT PHOTORESIST|SOFT BAKE|ALIGN MASK LEVEL 6|EXPOSE LITHO LEVEL 6|DEVELOP PHOTORESIST|METAL PATTERN INSPECTION|METAL ETCH DRY|STRIP RESIST|CLEAN AFTER METAL ETCH|MEASURE LINE WIDTH|DEPOSIT PASSIVATION|CURE PASSIVATION|MEASURE PASSIVATION THICKNESS|OPEN PAD WINDOW|PAD WINDOW LITHO|DEVELOP PHOTORESIST|METAL ETCH|STRIP RESIST|CLEAN PAD OPENING|MEASURE PAD OPENING|BACKSIDE GRIND|MEASURE THICKNESS|BACKSIDE ETCH CLEAN|BACKSIDE RINSE|BACKSIDE DRY|BACKSIDE METALLIZATION PREP|DEPOSIT BACKSIDE METAL|BACKSIDE ANNEAL|MEASURE BACKSIDE CONTACT|FINAL CLEAN|FINAL THICKNESS MEASURE|FINAL GEOMETRY CHECK|FINAL PARTICLE INSPECTION|YIELD ANALYSIS|WAFER SORT TEST|LOT|PARTICLE INSPECTION|WAFER SORT TEST|YIELD ANALYSIS|LOT RELEASE|PACKAGE PREPARATION|PACKAGE PREPARATION|COAT TEST|ELECTRICAL PARAMETRIC TEST|SWITCHING TEST|WAFER SORT TEST|YIELD ANALYSIS|LOT|WAFER SORT TEST|LOT LOT LOT LOT|COAT TEST|COAT TEST|COAT TEST|WAFER SORT TEST|YIELD ANALYSIS|LOT LOT RELEASE|SHIP LOT
valid_igbt_0031_f80,CURE PASSIVATION|MEASURE PASSIVATION THICKNESS|OPEN PAD WINDOW|PAD WINDOW LITHO|DEVELOP PHOTORESIST|PASSIVATION ETCH|STRIP RESIST|CLEAN PAD OPENING|MEASURE PAD OPENING|BACKSIDE GRIND|MEASURE THICKNESS|BACKSIDE ETCH CLEAN|BACKSIDE RINSE|BACKSIDE DRY|BACKSIDE METALLIZATION PREP|DEPOSIT BACKSIDE METAL|BACKSIDE ANNEAL|MEASURE BACKSIDE CONTACT|FINAL CLEAN|FINAL THICKNESS MEASURE|ELECTRICAL PARAMETRIC TEST|LEAKAGE TEST|BREAKDOWN VOLTAGE TEST|SWITCHING TEST|YIELD ANALYSIS|WAFER SORT TEST|LOT|LOT|TEST|COAT TEST|COAT|COAT TEST|SWITCHING TEST|WAFER SORT TEST|YIELD ANALYSIS|LOT|WAFER SORT TEST|LOT|ELECTRICAL ANALYSIS|WAFER SORT TEST|DEVELOP TEST|PASSIVATION TEST|WAFER SORT TEST|STRIP RESIST|CLEAN YIELD ANALYSIS|LOT LOT LOT LOT LOT|COAT TEST|COAT TEST|COAT TEST|WAFER SORT TEST|YIELD ANALYSIS|LOT LOT LOT LOT|WAFER SORT TEST|ELECTRICAL YIELD ANALYSIS|WAFER SORT TEST|LOT LOT LOT LOT LOT|CMP DIELECTRIC BAKE|COAT SORT TEST|YIELD ANALYSIS
valid_igbt_0032_f60,DENSIFY DIELECTRIC|MEASURE DIELECTRIC THICKNESS|DEPOSIT INTERLAYER DIELECTRIC|DENSIFY DIELECTRIC|MEASURE DIELECTRIC THICKNESS|SPIN COAT PHOTORESIST|SOFT BAKE|ALIGN MASK LEVEL 5|EXPOSE LITHO LEVEL 5|DEVELOP PHOTORESIST|METAL INSPECTION|VIA INSPECTION|VIA ETCH|STRIP RESIST|CLEAN AFTER VIA ETCH|DEPOSIT BARRIER METAL|DEPOSIT METAL SEED|FILL VIA METAL|CMP METAL|MEASURE VIA RESISTANCE|DEPOSIT TOP METAL|ANNEAL METAL|SPIN COAT PHOTORESIST|SOFT BAKE|ALIGN MASK LEVEL 6|EXPOSE LITHO LEVEL 6|DEVELOP PHOTORESIST|METAL PATTERN INSPECTION|METAL ETCH DRY|STRIP PHOTORESIST|CLEAN AFTER METAL ETCH|MEASURE LINE WIDTH|DEPOSIT PASSIVATION|CURE PASSIVATION|MEASURE PASSIVATION THICKNESS|OPEN PAD WINDOW|PAD WINDOW LITHO|DEVELOP PHOTORESIST|PASSIVATION ETCH|STRIP RESIST|CLEAN PAD OPENING|MEASURE PAD OPENING|BACKSIDE GRIND|MEASURE THICKNESS|BACKSIDE ETCH CLEAN|BACKSIDE RINSE|BACKSIDE DRY|BACKSIDE METALLIZATION PREP|DEPOSIT BACKSIDE METAL|BACKSIDE ANNEAL|MEASURE BACKSIDE CONTACT|FINAL CLEAN|FINAL THICKNESS MEASURE|FINAL PARTICLE INSPECTION|ELECTRICAL PARAMETRIC TEST|LEAKAGE TEST|BREAKDOWN VOLTAGE TEST|SWITCHING TEST|YIELD ANALYSIS|WAFER SORT TEST|LOT|LOT|COAT|TEST|ELECTRICAL PARAMETRIC TEST|SWITCHING TEST|WAFER SORT TEST|YIELD ANALYSIS|LOT|WAFER SORT TEST|LOT|ELECTRICAL ANALYSIS|WAFER SORT TEST|SWITCHING TEST|WAFER SORT TEST|YIELD ANALYSIS|LOT LOT LOT LOT RELEASE|COAT TEST|SHIP LOT
valid_igbt_0032_f80,DEPOSIT PASSIVATION|CURE PASSIVATION|MEASURE PASSIVATION THICKNESS|OPEN PAD WINDOW|PAD WINDOW LITHO|DEVELOP PHOTORESIST|PASSIVATION ETCH|STRIP RESIST|CLEAN PAD OPENING|MEASURE PAD OPENING|BACKSIDE GRIND|MEASURE THICKNESS|BACKSIDE ETCH CLEAN|BACKSIDE RINSE|BACKSIDE DRY|BACKSIDE METALLIZATION PREP|DEPOSIT BACKSIDE METAL|BACKSIDE ANNEAL|MEASURE BACKSIDE CONTACT|FINAL CLEAN|FINAL THICKNESS MEASURE|FINAL GEOMETRY CHECK|FINAL PARTICLE INSPECTION|ELECTRICAL PARAMETRIC TEST|LEAKAGE TEST|BREAKDOWN VOLTAGE TEST|SWITCHING TEST|YIELD ANALYSIS|WAFER SORT TEST|LOT|LOT|COAT TEST|COAT|COAT TEST|SWITCHING TEST|WAFER SORT TEST|YIELD ANALYSIS|LOT|WAFER SORT TEST|LOT|ELECTRICAL ANALYSIS|WAFER SORT TEST|DEVELOP TEST|PASSIVATION TEST|WAFER SORT TEST|STRIP RESIST|CLEAN YIELD ANALYSIS|LOT LOT LOT LOT LOT|COAT TEST|COAT TEST|COAT TEST|WAFER SORT TEST|YIELD ANALYSIS|LOT LOT LOT LOT LOT|WAFER SORT TEST|ELECTRICAL YIELD ANALYSIS|WAFER SORT TEST|LOT LOT|ELECTRICAL YIELD ANALYSIS
valid_igbt_0033_f60,MEASURE PLANARITY|SPIN COAT PHOTORESIST|SOFT BAKE|ALIGN MASK LEVEL 5|EXPOSE LITHO LEVEL 5|DEVELOP PHOTORESIST|VIA INSPECTION|VIA ETCH|STRIP RESIST|CLEAN AFTER VIA ETCH|DEPOSIT BARRIER METAL|DEPOSIT METAL SEED|FILL VIA METAL|CMP METAL|DEPOSIT TOP METAL|ANNEAL METAL|SPIN COAT PHOTORESIST|SOFT BAKE|ALIGN MASK LEVEL 6|EXPOSE LITHO LEVEL 6|DEVELOP PHOTORESIST|METAL PATTERN INSPECTION|METAL ETCH DRY|STRIP RESIST|CLEAN AFTER METAL ETCH|MEASURE LINE WIDTH|DEPOSIT PASSIVATION|CURE PASSIVATION|MEASURE PASSIVATION THICKNESS|OPEN PAD WINDOW|PAD WINDOW LITHO|DEVELOP PHOTORESIST|PASSIVATION ETCH|STRIP RESIST|CLEAN PAD OPENING|MEASURE PAD OPENING|BACKSIDE GRIND|MEASURE THICKNESS|BACKSIDE ETCH CLEAN|BACKSIDE RINSE|BACKSIDE DRY|BACKSIDE METALLIZATION PREP|DEPOSIT BACKSIDE METAL|BACKSIDE ANNEAL|MEASURE BACKSIDE CONTACT|FINAL CLEAN|FINAL THICKNESS MEASURE|FINAL GEOMETRY CHECK|FINAL PARTICLE INSPECTION|YIELD ANALYSIS|WAFER SORT TEST|LOT|WAFER SORT TEST|YIELD ANALYSIS|LOT|WAFER SORT TEST|WAFER SORT TEST|LOT|YIELD ANALYSIS|LOT|WAFER SORT TEST|LOT|ELECTRICAL PARAMETRIC TEST|WAFER SORT TEST|YIELD ANALYSIS|LOT RELEASE|PACKAGE PREPARATION|PACKAGE PREPARATION|COAT TEST|COAT TEST|COAT TEST|WAFER SORT TEST|YIELD ANALYSIS|LOT LOT LOT LOT RELEASE|SHIP LOT
valid_igbt_0033_f80,DEPOSIT PASSIVATION|CURE PASSIVATION|MEASURE PASSIVATION THICKNESS|OPEN PAD WINDOW|PAD WINDOW LITHO|DEVELOP PHOTORESIST|PASSIVATION ETCH|STRIP RESIST|CLEAN PAD OPENING|MEASURE PAD OPENING|BACKSIDE GRIND|MEASURE THICKNESS|BACKSIDE ETCH CLEAN|BACKSIDE RINSE|BACKSIDE DRY|BACKSIDE METALLIZATION PREP|DEPOSIT BACKSIDE METAL|BACKSIDE ANNEAL|MEASURE BACKSIDE CONTACT|FINAL CLEAN|FINAL THICKNESS MEASURE|ELECTRICAL PARAMETRIC TEST|LEAKAGE TEST|BREAKDOWN VOLTAGE TEST|SWITCHING TEST|YIELD ANALYSIS|WAFER SORT TEST|LOT|LOT|COAT TEST|COAT TEST|ELECTRICAL ANALYSIS|SWITCHING TEST|WAFER SORT TEST|YIELD ANALYSIS|LOT|WAFER SORT TEST|ELECTRICAL ANALYSIS|SWITCHING TEST|WAFER SORT TEST|YIELD ANALYSIS|LOT RELEASE|PACKAGE PREPARATION|SHIP LOT
valid_igbt_0034_f60,SPIN COAT PHOTORESIST|SOFT BAKE|ALIGN MASK LEVEL 5|EXPOSE LITHO LEVEL 5|DEVELOP PHOTORESIST|VIA INSPECTION|VIA ETCH|STRIP RESIST|CLEAN AFTER VIA ETCH|DEPOSIT BARRIER METAL|DEPOSIT METAL SEED|FILL VIA METAL|CMP METAL|DEPOSIT METAL 1|ANNEAL METAL|SPIN COAT PHOTORESIST|SOFT BAKE|ALIGN MASK LEVEL 6|EXPOSE LITHO LEVEL 6|DEVELOP PHOTORESIST|METAL PATTERN INSPECTION|METAL ETCH DRY|STRIP RESIST|CLEAN AFTER METAL ETCH|MEASURE LINE WIDTH|DEPOSIT PASSIVATION|CURE PASSIVATION|MEASURE PASSIVATION THICKNESS|OPEN PAD WINDOW|PAD WINDOW LITHO|DEVELOP PHOTORESIST|PASSIVATION ETCH|STRIP RESIST|CLEAN PAD OPENING|MEASURE PAD OPENING|BACKSIDE GRIND|MEASURE THICKNESS|BACKSIDE ETCH CLEAN|BACKSIDE RINSE|BACKSIDE DRY|BACKSIDE METALLIZATION PREP|DEPOSIT BACKSIDE METAL|BACKSIDE ANNEAL|MEASURE BACKSIDE CONTACT|FINAL CLEAN|FINAL THICKNESS MEASURE|FINAL GEOMETRY CHECK|FINAL PARTICLE INSPECTION|YIELD ANALYSIS|WAFER SORT TEST|LOT|WAFER SORT TEST|YIELD ANALYSIS|LOT RELEASE|PACKAGE PREPARATION|COAT TEST|SHIP LOT
valid_igbt_0034_f80,MEASURE PASSIVATION THICKNESS|OPEN PAD WINDOW|PAD WINDOW LITHO|DEVELOP PHOTORESIST|PASSIVATION ETCH|STRIP RESIST|CLEAN PAD OPENING|MEASURE PAD OPENING|BACKSIDE GRIND|MEASURE THICKNESS|BACKSIDE ETCH CLEAN|BACKSIDE RINSE|BACKSIDE DRY|BACKSIDE METALLIZATION PREP|DEPOSIT BACKSIDE METAL|BACKSIDE ANNEAL|MEASURE BACKSIDE CONTACT|FINAL CLEAN|FINAL THICKNESS MEASURE|ELECTRICAL PARAMETRIC TEST|LEAKAGE TEST|BREAKDOWN VOLTAGE TEST|SWITCHING TEST|YIELD ANALYSIS|WAFER SORT TEST|LOT|LOT|COAT|COAT PHOTORESIST|ELECTRICAL PARAMETRIC TEST|SWITCHING TEST|WAFER SORT TEST|YIELD ANALYSIS|LOT|WAFER SORT TEST|LOT|ELECTRICAL ANALYSIS|WAFER SORT TEST|SWITCHING TEST|WAFER SORT TEST|YIELD ANALYSIS|LOT RELEASE|PACKAGE PREPARATION|COAT TEST|SHIP LOT
valid_igbt_0035_f60,SPIN COAT PHOTORESIST|SOFT BAKE|ALIGN MASK LEVEL 5|EXPOSE LITHO LEVEL 5|DEVELOP PHOTORESIST|METAL INSPECTION|VIA ETCH|STRIP RESIST|CLEAN AFTER VIA ETCH|DEPOSIT BARRIER METAL|DEPOSIT METAL SEED|FILL VIA METAL|CMP METAL|MEASURE VIA RESISTANCE|DEPOSIT TOP METAL|ANNEAL METAL|SPIN COAT PHOTORESIST|SOFT BAKE|ALIGN MASK LEVEL 6|EXPOSE LITHO LEVEL 6|DEVELOP PHOTORESIST|METAL PATTERN INSPECTION|METAL ETCH DRY|STRIP PHOTORESIST|CLEAN AFTER METAL ETCH|DEPOSIT PASSIVATION|CURE PASSIVATION|MEASURE PASSIVATION THICKNESS|OPEN PAD WINDOW|PAD WINDOW LITHO|DEVELOP PHOTORESIST|PASSIVATION ETCH|STRIP RESIST|CLEAN PAD OPENING|MEASURE PAD OPENING|BACKSIDE GRIND|MEASURE THICKNESS|BACKSIDE ETCH CLEAN|BACKSIDE RINSE|BACKSIDE DRY|BACKSIDE METALLIZATION PREP|DEPOSIT BACKSIDE METAL|BACKSIDE ANNEAL|MEASURE BACKSIDE CONTACT|FINAL CLEAN|FINAL THICKNESS MEASURE|FINAL GEOMETRY CHECK|ELECTRICAL PARAMETRIC TEST|LEAKAGE TEST|BREAKDOWN VOLTAGE TEST|SWITCHING TEST|YIELD ANALYSIS|WAFER SORT TEST|LOT|LOT|COAT TEST|COAT TEST|COAT TEST|SWITCHING TEST|WAFER SORT TEST|YIELD ANALYSIS|LOT RELEASE|PACKAGE PREPARATION|SHIP LOT
valid_igbt_0035_f80,CURE PASSIVATION|MEASURE PASSIVATION THICKNESS|OPEN PAD WINDOW|PAD WINDOW LITHO|DEVELOP PHOTORESIST|METAL PATTERN INSPECTION|HARD BAKE|METAL ETCH PAD OPENING|STRIP PHOTORESIST|CLEAN PAD OPENING|MEASURE PAD OPENING|BACKSIDE GRIND|MEASURE THICKNESS|BACKSIDE ETCH CLEAN|BACKSIDE RINSE|BACKSIDE DRY|BACKSIDE METALLIZATION PREP|DEPOSIT BACKSIDE METAL|BACKSIDE ANNEAL|MEASURE BACKSIDE CONTACT|YIELD ANALYSIS|WAFER SORT TEST|WAFER SORT TEST|YIELD ANALYSIS|LOT|WAFER SORT TEST|WAFER SORT TEST|LOT|YIELD ANALYSIS|LOT|WAFER SORT TEST|LOT|ELECTRICAL PARAMETRIC TEST|WAFER SORT TEST|YIELD ANALYSIS|LOT RELEASE|PACKAGE PREPARATION|PACKAGE PREPARATION|COAT TEST|COAT TEST|COAT TEST|DEVELOP TEST|PASSIVATION TEST|STRIP RESIST|CLEAN YIELD ANALYSIS|LOT RELEASE|PACKAGE PREPARATION|SHIP LOT
valid_igbt_0036_f60,MEASURE PLANARITY|SPIN COAT PHOTORESIST|SOFT BAKE|ALIGN MASK LEVEL 5|EXPOSE LITHO LEVEL 5|DEVELOP PHOTORESIST|VIA INSPECTION|VIA ETCH|STRIP RESIST|CLEAN AFTER VIA ETCH|DEPOSIT BARRIER METAL|DEPOSIT METAL SEED|FILL VIA METAL|CMP METAL|DEPOSIT METAL 1|ANNEAL METAL|SPIN COAT PHOTORESIST|SOFT BAKE|ALIGN MASK LEVEL 6|EXPOSE LITHO LEVEL 6|DEVELOP PHOTORESIST|METAL PATTERN INSPECTION|METAL ETCH DRY|STRIP RESIST|CLEAN AFTER METAL ETCH|MEASURE LINE WIDTH|DEPOSIT PASSIVATION|CURE PASSIVATION|MEASURE PASSIVATION THICKNESS|OPEN PAD WINDOW|PAD WINDOW LITHO|DEVELOP PHOTORESIST|PASSIVATION ETCH|STRIP RESIST|CLEAN PAD OPENING|MEASURE PAD OPENING|BACKSIDE GRIND|MEASURE THICKNESS|BACKSIDE ETCH CLEAN|BACKSIDE RINSE|BACKSIDE DRY|BACKSIDE METALLIZATION PREP|DEPOSIT BACKSIDE METAL|BACKSIDE ANNEAL|MEASURE BACKSIDE CONTACT|FINAL CLEAN|FINAL THICKNESS MEASURE|FINAL GEOMETRY CHECK|FINAL PARTICLE INSPECTION|ELECTRICAL PARAMETRIC TEST|LEAKAGE TEST|BREAKDOWN VOLTAGE TEST|SWITCHING TEST|YIELD ANALYSIS|WAFER SORT TEST|LOT|LOT|COAT TEST|COAT TEST|COAT TEST|SWITCHING TEST|WAFER SORT TEST|YIELD ANALYSIS|LOT|WAFER SORT TEST|LOT LOT LOT LOT LOT|COAT TEST|COAT TEST|WAFER SORT TEST|YIELD ANALYSIS|LOT LOT LOT LOT RELEASE|PACKAGE PREPARATION|SHIP LOT
valid_igbt_0036_f80,CURE PASSIVATION|MEASURE PASSIVATION THICKNESS|OPEN PAD WINDOW|PAD WINDOW LITHO|DEVELOP PHOTORESIST|PASSIVATION ETCH|STRIP RESIST|CLEAN PAD OPENING|MEASURE PAD OPENING|BACKSIDE GRIND|MEASURE THICKNESS|BACKSIDE ETCH CLEAN|BACKSIDE RINSE|BACKSIDE DRY|BACKSIDE METALLIZATION PREP|DEPOSIT BACKSIDE METAL|BACKSIDE ANNEAL|MEASURE BACKSIDE CONTACT|FINAL CLEAN|FINAL THICKNESS MEASURE|ELECTRICAL PARAMETRIC TEST|LEAKAGE TEST|BREAKDOWN VOLTAGE TEST|SWITCHING TEST|YIELD ANALYSIS|WAFER SORT TEST|LOT|LOT|COAT TEST|COAT TEST|COAT TEST|SWITCHING TEST|WAFER SORT TEST|YIELD ANALYSIS|LOT RELEASE|PACKAGE PREPARATION|SHIP LOT
valid_igbt_0037_f60,MEASURE PLANARITY|SPIN COAT PHOTORESIST|SOFT BAKE|ALIGN MASK LEVEL 5|EXPOSE LITHO LEVEL 5|DEVELOP PHOTORESIST|VIA INSPECTION|VIA ETCH|STRIP RESIST|CLEAN AFTER VIA ETCH|DEPOSIT BARRIER METAL|DEPOSIT METAL SEED|FILL VIA METAL|CMP METAL|DEPOSIT TOP METAL|ANNEAL METAL|SPIN COAT PHOTORESIST|SOFT BAKE|ALIGN MASK LEVEL 6|EXPOSE LITHO LEVEL 6|DEVELOP PHOTORESIST|METAL PATTERN INSPECTION|METAL ETCH DRY|STRIP RESIST|CLEAN AFTER METAL ETCH|MEASURE LINE WIDTH|DEPOSIT PASSIVATION|CURE PASSIVATION|MEASURE PASSIVATION THICKNESS|OPEN PAD WINDOW|PAD WINDOW LITHO|DEVELOP PHOTORESIST|PASSIVATION ETCH|STRIP RESIST|CLEAN PAD OPENING|MEASURE PAD OPENING|BACKSIDE GRIND|MEASURE THICKNESS|BACKSIDE ETCH CLEAN|BACKSIDE RINSE|BACKSIDE DRY|BACKSIDE METALLIZATION PREP|DEPOSIT BACKSIDE METAL|BACKSIDE ANNEAL|MEASURE BACKSIDE CONTACT|FINAL CLEAN|FINAL THICKNESS MEASURE|FINAL GEOMETRY CHECK|FINAL PARTICLE INSPECTION|YIELD ANALYSIS|WAFER SORT TEST|LOT|PARTICLE INSPECTION|WAFER SORT TEST|YIELD ANALYSIS|LOT RELEASE|PACKAGE PREPARATION|PACKAGE PREPARATION|COAT TEST|ELECTRICAL PARAMETRIC TEST|SWITCHING TEST|WAFER SORT TEST|YIELD ANALYSIS|LOT|WAFER SORT TEST|LOT RELEASE|COAT TEST|COAT TEST|COAT TEST|WAFER SORT TEST|YIELD ANALYSIS|LOT LOT LOT LOT LOT|WAFER SORT TEST|ELECTRICAL YIELD ANALYSIS|LOT LOT LOT LOT|WAFER SORT TEST|ELECTRICAL YIELD ANALYSIS|WAFER SORT TEST|LOT|DIELECTRIC CHECK|WAFER SORT TEST|YIELD ANALYSIS|LOT LOT LOT LOT LOT|WAFER SORT TEST|ELECTRICAL YIELD ANALYSIS|WAFER SORT TEST
valid_igbt_0037_f80,MEASURE PASSIVATION THICKNESS|OPEN PAD WINDOW|PAD WINDOW LITHO|DEVELOP PHOTORESIST|PASSIVATION ETCH|STRIP RESIST|CLEAN PAD OPENING|MEASURE PAD OPENING|BACKSIDE GRIND|MEASURE THICKNESS|BACKSIDE ETCH CLEAN|BACKSIDE RINSE|BACKSIDE DRY|BACKSIDE METALLIZATION PREP|DEPOSIT BACKSIDE METAL|BACKSIDE ANNEAL|MEASURE BACKSIDE CONTACT|FINAL CLEAN|FINAL THICKNESS MEASURE|FINAL PARTICLE INSPECTION|ELECTRICAL PARAMETRIC TEST|LEAKAGE TEST|BREAKDOWN VOLTAGE TEST|SWITCHING TEST|YIELD ANALYSIS|WAFER SORT TEST|LOT|LOT|COAT TEST|COAT TEST|COAT TEST|SWITCHING TEST|WAFER SORT TEST|YIELD ANALYSIS|LOT|LOT|WAFER SORT TEST|ELECTRICAL ANALYSIS|WAFER SORT TEST|DEVELOP TEST|PASSIVATION TEST|WAFER SORT TEST|STRIP RESIST|CLEAN YIELD ANALYSIS|LOT LOT LOT LOT LOT|COAT TEST|COAT TEST|COAT TEST|SWITCHING TEST|WAFER SORT TEST|YIELD ANALYSIS|LOT RELEASE|SHIP LOT
valid_igbt_0038_f60,CMP METAL|MEASURE PLANARITY|SPIN COAT PHOTORESIST|SOFT BAKE|ALIGN MASK LEVEL 5|EXPOSE LITHO LEVEL 5|DEVELOP PHOTORESIST|METAL INSPECTION|VIA ETCH|STRIP RESIST|CLEAN AFTER VIA ETCH|DEPOSIT BARRIER METAL|DEPOSIT METAL SEED|FILL VIA METAL|CMP METAL|MEASURE VIA RESISTANCE|DEPOSIT TOP METAL|ANNEAL METAL|SPIN COAT PHOTORESIST|SOFT BAKE|ALIGN MASK LEVEL 6|EXPOSE LITHO LEVEL 6|DEVELOP PHOTORESIST|METAL PATTERN INSPECTION|METAL ETCH DRY|STRIP PHOTORESIST|CLEAN AFTER METAL ETCH|MEASURE LINE WIDTH|DEPOSIT PASSIVATION|CURE PASSIVATION|MEASURE PASSIVATION THICKNESS|OPEN PAD WINDOW|PAD WINDOW LITHO|DEVELOP PHOTORESIST|PASSIVATION ETCH|STRIP RESIST|CLEAN PAD OPENING|MEASURE PAD OPENING|BACKSIDE GRIND|MEASURE THICKNESS|BACKSIDE ETCH CLEAN|BACKSIDE RINSE|BACKSIDE DRY|BACKSIDE METALLIZATION PREP|DEPOSIT BACKSIDE METAL|BACKSIDE ANNEAL|MEASURE BACKSIDE CONTACT|FINAL CLEAN|FINAL THICKNESS MEASURE|FINAL PARTICLE INSPECTION|ELECTRICAL PARAMETRIC TEST|LEAKAGE TEST|BREAKDOWN VOLTAGE TEST|SWITCHING TEST|YIELD ANALYSIS|WAFER SORT TEST|LOT|LOT|COAT TEST|COAT TEST|COAT TEST|SWITCHING TEST|WAFER SORT TEST|YIELD ANALYSIS|LOT RELEASE|PACKAGE PREPARATION|SHIP LOT
valid_igbt_0038_f80,CURE PASSIVATION|MEASURE PASSIVATION THICKNESS|OPEN PAD WINDOW|PAD WINDOW LITHO|DEVELOP PHOTORESIST|PASSIVATION ETCH|STRIP RESIST|CLEAN PAD OPENING|MEASURE PAD OPENING|BACKSIDE GRIND|MEASURE THICKNESS|BACKSIDE ETCH CLEAN|BACKSIDE RINSE|BACKSIDE DRY|BACKSIDE METALLIZATION PREP|DEPOSIT BACKSIDE METAL|BACKSIDE ANNEAL|MEASURE BACKSIDE CONTACT|FINAL CLEAN|ELECTRICAL PARAMETRIC TEST|LEAKAGE TEST|BREAKDOWN VOLTAGE TEST|SWITCHING TEST|YIELD ANALYSIS|WAFER SORT TEST|LOT|LOT|COAT TEST|COAT TEST|COAT TEST|SWITCHING TEST|WAFER SORT TEST|YIELD ANALYSIS|LOT RELEASE|PACKAGE PREPARATION|SHIP LOT
valid_igbt_0039_f60,SPIN COAT PHOTORESIST|SOFT BAKE|ALIGN MASK LEVEL 5|EXPOSE LITHO LEVEL 5|DEVELOP PHOTORESIST|VIA INSPECTION|VIA ETCH|STRIP RESIST|CLEAN AFTER VIA ETCH|DEPOSIT BARRIER METAL|DEPOSIT METAL SEED|FILL VIA METAL|CMP METAL|DEPOSIT METAL 1|ANNEAL METAL|SPIN COAT PHOTORESIST|SOFT BAKE|ALIGN MASK LEVEL 6|EXPOSE LITHO LEVEL 6|DEVELOP PHOTORESIST|METAL PATTERN INSPECTION|METAL ETCH DRY|STRIP RESIST|CLEAN AFTER METAL ETCH|MEASURE LINE WIDTH|DEPOSIT PASSIVATION|CURE PASSIVATION|MEASURE PASSIVATION THICKNESS|OPEN PAD WINDOW|PAD WINDOW LITHO|DEVELOP PHOTORESIST|PASSIVATION ETCH|STRIP RESIST|CLEAN PAD OPENING|MEASURE PAD OPENING|BACKSIDE GRIND|MEASURE THICKNESS|BACKSIDE ETCH CLEAN|BACKSIDE RINSE|BACKSIDE DRY|BACKSIDE METALLIZATION PREP|DEPOSIT BACKSIDE METAL|BACKSIDE ANNEAL|MEASURE BACKSIDE CONTACT|FINAL CLEAN|FINAL THICKNESS MEASURE|FINAL GEOMETRY CHECK|FINAL PARTICLE INSPECTION|YIELD ANALYSIS|WAFER SORT TEST|LOT|PARTICLE INSPECTION|WAFER SORT TEST|YIELD ANALYSIS|LOT RELEASE|PACKAGE PREPARATION|SHIP LOT
valid_igbt_0039_f80,MEASURE PASSIVATION THICKNESS|OPEN PAD WINDOW|PAD WINDOW LITHO|DEVELOP PHOTORESIST|PASSIVATION ETCH|STRIP RESIST|CLEAN PAD OPENING|MEASURE PAD OPENING|BACKSIDE GRIND|MEASURE THICKNESS|BACKSIDE ETCH CLEAN|BACKSIDE RINSE|BACKSIDE DRY|BACKSIDE METALLIZATION PREP|DEPOSIT BACKSIDE METAL|BACKSIDE ANNEAL|MEASURE BACKSIDE CONTACT|FINAL CLEAN|FINAL THICKNESS MEASURE|ELECTRICAL PARAMETRIC TEST|LEAKAGE TEST|BREAKDOWN VOLTAGE TEST|SWITCHING TEST|YIELD ANALYSIS|WAFER SORT TEST|LOT|LOT|COAT TEST|COAT TEST|COAT PHOTORESIST|SWITCHING TEST|WAFER SORT TEST|YIELD ANALYSIS|LOT RELEASE|PACKAGE PREPARATION|SHIP LOT
valid_igbt_0040_f60,DEPOSIT INTERLAYER DIELECTRIC|DENSIFY DIELECTRIC|MEASURE DIELECTRIC THICKNESS|SPIN COAT PHOTORESIST|SOFT BAKE|ALIGN MASK LEVEL 5|EXPOSE LITHO LEVEL 5|DEVELOP PHOTORESIST|VIA INSPECTION|VIA ETCH|STRIP RESIST|CLEAN AFTER VIA ETCH|DEPOSIT BARRIER METAL|DEPOSIT METAL SEED|FILL VIA METAL|CMP METAL|DEPOSIT TOP METAL|ANNEAL METAL|SPIN COAT PHOTORESIST|SOFT BAKE|ALIGN MASK LEVEL 6|EXPOSE LITHO LEVEL 6|DEVELOP PHOTORESIST|METAL PATTERN INSPECTION|METAL ETCH DRY|STRIP RESIST|CLEAN AFTER METAL ETCH|MEASURE LINE WIDTH|DEPOSIT PASSIVATION|CURE PASSIVATION|MEASURE PASSIVATION THICKNESS|OPEN PAD WINDOW|PAD WINDOW LITHO|DEVELOP PHOTORESIST|PASSIVATION ETCH|STRIP RESIST|CLEAN PAD OPENING|MEASURE PAD OPENING|BACKSIDE GRIND|MEASURE THICKNESS|BACKSIDE ETCH CLEAN|BACKSIDE RINSE|BACKSIDE DRY|BACKSIDE METALLIZATION PREP|DEPOSIT BACKSIDE METAL|BACKSIDE ANNEAL|MEASURE BACKSIDE CONTACT|FINAL CLEAN|FINAL THICKNESS MEASURE|FINAL GEOMETRY CHECK|FINAL PARTICLE INSPECTION|YIELD ANALYSIS|WAFER SORT TEST|LOT|PARTICLE INSPECTION|WAFER SORT TEST|YIELD ANALYSIS|LOT|WAFER SORT TEST|LOT|ELECTRICAL PARAMETRIC TEST|SWITCHING TEST|YIELD ANALYSIS|WAFER SORT TEST|LOT|LOT|COAT TEST|COAT TEST|COAT TEST|BACKSIDE CONTACT|SWITCHING TEST|WAFER SORT TEST|YIELD ANALYSIS|LOT RELEASE|PACKAGE PREPARATION|COAT TEST|WAFER SORT TEST|YIELD ANALYSIS|LOT RELEASE|SHIP LOT
valid_igbt_0040_f80,CURE PASSIVATION|MEASURE PASSIVATION THICKNESS|OPEN PAD WINDOW|PAD WINDOW LITHO|DEVELOP PHOTORESIST|PASSIVATION ETCH|STRIP RESIST|CLEAN PAD OPENING|MEASURE PAD OPENING|BACKSIDE GRIND|MEASURE THICKNESS|BACKSIDE ETCH CLEAN|BACKSIDE RINSE|BACKSIDE DRY|BACKSIDE METALLIZATION PREP|DEPOSIT BACKSIDE METAL|BACKSIDE ANNEAL|MEASURE BACKSIDE CONTACT|FINAL CLEAN|FINAL THICKNESS MEASURE|FINAL PARTICLE INSPECTION|YIELD ANALYSIS|WAFER SORT TEST|LOT|WAFER SORT TEST|YIELD ANALYSIS|LOT|WAFER SORT TEST|STRIP PHOTORESIST|CLEAN|CLEAN|WAFER SORT TEST|YIELD ANALYSIS|LOT|WAFER SORT TEST|LOT|ELECTRICAL PARAMETRIC TEST|SWITCHING TEST|WAFER SORT TEST|YIELD ANALYSIS|LOT RELEASE|PACKAGE PREPARATION|COAT TEST|SHIP LOT
valid_igbt_0041_f60,DENSIFY DIELECTRIC|MEASURE DIELECTRIC THICKNESS|CMP VIA|DEPOSIT INTERLAYER DIELECTRIC|DEPOSIT INTERLAYER DIELECTRIC|FILL VIA|CMP METAL|DEPOSIT INTERLAYER DIELECTRIC|ANNEAL|SPIN COAT PHOTORESIST|SOFT BAKE|ALIGN MASK LEVEL 5|EXPOSE LITHO LEVEL 5|DEVELOP PHOTORESIST|METAL PATTERN INSPECTION|METAL ETCH VIA|STRIP RESIST|CLEAN AFTER VIA ETCH|MEASURE VIA CD|DEPOSIT BARRIER METAL|DEPOSIT METAL SEED|FILL VIA METAL|CMP METAL|MEASURE CONTACT RESISTANCE|DEPOSIT TOP METAL|ANNEAL METAL|SPIN COAT PHOTORESIST|SOFT BAKE|ALIGN MASK LEVEL 6|EXPOSE LITHO LEVEL 6|DEVELOP PHOTORESIST|METAL PATTERN INSPECTION|METAL ETCH DRY|STRIP RESIST|CLEAN AFTER METAL ETCH|DEPOSIT PASSIVATION|CURE PASSIVATION|MEASURE PASSIVATION THICKNESS|OPEN PAD WINDOW|PAD WINDOW LITHO|DEVELOP PHOTORESIST|METAL ETCH|STRIP RESIST|CLEAN PAD OPENING|MEASURE PAD OPENING|BACKSIDE GRIND|MEASURE THICKNESS|BACKSIDE ETCH CLEAN|BACKSIDE RINSE|BACKSIDE DRY|BACKSIDE METALLIZATION PREP|DEPOSIT BACKSIDE METAL|BACKSIDE ANNEAL|MEASURE BACKSIDE CONTACT|FINAL CLEAN|FINAL THICKNESS MEASURE|FINAL PARTICLE INSPECTION|YIELD ANALYSIS|WAFER SORT TEST|LOT|WAFER SORT TEST|YIELD ANALYSIS|LOT|WAFER SORT TEST|WAFER SORT TEST|LOT|YIELD ANALYSIS|LOT|WAFER SORT TEST|LOT|ELECTRICAL PARAMETRIC TEST|WAFER SORT TEST|LOT|YIELD ANALYSIS|WAFER SORT TEST|LOT|LOT|COAT TEST|COAT TEST|COAT TEST|SWITCHING TEST|WAFER SORT TEST|YIELD ANALYSIS|LOT LOT LOT LOT RELEASE|SHIP LOT
valid_igbt_0041_f80,DEPOSIT PASSIVATION|CURE PASSIVATION|MEASURE PASSIVATION THICKNESS|OPEN PAD WINDOW|PAD WINDOW LITHO|DEVELOP PHOTORESIST|PASSIVATION ETCH|STRIP RESIST|CLEAN PAD OPENING|MEASURE PAD OPENING|BACKSIDE GRIND|MEASURE THICKNESS|BACKSIDE ETCH CLEAN|BACKSIDE RINSE|BACKSIDE DRY|BACKSIDE METALLIZATION PREP|DEPOSIT BACKSIDE METAL|BACKSIDE ANNEAL|MEASURE BACKSIDE CONTACT|FINAL CLEAN|FINAL THICKNESS MEASURE|FINAL PARTICLE INSPECTION|YIELD ANALYSIS|WAFER SORT TEST|LOT|WAFER SORT TEST|YIELD ANALYSIS|LOT|WAFER SORT TEST|STRIP RESIST|CLEAN|CLEAN|WAFER SORT TEST|YIELD ANALYSIS|LOT|WAFER SORT TEST|LOT|ELECTRICAL PARAMETRIC TEST|WAFER SORT TEST|YIELD ANALYSIS|LOT RELEASE|PACKAGE PREPARATION|PACKAGE PREPARATION|COAT TEST|COAT TEST|COAT TEST|WAFER SORT TEST|YIELD ANALYSIS|LOT LOT LOT LOT LOT|WAFER SORT TEST|ELECTRICAL YIELD ANALYSIS|WAFER SORT TEST|LOT LOT LOT LOT LOT|WAFER SORT TEST|YIELD ANALYSIS|LOT LOT LOT LOT LOT|WAFER SORT TEST|ELECTRICAL YIELD ANALYSIS|WAFER SORT TEST|LOT
valid_igbt_0042_f60,DEPOSIT INTERLAYER DIELECTRIC|DENSIFY DIELECTRIC|MEASURE DIELECTRIC THICKNESS|SPIN COAT PHOTORESIST|SOFT BAKE|ALIGN MASK LEVEL 5|EXPOSE LITHO LEVEL 5|DEVELOP PHOTORESIST|VIA INSPECTION|VIA ETCH|STRIP RESIST|CLEAN AFTER VIA ETCH|DEPOSIT BARRIER METAL|DEPOSIT METAL SEED|FILL VIA METAL|CMP METAL|MEASURE VIA RESISTANCE|DEPOSIT TOP METAL|ANNEAL METAL|SPIN COAT PHOTORESIST|SOFT BAKE|ALIGN MASK LEVEL 6|EXPOSE LITHO LEVEL 6|DEVELOP PHOTORESIST|METAL PATTERN INSPECTION|METAL ETCH DRY|STRIP PHOTORESIST|CLEAN AFTER METAL ETCH|MEASURE LINE WIDTH|DEPOSIT PASSIVATION|CURE PASSIVATION|MEASURE PASSIVATION THICKNESS|OPEN PAD WINDOW|PAD WINDOW LITHO|DEVELOP PHOTORESIST|PASSIVATION ETCH|STRIP RESIST|CLEAN PAD OPENING|MEASURE PAD OPENING|BACKSIDE GRIND|MEASURE THICKNESS|BACKSIDE ETCH CLEAN|BACKSIDE RINSE|BACKSIDE DRY|BACKSIDE METALLIZATION PREP|DEPOSIT BACKSIDE METAL|BACKSIDE ANNEAL|MEASURE BACKSIDE CONTACT|FINAL CLEAN|FINAL THICKNESS MEASURE|FINAL PARTICLE INSPECTION|ELECTRICAL PARAMETRIC TEST|LEAKAGE TEST|BREAKDOWN VOLTAGE TEST|SWITCHING TEST|YIELD ANALYSIS|WAFER SORT TEST|LOT|LOT|TEST|COAT TEST|ELECTRICAL ANALYSIS|SWITCHING TEST|WAFER SORT TEST|YIELD ANALYSIS|LOT|WAFER SORT TEST|LOT|ELECTRICAL ANALYSIS|WAFER SORT TEST|SWITCHING TEST|WAFER SORT TEST|YIELD ANALYSIS|LOT LOT LOT RELEASE|PACKAGE PREPARATION|COAT TEST|COAT TEST|COAT TEST|RAPID EXPOSE LITHO|DEVELOP SORT TEST|STRIP RESIST|CLEAN YIELD ANALYSIS|LOT LOT LOT RELEASE|SHIP LOT
valid_igbt_0042_f80,CURE PASSIVATION|MEASURE PASSIVATION THICKNESS|OPEN PAD WINDOW|PAD WINDOW LITHO|DEVELOP PHOTORESIST|PASSIVATION ETCH|STRIP RESIST|CLEAN PAD OPENING|MEASURE PAD OPENING|BACKSIDE GRIND|MEASURE THICKNESS|BACKSIDE ETCH CLEAN|BACKSIDE RINSE|BACKSIDE DRY|BACKSIDE METALLIZATION PREP|DEPOSIT BACKSIDE METAL|BACKSIDE ANNEAL|MEASURE BACKSIDE CONTACT|FINAL CLEAN|FINAL THICKNESS MEASURE|FINAL PARTICLE INSPECTION|YIELD ANALYSIS|WAFER SORT TEST|LOT|WAFER SORT TEST|YIELD ANALYSIS|LOT|WAFER SORT TEST|WAFER SORT TEST|LOT|YIELD ANALYSIS|LOT|LOT|WAFER SORT TEST|SWITCHING TEST|LOT|WAFER SORT TEST|YIELD ANALYSIS|LOT RELEASE|PACKAGE PREPARATION|PACKAGE PREPARATION|SHIP LOT
valid_igbt_0043_f60,MEASURE PLANARITY|SPIN COAT PHOTORESIST|SOFT BAKE|ALIGN MASK LEVEL 5|EXPOSE LITHO LEVEL 5|DEVELOP PHOTORESIST|VIA INSPECTION|VIA ETCH|STRIP RESIST|CLEAN AFTER VIA ETCH|DEPOSIT BARRIER METAL|DEPOSIT METAL SEED|FILL VIA METAL|CMP METAL|MEASURE VIA RESISTANCE|DEPOSIT TOP METAL|ANNEAL METAL|SPIN COAT PHOTORESIST|SOFT BAKE|ALIGN MASK LEVEL 6|EXPOSE LITHO LEVEL 6|DEVELOP PHOTORESIST|METAL PATTERN INSPECTION|METAL ETCH DRY|STRIP PHOTORESIST|CLEAN AFTER METAL ETCH|DEPOSIT PASSIVATION|CURE PASSIVATION|MEASURE PASSIVATION THICKNESS|OPEN PAD WINDOW|PAD WINDOW LITHO|DEVELOP PHOTORESIST|PASSIVATION ETCH|STRIP RESIST|CLEAN PAD OPENING|MEASURE PAD OPENING|BACKSIDE GRIND|MEASURE THICKNESS|BACKSIDE ETCH CLEAN|BACKSIDE RINSE|BACKSIDE DRY|BACKSIDE METALLIZATION PREP|DEPOSIT BACKSIDE METAL|BACKSIDE ANNEAL|MEASURE BACKSIDE CONTACT|FINAL CLEAN|FINAL THICKNESS MEASURE|FINAL GEOMETRY CHECK|ELECTRICAL PARAMETRIC TEST|LEAKAGE TEST|BREAKDOWN VOLTAGE TEST|SWITCHING TEST|YIELD ANALYSIS|WAFER SORT TEST|LOT|LOT|COAT TEST|COAT TEST|COAT TEST|SWITCHING TEST|WAFER SORT TEST|YIELD ANALYSIS|LOT RELEASE|PACKAGE PREPARATION|SHIP LOT
valid_igbt_0043_f80,CURE PASSIVATION|MEASURE PASSIVATION THICKNESS|OPEN PAD WINDOW|PAD WINDOW LITHO|DEVELOP PHOTORESIST|PASSIVATION ETCH|STRIP RESIST|CLEAN PAD OPENING|MEASURE PAD OPENING|BACKSIDE GRIND|MEASURE THICKNESS|BACKSIDE ETCH CLEAN|BACKSIDE RINSE|BACKSIDE DRY|BACKSIDE METALLIZATION PREP|DEPOSIT BACKSIDE METAL|BACKSIDE ANNEAL|MEASURE BACKSIDE CONTACT|FINAL CLEAN|FINAL THICKNESS MEASURE|YIELD ANALYSIS|WAFER SORT TEST|LOT|YIELD ANALYSIS|WAFER SORT TEST|LOT|THICKNESS MEASURE|PARTICLE INSPECTION|WAFER SORT TEST|YIELD ANALYSIS|LOT|WAFER SORT TEST|LOT|ELECTRICAL PARAMETRIC TEST|SWITCHING TEST|WAFER SORT TEST|YIELD ANALYSIS|LOT RELEASE|PACKAGE PREPARATION|PACKAGE PREPARATION|COAT TEST|COAT TEST|COAT TEST|LOT LOT LOT LOT|COAT TEST|COAT TEST|WAFER SORT TEST|YIELD ANALYSIS|LOT LOT LOT LOT RELEASE|COAT TEST|SHIP LOT
valid_igbt_0044_f60,ALIGN MASK LEVEL 5|EXPOSE LITHO LEVEL 5|DEVELOP PHOTORESIST|VIA INSPECTION|VIA ETCH|STRIP RESIST|CLEAN AFTER VIA ETCH|DEPOSIT BARRIER METAL|DEPOSIT METAL SEED|FILL VIA METAL|CMP METAL|DEPOSIT METAL 1|ANNEAL METAL|SPIN COAT PHOTORESIST|SOFT BAKE|ALIGN MASK LEVEL 6|EXPOSE LITHO LEVEL 6|DEVELOP PHOTORESIST|METAL PATTERN INSPECTION|METAL ETCH DRY|STRIP RESIST|CLEAN AFTER METAL ETCH|MEASURE LINE WIDTH|DEPOSIT PASSIVATION|CURE PASSIVATION|MEASURE PASSIVATION THICKNESS|OPEN PAD WINDOW|PAD WINDOW LITHO|DEVELOP PHOTORESIST|PASSIVATION ETCH|STRIP RESIST|CLEAN PAD OPENING|MEASURE PAD OPENING|BACKSIDE GRIND|MEASURE THICKNESS|BACKSIDE ETCH CLEAN|BACKSIDE RINSE|BACKSIDE DRY|BACKSIDE METALLIZATION PREP|DEPOSIT BACKSIDE METAL|BACKSIDE ANNEAL|MEASURE BACKSIDE CONTACT|FINAL CLEAN|FINAL THICKNESS MEASURE|FINAL GEOMETRY CHECK|FINAL PARTICLE INSPECTION|YIELD ANALYSIS|WAFER SORT TEST|LOT|PARTICLE INSPECTION|WAFER SORT TEST|YIELD ANALYSIS|LOT RELEASE|PACKAGE PREPARATION|PACKAGE PREPARATION|COAT TEST|ELECTRICAL PARAMETRIC TEST|SWITCHING TEST|WAFER SORT TEST|YIELD ANALYSIS|LOT|WAFER SORT TEST|LOT RELEASE|COAT TEST|COAT TEST|COAT TEST|WAFER SORT TEST|YIELD ANALYSIS|LOT LOT LOT LOT LOT|WAFER SORT TEST|ELECTRICAL YIELD ANALYSIS|LOT LOT LOT LOT|WAFER SORT TEST|ELECTRICAL YIELD ANALYSIS|WAFER SORT TEST|LOT|DIELECTRIC CHECK|WAFER SORT TEST|YIELD ANALYSIS|LOT LOT LOT LOT LOT|WAFER SORT TEST|ELECTRICAL YIELD ANALYSIS|WAFER SORT TEST|LOT LOT|DENSIFY TEST|DENSIFY TEST|DENSIFY TEST|DENSIFY TEST
valid_igbt_0044_f80,CURE PASSIVATION|MEASURE PASSIVATION THICKNESS|OPEN PAD WINDOW|PAD WINDOW LITHO|DEVELOP PHOTORESIST|METAL PATTERN INSPECTION|METAL ETCH|STRIP RESIST|CLEAN PAD OPENING|MEASURE PAD OPENING|BACKSIDE GRIND|MEASURE THICKNESS|BACKSIDE ETCH CLEAN|BACKSIDE RINSE|BACKSIDE DRY|BACKSIDE METALLIZATION PREP|DEPOSIT BACKSIDE METAL|BACKSIDE ANNEAL|MEASURE BACKSIDE CONTACT|FINAL CLEAN|YIELD ANALYSIS|WAFER SORT TEST|WAFER SORT TEST|YIELD ANALYSIS|LOT|WAFER SORT TEST|PARTICLE INSPECTION|WAFER SORT TEST|YIELD ANALYSIS|LOT|WAFER SORT TEST|LOT|ELECTRICAL PARAMETRIC TEST|WAFER SORT TEST|YIELD ANALYSIS|LOT RELEASE|PACKAGE PREPARATION|PACKAGE PREPARATION|COAT TEST|COAT TEST|COAT TEST|DEVELOP TEST|PASSIVATION TEST|STRIP RESIST|CLEAN YIELD ANALYSIS|LOT RELEASE|PACKAGE PREPARATION|SHIP LOT
valid_igbt_0045_f60,SPIN COAT PHOTORESIST|SOFT BAKE|ALIGN MASK LEVEL 5|EXPOSE LITHO LEVEL 5|DEVELOP PHOTORESIST|VIA INSPECTION|VIA ETCH|STRIP RESIST|CLEAN AFTER VIA ETCH|DEPOSIT BARRIER METAL|DEPOSIT METAL SEED|FILL VIA METAL|CMP METAL|MEASURE VIA RESISTANCE|DEPOSIT TOP METAL|ANNEAL METAL|SPIN COAT PHOTORESIST|SOFT BAKE|ALIGN MASK LEVEL 6|EXPOSE LITHO LEVEL 6|DEVELOP PHOTORESIST|METAL PATTERN INSPECTION|METAL ETCH DRY|STRIP RESIST|CLEAN AFTER METAL ETCH|MEASURE LINE WIDTH|DEPOSIT PASSIVATION|CURE PASSIVATION|MEASURE PASSIVATION THICKNESS|OPEN PAD WINDOW|PAD WINDOW LITHO|DEVELOP PHOTORESIST|PASSIVATION ETCH|STRIP RESIST|CLEAN PAD OPENING|MEASURE PAD OPENING|BACKSIDE GRIND|MEASURE THICKNESS|BACKSIDE ETCH CLEAN|BACKSIDE RINSE|BACKSIDE DRY|BACKSIDE METALLIZATION PREP|DEPOSIT BACKSIDE METAL|BACKSIDE ANNEAL|MEASURE BACKSIDE CONTACT|FINAL CLEAN|FINAL THICKNESS MEASURE|FINAL GEOMETRY CHECK|FINAL PARTICLE INSPECTION|YIELD ANALYSIS|WAFER SORT TEST|LOT|PARTICLE INSPECTION|WAFER SORT TEST|YIELD ANALYSIS|LOT|WAFER SORT TEST|LOT|ELECTRICAL PARAMETRIC TEST|SWITCHING TEST|YIELD ANALYSIS|WAFER SORT TEST|LOT|LOT|COAT TEST|COAT TEST|COAT TEST|BACKSIDE CONTACT|SWITCHING TEST|WAFER SORT TEST|YIELD ANALYSIS|LOT RELEASE|SHIP LOT
valid_igbt_0045_f80,MEASURE PASSIVATION THICKNESS|OPEN PAD WINDOW|PAD WINDOW LITHO|DEVELOP PHOTORESIST|PASSIVATION ETCH|STRIP RESIST|CLEAN PAD OPENING|MEASURE PAD OPENING|BACKSIDE GRIND|MEASURE THICKNESS|BACKSIDE ETCH CLEAN|BACKSIDE RINSE|BACKSIDE DRY|BACKSIDE METALLIZATION PREP|DEPOSIT BACKSIDE METAL|BACKSIDE ANNEAL|MEASURE BACKSIDE CONTACT|FINAL CLEAN|FINAL THICKNESS MEASURE|YIELD ANALYSIS|WAFER SORT TEST|LOT|YIELD ANALYSIS|WAFER SORT TEST|LOT|WAFER SORT TEST|YIELD ANALYSIS|LOT|WAFER SORT TEST|LOT|ELECTRICAL PARAMETRIC TEST|WAFER SORT TEST|YIELD ANALYSIS|LOT|WAFER SORT TEST|LOT|COAT TEST|COAT TEST|WAFER SORT TEST|YIELD ANALYSIS|LOT RELEASE|PACKAGE PREPARATION|COAT TEST|COAT TEST|COAT TEST|RAPID EXPOSE BAKE|DEVELOP TEST|PASSIVATION TEST|DIELECTRIC CHECK|DIELECTRIC CHECK|DIELECTRIC CHECK|RAPID EXPOSE LITHO|DEVELOP SORT TEST|VIA|DIELECTRIC CHECK|DIELECTRIC CHECK|DIELECTRIC CHECK|DEVELOP SORT TEST|VIA|DIELECTRIC BAKE
valid_igbt_0046_f60,ALIGN MASK LEVEL 5|EXPOSE LITHO LEVEL 5|DEVELOP PHOTORESIST|VIA INSPECTION|VIA ETCH|STRIP RESIST|CLEAN AFTER VIA ETCH|DEPOSIT BARRIER METAL|DEPOSIT METAL SEED|FILL VIA METAL|CMP METAL|DEPOSIT METAL 1|ANNEAL METAL|SPIN COAT PHOTORESIST|SOFT BAKE|ALIGN MASK LEVEL 6|EXPOSE LITHO LEVEL 6|DEVELOP PHOTORESIST|METAL PATTERN INSPECTION|METAL ETCH DRY|STRIP RESIST|CLEAN AFTER METAL ETCH|MEASURE LINE WIDTH|DEPOSIT PASSIVATION|CURE PASSIVATION|MEASURE PASSIVATION THICKNESS|OPEN PAD WINDOW|PAD WINDOW LITHO|DEVELOP PHOTORESIST|PASSIVATION ETCH|STRIP RESIST|CLEAN PAD OPENING|MEASURE PAD OPENING|BACKSIDE GRIND|MEASURE THICKNESS|BACKSIDE ETCH CLEAN|BACKSIDE RINSE|BACKSIDE DRY|BACKSIDE METALLIZATION PREP|DEPOSIT BACKSIDE METAL|BACKSIDE ANNEAL|MEASURE BACKSIDE CONTACT|FINAL CLEAN|FINAL THICKNESS MEASURE|FINAL GEOMETRY CHECK|FINAL PARTICLE INSPECTION|YIELD ANALYSIS|WAFER SORT TEST|LOT|PARTICLE INSPECTION|WAFER SORT TEST|YIELD ANALYSIS|LOT RELEASE|PACKAGE PREPARATION|PACKAGE PREPARATION|COAT TEST|ELECTRICAL PARAMETRIC TEST|SWITCHING TEST|WAFER SORT TEST|YIELD ANALYSIS|LOT|WAFER SORT TEST|LOT LOT LOT LOT|COAT TEST|COAT TEST|COAT TEST|WAFER SORT TEST|YIELD ANALYSIS|LOT LOT RELEASE|SHIP LOT
valid_igbt_0046_f80,CURE PASSIVATION|MEASURE PASSIVATION THICKNESS|OPEN PAD WINDOW|PAD WINDOW LITHO|DEVELOP PHOTORESIST|METAL PATTERN INSPECTION|HARD BAKE|METAL ETCH PAD OPENING|STRIP PHOTORESIST|CLEAN PAD OPENING|MEASURE PAD OPENING|BACKSIDE GRIND|MEASURE THICKNESS|BACKSIDE ETCH CLEAN|BACKSIDE RINSE|BACKSIDE DRY|BACKSIDE METALLIZATION PREP|DEPOSIT BACKSIDE METAL|BACKSIDE ANNEAL|MEASURE BACKSIDE CONTACT|YIELD ANALYSIS|WAFER SORT TEST|LOT|WAFER SORT TEST|YIELD ANALYSIS|LOT|WAFER SORT TEST|WAFER SORT TEST|LOT|YIELD ANALYSIS|LOT|WAFER SORT TEST|LOT|ELECTRICAL PARAMETRIC TEST|WAFER SORT TEST|YIELD ANALYSIS|LOT RELEASE|PACKAGE PREPARATION|PACKAGE PREPARATION|COAT TEST|COAT TEST|COAT TEST|DEVELOP TEST|PASSIVATION TEST|STRIP RESIST|CLEAN YIELD ANALYSIS|LOT RELEASE|PACKAGE PREPARATION|SHIP LOT
valid_igbt_0047_f60,DEPOSIT INTERLAYER DIELECTRIC|DENSIFY DIELECTRIC|MEASURE DIELECTRIC THICKNESS|CMP METAL|MEASURE PLANARITY|SPIN COAT PHOTORESIST|SOFT BAKE|ALIGN MASK LEVEL 5|EXPOSE LITHO LEVEL 5|DEVELOP PHOTORESIST|METAL INSPECTION|VIA ETCH|STRIP RESIST|CLEAN AFTER VIA ETCH|DEPOSIT BARRIER METAL|DEPOSIT METAL SEED|FILL VIA METAL|CMP METAL|MEASURE VIA RESISTANCE|DEPOSIT TOP METAL|ANNEAL METAL|SPIN COAT PHOTORESIST|SOFT BAKE|ALIGN MASK LEVEL 6|EXPOSE LITHO LEVEL 6|DEVELOP PHOTORESIST|METAL PATTERN INSPECTION|METAL ETCH DRY|STRIP RESIST|CLEAN AFTER METAL ETCH|DEPOSIT PASSIVATION|CURE PASSIVATION|MEASURE PASSIVATION THICKNESS|OPEN PAD WINDOW|PAD WINDOW LITHO|DEVELOP PHOTORESIST|PASSIVATION ETCH|STRIP RESIST|CLEAN PAD OPENING|MEASURE PAD OPENING|BACKSIDE GRIND|MEASURE THICKNESS|BACKSIDE ETCH CLEAN|BACKSIDE RINSE|BACKSIDE DRY|BACKSIDE METALLIZATION PREP|DEPOSIT BACKSIDE METAL|BACKSIDE ANNEAL|MEASURE BACKSIDE CONTACT|FINAL CLEAN|FINAL THICKNESS MEASURE|FINAL PARTICLE INSPECTION|YIELD ANALYSIS|WAFER SORT TEST|LOT|WAFER SORT TEST|YIELD ANALYSIS|LOT|WAFER SORT TEST|WAFER SORT TEST|LOT|YIELD ANALYSIS|LOT|WAFER SORT TEST|ELECTRICAL TEST|SWITCHING TEST|WAFER SORT TEST|YIELD ANALYSIS|LOT RELEASE|PACKAGE PREPARATION|PACKAGE PREPARATION|SHIP LOT
valid_igbt_0047_f80,CURE PASSIVATION|MEASURE PASSIVATION THICKNESS|OPEN PAD WINDOW|PAD WINDOW LITHO|DEVELOP PHOTORESIST|PASSIVATION ETCH|STRIP RESIST|CLEAN PAD OPENING|MEASURE PAD OPENING|BACKSIDE GRIND|MEASURE THICKNESS|BACKSIDE ETCH CLEAN|BACKSIDE RINSE|BACKSIDE DRY|BACKSIDE METALLIZATION PREP|DEPOSIT BACKSIDE METAL|BACKSIDE ANNEAL|MEASURE BACKSIDE CONTACT|FINAL CLEAN|FINAL THICKNESS MEASURE|FINAL GEOMETRY CHECK|ELECTRICAL PARAMETRIC TEST|LEAKAGE TEST|BREAKDOWN VOLTAGE TEST|SWITCHING TEST|YIELD ANALYSIS|WAFER SORT TEST|LOT|LOT|COAT TEST|COAT TEST|ELECTRICAL ANALYSIS|SWITCHING TEST|WAFER SORT TEST|YIELD ANALYSIS|LOT RELEASE|PACKAGE PREPARATION|SHIP LOT
valid_igbt_0048_f60,SPIN COAT PHOTORESIST|SOFT BAKE|ALIGN MASK LEVEL 5|EXPOSE LITHO LEVEL 5|DEVELOP PHOTORESIST|VIA INSPECTION|VIA ETCH|STRIP RESIST|CLEAN AFTER VIA ETCH|DEPOSIT BARRIER METAL|DEPOSIT METAL SEED|FILL VIA METAL|CMP METAL|MEASURE VIA RESISTANCE|DEPOSIT TOP METAL|ANNEAL METAL|SPIN COAT PHOTORESIST|SOFT BAKE|ALIGN MASK LEVEL 6|EXPOSE LITHO LEVEL 6|DEVELOP PHOTORESIST|METAL PATTERN INSPECTION|METAL ETCH DRY|STRIP PHOTORESIST|CLEAN AFTER METAL ETCH|MEASURE LINE WIDTH|DEPOSIT PASSIVATION|CURE PASSIVATION|MEASURE PASSIVATION THICKNESS|OPEN PAD WINDOW|PAD WINDOW LITHO|DEVELOP PHOTORESIST|PASSIVATION ETCH|STRIP PHOTORESIST|CLEAN PAD OPENING|MEASURE PAD OPENING|BACKSIDE GRIND|MEASURE THICKNESS|BACKSIDE ETCH CLEAN|BACKSIDE RINSE|BACKSIDE DRY|BACKSIDE METALLIZATION PREP|DEPOSIT BACKSIDE METAL|BACKSIDE ANNEAL|MEASURE BACKSIDE CONTACT|FINAL CLEAN|FINAL THICKNESS MEASURE|FINAL GEOMETRY CHECK|FINAL PARTICLE INSPECTION|YIELD ANALYSIS|WAFER SORT TEST|LOT|PARTICLE INSPECTION|WAFER SORT TEST|YIELD ANALYSIS|LOT|WAFER SORT TEST|LOT|LOT|COAT TEST|SWITCHING TEST|WAFER SORT TEST|YIELD ANALYSIS|LOT|WAFER SORT TEST|LOT|ELECTRICAL TEST|WAFER SORT TEST|LOT|YIELD ANALYSIS|WAFER SORT TEST|LOT RELEASE|COAT TEST|SHIP LOT
valid_igbt_0048_f80,MEASURE PASSIVATION THICKNESS|OPEN PAD WINDOW|PAD WINDOW LITHO|DEVELOP PHOTORESIST|PASSIVATION ETCH|STRIP RESIST|CLEAN PAD OPENING|MEASURE PAD OPENING|BACKSIDE GRIND|MEASURE THICKNESS|BACKSIDE ETCH CLEAN|BACKSIDE RINSE|BACKSIDE DRY|BACKSIDE METALLIZATION PREP|DEPOSIT BACKSIDE METAL|BACKSIDE ANNEAL|MEASURE BACKSIDE CONTACT|FINAL CLEAN|FINAL THICKNESS MEASURE|ELECTRICAL PARAMETRIC TEST|LEAKAGE TEST|BREAKDOWN VOLTAGE TEST|SWITCHING TEST|YIELD ANALYSIS|WAFER SORT TEST|LOT|LOT|TEST|COAT TEST|COAT|ELECTRICAL ANALYSIS|SWITCHING TEST|WAFER SORT TEST|YIELD ANALYSIS|LOT|WAFER SORT TEST|LOT|ELECTRICAL ANALYSIS|WAFER SORT TEST|SWITCHING TEST|WAFER SORT TEST|YIELD ANALYSIS|LOT RELEASE|PACKAGE PREPARATION|COAT TEST|SHIP LOT
valid_igbt_0049_f60,MEASURE DIELECTRIC THICKNESS|CMP METAL|MEASURE PLANARITY|SPIN COAT PHOTORESIST|SOFT BAKE|ALIGN MASK LEVEL 5|EXPOSE LITHO LEVEL 5|DEVELOP PHOTORESIST|VIA INSPECTION|VIA ETCH|STRIP RESIST|CLEAN AFTER VIA ETCH|DEPOSIT BARRIER METAL|DEPOSIT METAL SEED|FILL VIA METAL|CMP METAL|MEASURE VIA RESISTANCE|DEPOSIT TOP METAL|ANNEAL METAL|SPIN COAT PHOTORESIST|SOFT BAKE|ALIGN MASK LEVEL 6|EXPOSE LITHO LEVEL 6|DEVELOP PHOTORESIST|METAL PATTERN INSPECTION|METAL ETCH DRY|STRIP PHOTORESIST|CLEAN AFTER METAL ETCH|MEASURE LINE WIDTH|DEPOSIT PASSIVATION|CURE PASSIVATION|MEASURE PASSIVATION THICKNESS|OPEN PAD WINDOW|PAD WINDOW LITHO|DEVELOP PHOTORESIST|PASSIVATION ETCH|STRIP RESIST|CLEAN PAD OPENING|MEASURE PAD OPENING|BACKSIDE GRIND|MEASURE THICKNESS|BACKSIDE ETCH CLEAN|BACKSIDE RINSE|BACKSIDE DRY|BACKSIDE METALLIZATION PREP|DEPOSIT BACKSIDE METAL|BACKSIDE ANNEAL|MEASURE BACKSIDE CONTACT|FINAL CLEAN|FINAL THICKNESS MEASURE|FINAL GEOMETRY CHECK|FINAL PARTICLE INSPECTION|ELECTRICAL PARAMETRIC TEST|LEAKAGE TEST|BREAKDOWN VOLTAGE TEST|SWITCHING TEST|YIELD ANALYSIS|WAFER SORT TEST|LOT|LOT|COAT TEST|COAT TEST|COAT TEST|SWITCHING TEST|WAFER SORT TEST|YIELD ANALYSIS|LOT|WAFER SORT TEST|LOT LOT LOT LOT LOT|COAT TEST|COAT TEST|WAFER SORT TEST|YIELD ANALYSIS|LOT LOT LOT LOT LOT|WAFER SORT TEST|ELECTRICAL YIELD ANALYSIS|WAFER SORT TEST|LOT LOT|COAT TEST|WAFER SORT TEST|YIELD ANALYSIS|LOT LOT LOT LOT LOT|COAT SORT TEST|ELECTRICAL YIELD ANALYSIS|WAFER SORT TEST|LOT LOT|ELECTRICAL YIELD ANALYSIS|WAFER SORT TEST|LOT LOT LOT
valid_igbt_0049_f80,DEPOSIT PASSIVATION|CURE PASSIVATION|MEASURE PASSIVATION THICKNESS|OPEN PAD WINDOW|PAD WINDOW LITHO|DEVELOP PHOTORESIST|PASSIVATION ETCH|STRIP RESIST|CLEAN PAD OPENING|MEASURE PAD OPENING|BACKSIDE GRIND|MEASURE THICKNESS|BACKSIDE ETCH CLEAN|BACKSIDE RINSE|BACKSIDE DRY|BACKSIDE METALLIZATION PREP|DEPOSIT BACKSIDE METAL|BACKSIDE ANNEAL|MEASURE BACKSIDE CONTACT|FINAL CLEAN|FINAL THICKNESS MEASURE|FINAL PARTICLE INSPECTION|YIELD ANALYSIS|WAFER SORT TEST|LOT|WAFER SORT TEST|YIELD ANALYSIS|LOT|WAFER SORT TEST|WAFER SORT TEST|LOT|YIELD ANALYSIS|LOT|WAFER SORT TEST|ELECTRICAL TEST|SWITCHING TEST|WAFER SORT TEST|YIELD ANALYSIS|LOT RELEASE|PACKAGE PREPARATION|PACKAGE PREPARATION|COAT TEST|COAT TEST|COAT TEST|WAFER SORT TEST|YIELD ANALYSIS|LOT LOT LOT LOT RELEASE|SHIP LOT
valid_igbt_0050_f60,SOFT BAKE|ALIGN MASK LEVEL 5|EXPOSE LITHO LEVEL 5|DEVELOP PHOTORESIST|VIA INSPECTION|VIA ETCH|STRIP RESIST|CLEAN AFTER VIA ETCH|DEPOSIT BARRIER METAL|DEPOSIT METAL SEED|FILL VIA METAL|CMP METAL|MEASURE VIA RESISTANCE|DEPOSIT TOP METAL|ANNEAL METAL|SPIN COAT PHOTORESIST|SOFT BAKE|ALIGN MASK LEVEL 6|EXPOSE LITHO LEVEL 6|DEVELOP PHOTORESIST|METAL PATTERN INSPECTION|METAL ETCH DRY|STRIP RESIST|CLEAN AFTER METAL ETCH|MEASURE LINE WIDTH|DEPOSIT PASSIVATION|CURE PASSIVATION|MEASURE PASSIVATION THICKNESS|OPEN PAD WINDOW|PAD WINDOW LITHO|DEVELOP PHOTORESIST|PASSIVATION ETCH|STRIP RESIST|CLEAN PAD OPENING|MEASURE PAD OPENING|BACKSIDE GRIND|MEASURE THICKNESS|BACKSIDE ETCH CLEAN|BACKSIDE RINSE|BACKSIDE DRY|BACKSIDE METALLIZATION PREP|DEPOSIT BACKSIDE METAL|BACKSIDE ANNEAL|MEASURE BACKSIDE CONTACT|FINAL CLEAN|FINAL THICKNESS MEASURE|FINAL GEOMETRY CHECK|YIELD ANALYSIS|WAFER SORT TEST|LOT|WAFER SORT TEST|YIELD ANALYSIS|LOT|WAFER SORT TEST|WAFER SORT TEST|LOT|YIELD ANALYSIS|LOT|WAFER SORT TEST|ELECTRICAL TEST|WAFER SORT TEST|LOT|YIELD ANALYSIS|WAFER SORT TEST|LOT RELEASE|SHIP LOT
valid_igbt_0050_f80,CURE PASSIVATION|MEASURE PASSIVATION THICKNESS|OPEN PAD WINDOW|PAD WINDOW LITHO|DEVELOP PHOTORESIST|METAL ETCH|STRIP RESIST|CLEAN PAD OPENING|MEASURE PAD OPENING|BACKSIDE GRIND|MEASURE THICKNESS|BACKSIDE ETCH CLEAN|BACKSIDE RINSE|BACKSIDE DRY|BACKSIDE METALLIZATION PREP|DEPOSIT BACKSIDE METAL|BACKSIDE ANNEAL|MEASURE BACKSIDE CONTACT|FINAL CLEAN|FINAL THICKNESS MEASURE|YIELD ANALYSIS|WAFER SORT TEST|LOT|YIELD ANALYSIS|WAFER SORT TEST|LOT|PARTICLE INSPECTION|WAFER SORT TEST|YIELD ANALYSIS|LOT|WAFER SORT TEST|LOT|ELECTRICAL PARAMETRIC TEST|SWITCHING TEST|WAFER SORT TEST|YIELD ANALYSIS|LOT RELEASE|PACKAGE PREPARATION|PACKAGE PREPARATION|SHIP LOT
valid_igbt_0051_f60,SPIN COAT PHOTORESIST|SOFT BAKE|ALIGN MASK LEVEL 5|EXPOSE LITHO LEVEL 5|DEVELOP PHOTORESIST|VIA INSPECTION|VIA ETCH|STRIP RESIST|CLEAN AFTER VIA ETCH|DEPOSIT BARRIER METAL|DEPOSIT METAL SEED|FILL VIA METAL|CMP METAL|MEASURE VIA RESISTANCE|DEPOSIT TOP METAL|ANNEAL METAL|SPIN COAT PHOTORESIST|SOFT BAKE|ALIGN MASK LEVEL 6|EXPOSE LITHO LEVEL 6|DEVELOP PHOTORESIST|METAL PATTERN INSPECTION|METAL ETCH DRY|STRIP RESIST|CLEAN AFTER METAL ETCH|MEASURE LINE WIDTH|DEPOSIT PASSIVATION|CURE PASSIVATION|MEASURE PASSIVATION THICKNESS|OPEN PAD WINDOW|PAD WINDOW LITHO|DEVELOP PHOTORESIST|PASSIVATION ETCH|STRIP RESIST|CLEAN PAD OPENING|MEASURE PAD OPENING|BACKSIDE GRIND|MEASURE THICKNESS|BACKSIDE ETCH CLEAN|BACKSIDE RINSE|BACKSIDE DRY|BACKSIDE METALLIZATION PREP|DEPOSIT BACKSIDE METAL|BACKSIDE ANNEAL|MEASURE BACKSIDE CONTACT|FINAL CLEAN|FINAL THICKNESS MEASURE|FINAL GEOMETRY CHECK|FINAL PARTICLE INSPECTION|YIELD ANALYSIS|WAFER SORT TEST|LOT|PARTICLE INSPECTION|WAFER SORT TEST|YIELD ANALYSIS|LOT|WAFER SORT TEST|LOT|ELECTRICAL PARAMETRIC TEST|SWITCHING TEST|YIELD ANALYSIS|WAFER SORT TEST|LOT|LOT|COAT TEST|COAT TEST|COAT TEST|BACKSIDE CONTACT|SWITCHING TEST|WAFER SORT TEST|YIELD ANALYSIS|LOT RELEASE|SHIP LOT
valid_igbt_0051_f80,DEPOSIT PASSIVATION|CURE PASSIVATION|MEASURE PASSIVATION THICKNESS|OPEN PAD WINDOW|PAD WINDOW LITHO|DEVELOP PHOTORESIST|METAL ETCH|STRIP RESIST|CLEAN PAD OPENING|MEASURE PAD OPENING|BACKSIDE GRIND|MEASURE THICKNESS|BACKSIDE ETCH CLEAN|BACKSIDE RINSE|BACKSIDE DRY|BACKSIDE METALLIZATION PREP|DEPOSIT BACKSIDE METAL|BACKSIDE ANNEAL|MEASURE BACKSIDE CONTACT|FINAL CLEAN|FINAL THICKNESS MEASURE|FINAL PARTICLE INSPECTION|YIELD ANALYSIS|WAFER SORT TEST|LOT|WAFER SORT TEST|YIELD ANALYSIS|LOT|WAFER SORT TEST|LOT|PARTICLE INSPECTION|WAFER SORT TEST|YIELD ANALYSIS|LOT|WAFER SORT TEST|LOT|ELECTRICAL PARAMETRIC TEST|WAFER SORT TEST|YIELD ANALYSIS|LOT RELEASE|PACKAGE PREPARATION|COAT TEST|COAT TEST|COAT TEST|COAT TEST|RAPID EXPOSE BAKE|DEVELOP TEST|PASSIVATION TEST|VIA|DIELECTRIC CHECK|STRIP RESIST|CLEAN YIELD ANALYSIS|LOT LOT LOT LOT LOT|COAT TEST|COAT TEST|COAT TEST|BACKSIDE ANALYSIS|WAFER SORT TEST|YIELD ANALYSIS|LOT LOT LOT LOT
valid_igbt_0052_f60,SOFT BAKE|ALIGN MASK LEVEL 5|EXPOSE LITHO LEVEL 5|DEVELOP PHOTORESIST|VIA INSPECTION|VIA ETCH|STRIP RESIST|CLEAN AFTER VIA ETCH|DEPOSIT BARRIER METAL|DEPOSIT METAL SEED|FILL VIA METAL|CMP METAL|DEPOSIT METAL 1|ANNEAL METAL|SPIN COAT PHOTORESIST|SOFT BAKE|ALIGN MASK LEVEL 6|EXPOSE LITHO LEVEL 6|DEVELOP PHOTORESIST|METAL PATTERN INSPECTION|METAL ETCH DRY|STRIP RESIST|CLEAN AFTER METAL ETCH|MEASURE LINE WIDTH|DEPOSIT PASSIVATION|CURE PASSIVATION|MEASURE PASSIVATION QUALITY|OPEN PAD WINDOW|PAD WINDOW LITHO|DEVELOP PHOTORESIST|PASSIVATION ETCH|STRIP RESIST|CLEAN PAD OPENING|MEASURE PAD OPENING|BACKSIDE GRIND|MEASURE THICKNESS|BACKSIDE ETCH CLEAN|BACKSIDE RINSE|BACKSIDE DRY|BACKSIDE METALLIZATION PREP|DEPOSIT BACKSIDE METAL|BACKSIDE ANNEAL|MEASURE BACKSIDE CONTACT|FINAL CLEAN|FINAL THICKNESS MEASURE|FINAL GEOMETRY CHECK|FINAL PARTICLE INSPECTION|YIELD ANALYSIS|WAFER SORT TEST|LOT|WAFER SORT TEST|YIELD ANALYSIS|LOT|WAFER SORT TEST|WAFER SORT TEST|YIELD ANALYSIS|LOT RELEASE|PACKAGE PREPARATION|PACKAGE PREPARATION|COAT TEST|COAT TEST|COAT TEST|SWITCHING TEST|WAFER SORT TEST|YIELD ANALYSIS|LOT RELEASE|PACKAGE PREPARATION|SHIP LOT
valid_igbt_0052_f80,CURE PASSIVATION|MEASURE PASSIVATION THICKNESS|OPEN PAD WINDOW|PAD WINDOW LITHO|DEVELOP PHOTORESIST|PASSIVATION ETCH|STRIP RESIST|CLEAN PAD OPENING|MEASURE PAD OPENING|BACKSIDE GRIND|MEASURE THICKNESS|BACKSIDE ETCH CLEAN|BACKSIDE RINSE|BACKSIDE DRY|BACKSIDE METALLIZATION PREP|DEPOSIT BACKSIDE METAL|BACKSIDE ANNEAL|MEASURE BACKSIDE CONTACT|FINAL CLEAN|FINAL THICKNESS MEASURE|ELECTRICAL PARAMETRIC TEST|LEAKAGE TEST|BREAKDOWN VOLTAGE TEST|SWITCHING TEST|YIELD ANALYSIS|WAFER SORT TEST|LOT|LOT|COAT|COAT TEST|BACKSIDE ANNEAL|MEASURE LOT|SPIN COAT TEST|COAT TEST|SWITCHING TEST|WAFER SORT TEST|YIELD ANALYSIS|LOT LOT LOT LOT LOT|WAFER SORT TEST|ELECTRICAL ANALYSIS|SWITCHING TEST|WAFER SORT TEST|YIELD ANALYSIS|LOT LOT LOT LOT LOT|WAFER SORT TEST|YIELD ANALYSIS|LOT LOT LOT LOT|WAFER SORT TEST|ELECTRICAL YIELD ANALYSIS|WAFER SORT TEST|LOT RELEASE|SHIP LOT
valid_igbt_0053_f60,SPIN COAT PHOTORESIST|SOFT BAKE|ALIGN MASK LEVEL 5|EXPOSE LITHO LEVEL 5|DEVELOP PHOTORESIST|METAL INSPECTION|VIA ETCH|STRIP RESIST|CLEAN AFTER VIA ETCH|DEPOSIT BARRIER METAL|DEPOSIT METAL SEED|FILL VIA METAL|CMP METAL|DEPOSIT TOP METAL|ANNEAL METAL|SPIN COAT PHOTORESIST|SOFT BAKE|ALIGN MASK LEVEL 6|EXPOSE LITHO LEVEL 6|DEVELOP PHOTORESIST|METAL PATTERN INSPECTION|METAL ETCH DRY|STRIP RESIST|CLEAN AFTER METAL ETCH|MEASURE LINE WIDTH|DEPOSIT PASSIVATION|CURE PASSIVATION|MEASURE PASSIVATION THICKNESS|OPEN PAD WINDOW|PAD WINDOW LITHO|DEVELOP PHOTORESIST|PASSIVATION ETCH|STRIP RESIST|CLEAN PAD OPENING|MEASURE PAD OPENING|BACKSIDE GRIND|MEASURE THICKNESS|BACKSIDE ETCH CLEAN|BACKSIDE RINSE|BACKSIDE DRY|BACKSIDE METALLIZATION PREP|DEPOSIT BACKSIDE METAL|BACKSIDE ANNEAL|MEASURE BACKSIDE CONTACT|FINAL CLEAN|FINAL THICKNESS MEASURE|FINAL GEOMETRY CHECK|FINAL PARTICLE INSPECTION|YIELD ANALYSIS|WAFER SORT TEST|LOT|WAFER SORT TEST|YIELD ANALYSIS|LOT|WAFER SORT TEST|WAFER SORT TEST|LOT|YIELD ANALYSIS|LOT|WAFER SORT TEST|LOT|ELECTRICAL PARAMETRIC TEST|WAFER SORT TEST|YIELD ANALYSIS|LOT RELEASE|PACKAGE PREPARATION|PACKAGE PREPARATION|COAT TEST|COAT TEST|COAT TEST|WAFER SORT TEST|YIELD ANALYSIS|LOT LOT LOT LOT RELEASE|SHIP LOT
valid_igbt_0053_f80,MEASURE PASSIVATION THICKNESS|OPEN PAD WINDOW|PAD WINDOW LITHO|DEVELOP PHOTORESIST|PASSIVATION ETCH|STRIP RESIST|CLEAN PAD OPENING|MEASURE PAD OPENING|BACKSIDE GRIND|MEASURE THICKNESS|BACKSIDE ETCH CLEAN|BACKSIDE RINSE|BACKSIDE DRY|BACKSIDE METALLIZATION PREP|DEPOSIT BACKSIDE METAL|BACKSIDE ANNEAL|MEASURE BACKSIDE CONTACT|FINAL CLEAN|FINAL THICKNESS MEASURE|ELECTRICAL PARAMETRIC TEST|LEAKAGE TEST|BREAKDOWN VOLTAGE TEST|SWITCHING TEST|YIELD ANALYSIS|WAFER SORT TEST|LOT|LOT|COAT TEST|COAT TEST|COAT PHOTORESIST|SWITCHING TEST|WAFER SORT TEST|YIELD ANALYSIS|LOT|WAFER SORT TEST|LOT|ELECTRICAL ANALYSIS|WAFER SORT TEST|SWITCHING TEST|WAFER SORT TEST|YIELD ANALYSIS|LOT RELEASE|PACKAGE PREPARATION|COAT TEST|COAT TEST|RAPID EXPOSE LITHO|DEVELOP TEST|PASSIVATION TEST|STRIP RESIST|CLEAN YIELD ANALYSIS|LOT RELEASE|PACKAGE PREPARATION|COAT TEST|COAT TEST|COAT TEST|WAFER SORT TEST|YIELD ANALYSIS|LOT LOT LOT LOT RELEASE|SHIP LOT
valid_igbt_0054_f60,MEASURE PLANARITY|SPIN COAT PHOTORESIST|SOFT BAKE|ALIGN MASK LEVEL 5|EXPOSE LITHO LEVEL 5|DEVELOP PHOTORESIST|METAL INSPECTION|VIA ETCH|STRIP RESIST|CLEAN AFTER VIA ETCH|DEPOSIT BARRIER METAL|DEPOSIT METAL SEED|FILL VIA METAL|CMP METAL|DEPOSIT TOP METAL|ANNEAL METAL|SPIN COAT PHOTORESIST|SOFT BAKE|ALIGN MASK LEVEL 6|EXPOSE LITHO LEVEL 6|DEVELOP PHOTORESIST|METAL PATTERN INSPECTION|METAL ETCH DRY|STRIP RESIST|CLEAN AFTER METAL ETCH|MEASURE LINE WIDTH|DEPOSIT PASSIVATION|CURE PASSIVATION|MEASURE PASSIVATION THICKNESS|OPEN PAD WINDOW|PAD WINDOW LITHO|DEVELOP PHOTORESIST|PASSIVATION ETCH|STRIP RESIST|CLEAN PAD OPENING|MEASURE PAD OPENING|BACKSIDE GRIND|MEASURE THICKNESS|BACKSIDE ETCH CLEAN|BACKSIDE RINSE|BACKSIDE DRY|BACKSIDE METALLIZATION PREP|DEPOSIT BACKSIDE METAL|BACKSIDE ANNEAL|MEASURE BACKSIDE CONTACT|FINAL CLEAN|FINAL THICKNESS MEASURE|FINAL GEOMETRY CHECK|FINAL PARTICLE INSPECTION|YIELD ANALYSIS|WAFER SORT TEST|LOT|WAFER SORT TEST|YIELD ANALYSIS|LOT RELEASE|PACKAGE PREPARATION|COAT TEST|COAT TEST|ELECTRICAL PARAMETRIC TEST|SWITCHING TEST|YIELD ANALYSIS|WAFER SORT TEST|LOT|LOT|COAT TEST|COAT TEST|COAT TEST|SWITCHING TEST|WAFER SORT TEST|YIELD ANALYSIS|LOT LOT RELEASE|PACKAGE PREPARATION|SHIP LOT
valid_igbt_0054_f80,MEASURE PASSIVATION THICKNESS|OPEN PAD WINDOW|PAD WINDOW LITHO|DEVELOP PHOTORESIST|PASSIVATION ETCH|STRIP RESIST|CLEAN PAD OPENING|MEASURE PAD OPENING|BACKSIDE GRIND|MEASURE THICKNESS|BACKSIDE ETCH CLEAN|BACKSIDE RINSE|BACKSIDE DRY|BACKSIDE METALLIZATION PREP|DEPOSIT BACKSIDE METAL|BACKSIDE ANNEAL|MEASURE BACKSIDE CONTACT|FINAL CLEAN|FINAL THICKNESS MEASURE|FINAL GEOMETRY CHECK|FINAL PARTICLE INSPECTION|YIELD ANALYSIS|WAFER SORT TEST|LOT|PARTICLE INSPECTION|WAFER SORT TEST|YIELD ANALYSIS|LOT|WAFER SORT TEST|LOT|ELECTRICAL PARAMETRIC TEST|SWITCHING TEST|YIELD ANALYSIS|WAFER SORT TEST|LOT|LOT|COAT TEST|COAT TEST|COAT TEST|BACKSIDE CONTACT|SWITCHING TEST|WAFER SORT TEST|YIELD ANALYSIS|LOT RELEASE|COAT TEST|COAT TEST|WAFER SORT TEST|YIELD ANALYSIS|LOT LOT LOT LOT LOT|WAFER SORT TEST|ELECTRICAL YIELD ANALYSIS|WAFER SORT TEST|LOT LOT LOT|CMP DIELECTRIC CHECK|WAFER SORT TEST|YIELD ANALYSIS|LOT LOT LOT LOT LOT|DENSIFY TEST|DENSIFY TEST
valid_igbt_0055_f60,SOFT BAKE|ALIGN MASK LEVEL 5|EXPOSE LITHO LEVEL 5|DEVELOP PHOTORESIST|METAL INSPECTION|VIA ETCH|STRIP RESIST|CLEAN AFTER VIA ETCH|DEPOSIT BARRIER METAL|DEPOSIT METAL SEED|FILL VIA METAL|CMP METAL|MEASURE VIA RESISTANCE|DEPOSIT TOP METAL|ANNEAL METAL|SPIN COAT PHOTORESIST|SOFT BAKE|ALIGN MASK LEVEL 6|EXPOSE LITHO LEVEL 6|DEVELOP PHOTORESIST|METAL PATTERN INSPECTION|METAL ETCH DRY|STRIP PHOTORESIST|CLEAN AFTER METAL ETCH|MEASURE LINE WIDTH|DEPOSIT PASSIVATION|CURE PASSIVATION|MEASURE PASSIVATION THICKNESS|OPEN PAD WINDOW|PAD WINDOW LITHO|DEVELOP PHOTORESIST|PASSIVATION ETCH|STRIP RESIST|CLEAN PAD OPENING|MEASURE PAD OPENING|BACKSIDE GRIND|MEASURE THICKNESS|BACKSIDE ETCH CLEAN|BACKSIDE RINSE|BACKSIDE DRY|BACKSIDE METALLIZATION PREP|DEPOSIT BACKSIDE METAL|BACKSIDE ANNEAL|MEASURE BACKSIDE CONTACT|FINAL CLEAN|FINAL THICKNESS MEASURE|FINAL GEOMETRY CHECK|ELECTRICAL PARAMETRIC TEST|LEAKAGE TEST|BREAKDOWN VOLTAGE TEST|SWITCHING TEST|YIELD ANALYSIS|WAFER SORT TEST|LOT|LOT|COAT TEST|COAT TEST|COAT TEST|SWITCHING TEST|WAFER SORT TEST|YIELD ANALYSIS|LOT RELEASE|PACKAGE PREPARATION|SHIP LOT
valid_igbt_0055_f80,CURE PASSIVATION|MEASURE PASSIVATION THICKNESS|OPEN PAD WINDOW|PAD WINDOW LITHO|DEVELOP PHOTORESIST|METAL ETCH|STRIP RESIST|CLEAN PAD OPENING|MEASURE PAD OPENING|BACKSIDE GRIND|MEASURE THICKNESS|BACKSIDE ETCH CLEAN|BACKSIDE RINSE|BACKSIDE DRY|BACKSIDE METALLIZATION PREP|DEPOSIT BACKSIDE METAL|BACKSIDE ANNEAL|MEASURE BACKSIDE CONTACT|FINAL CLEAN|YIELD ANALYSIS|WAFER SORT TEST|WAFER SORT TEST|YIELD ANALYSIS|LOT|WAFER SORT TEST|WAFER SORT TEST|YIELD ANALYSIS|LOT|WAFER SORT TEST|LOT|ELECTRICAL PARAMETRIC TEST|WAFER SORT TEST|YIELD ANALYSIS|LOT RELEASE|PACKAGE PREPARATION|PACKAGE PREPARATION|COAT TEST|COAT TEST|COAT TEST|SWITCHING TEST|WAFER SORT TEST|YIELD ANALYSIS|LOT LOT LOT LOT RELEASE|COAT TEST|SHIP LOT
valid_igbt_0056_f60,CMP VIA|DEPOSIT INTERLAYER DIELECTRIC|DEPOSIT INTERLAYER DIELECTRIC|DENSIFY DIELECTRIC|MEASURE DIELECTRIC THICKNESS|CMP METAL|MEASURE PLANARITY|SPIN COAT PHOTORESIST|SOFT BAKE|ALIGN MASK LEVEL 5|EXPOSE LITHO LEVEL 5|DEVELOP PHOTORESIST|VIA INSPECTION|VIA ETCH|STRIP RESIST|CLEAN AFTER VIA ETCH|MEASURE VIA CD|DEPOSIT BARRIER METAL|DEPOSIT METAL SEED|FILL VIA METAL|CMP METAL|MEASURE CONTACT RESISTANCE|DEPOSIT TOP METAL|ANNEAL METAL|SPIN COAT PHOTORESIST|SOFT BAKE|ALIGN MASK LEVEL 6|EXPOSE LITHO LEVEL 6|DEVELOP PHOTORESIST|METAL PATTERN INSPECTION|METAL ETCH DRY|STRIP RESIST|CLEAN AFTER METAL ETCH|DEPOSIT PASSIVATION|CURE PASSIVATION|MEASURE PASSIVATION THICKNESS|OPEN PAD WINDOW|PAD WINDOW LITHO|DEVELOP PHOTORESIST|METAL ETCH|STRIP RESIST|CLEAN PAD OPENING|MEASURE PAD OPENING|BACKSIDE GRIND|MEASURE THICKNESS|BACKSIDE ETCH CLEAN|BACKSIDE RINSE|BACKSIDE DRY|BACKSIDE METALLIZATION PREP|DEPOSIT BACKSIDE METAL|BACKSIDE ANNEAL|MEASURE BACKSIDE CONTACT|FINAL CLEAN|YIELD ANALYSIS|WAFER SORT TEST|WAFER SORT TEST|YIELD ANALYSIS|LOT|WAFER SORT TEST|WAFER SORT TEST|YIELD ANALYSIS|LOT|WAFER SORT TEST|LOT|ELECTRICAL PARAMETRIC TEST|SWITCHING TEST|WAFER SORT TEST|YIELD ANALYSIS|LOT RELEASE|PACKAGE PREPARATION|PACKAGE PREPARATION|SHIP LOT
valid_igbt_0056_f80,DEPOSIT PASSIVATION|CURE PASSIVATION|MEASURE PASSIVATION THICKNESS|OPEN PAD WINDOW|PAD WINDOW LITHO|DEVELOP PHOTORESIST|METAL ETCH|STRIP RESIST|CLEAN PAD OPENING|MEASURE PAD OPENING|BACKSIDE GRIND|MEASURE THICKNESS|BACKSIDE ETCH CLEAN|BACKSIDE RINSE|BACKSIDE DRY|BACKSIDE METALLIZATION PREP|DEPOSIT BACKSIDE METAL|BACKSIDE ANNEAL|MEASURE BACKSIDE CONTACT|FINAL CLEAN|FINAL THICKNESS MEASURE|YIELD ANALYSIS|WAFER SORT TEST|LOT|YIELD ANALYSIS|WAFER SORT TEST|LOT|PARTICLE INSPECTION|WAFER SORT TEST|YIELD ANALYSIS|LOT|WAFER SORT TEST|LOT|ELECTRICAL PARAMETRIC TEST|SWITCHING TEST|WAFER SORT TEST|YIELD ANALYSIS|LOT RELEASE|PACKAGE PREPARATION|PACKAGE PREPARATION|COAT TEST|COAT TEST|COAT TEST|DEVELOP TEST|PASSIVATION TEST|WAFER SORT TEST|STRIP RESIST|CLEAN YIELD ANALYSIS|LOT LOT LOT LOT RELEASE|SHIP LOT
valid_igbt_0057_f60,DENSIFY DIELECTRIC|MEASURE DIELECTRIC THICKNESS|CMP METAL|MEASURE PLANARITY|SPIN COAT PHOTORESIST|SOFT BAKE|ALIGN MASK LEVEL 5|EXPOSE LITHO LEVEL 5|DEVELOP PHOTORESIST|METAL INSPECTION|VIA ETCH|STRIP RESIST|CLEAN AFTER VIA ETCH|DEPOSIT BARRIER METAL|DEPOSIT METAL SEED|FILL VIA METAL|CMP METAL|MEASURE VIA RESISTANCE|DEPOSIT TOP METAL|ANNEAL METAL|SPIN COAT PHOTORESIST|SOFT BAKE|ALIGN MASK LEVEL 6|EXPOSE LITHO LEVEL 6|DEVELOP PHOTORESIST|METAL PATTERN INSPECTION|METAL ETCH DRY|STRIP PHOTORESIST|CLEAN AFTER METAL ETCH|DEPOSIT PASSIVATION|CURE PASSIVATION|MEASURE PASSIVATION THICKNESS|OPEN PAD WINDOW|PAD WINDOW LITHO|DEVELOP PHOTORESIST|PASSIVATION ETCH|STRIP RESIST|CLEAN PAD OPENING|MEASURE PAD OPENING|BACKSIDE GRIND|MEASURE THICKNESS|BACKSIDE ETCH CLEAN|BACKSIDE RINSE|BACKSIDE DRY|BACKSIDE METALLIZATION PREP|DEPOSIT BACKSIDE METAL|BACKSIDE ANNEAL|MEASURE BACKSIDE CONTACT|FINAL CLEAN|FINAL THICKNESS MEASURE|FINAL GEOMETRY CHECK|FINAL PARTICLE INSPECTION|ELECTRICAL PARAMETRIC TEST|LEAKAGE TEST|BREAKDOWN VOLTAGE TEST|SWITCHING TEST|YIELD ANALYSIS|WAFER SORT TEST|LOT|LOT|COAT TEST|COAT TEST|COAT TEST|SWITCHING TEST|WAFER SORT TEST|YIELD ANALYSIS|LOT|WAFER SORT TEST|ELECTRICAL ANALYSIS|WAFER SORT TEST|DEVELOP TEST|PASSIVATION TEST|WAFER SORT TEST|STRIP RESIST|CLEAN YIELD ANALYSIS|LOT LOT LOT LOT RELEASE|SHIP LOT
valid_igbt_0057_f80,DEPOSIT PASSIVATION|CURE PASSIVATION|MEASURE PASSIVATION THICKNESS|OPEN PAD WINDOW|PAD WINDOW LITHO|DEVELOP PHOTORESIST|PASSIVATION ETCH|STRIP RESIST|CLEAN PAD OPENING|MEASURE PAD OPENING|BACKSIDE GRIND|MEASURE THICKNESS|BACKSIDE ETCH CLEAN|BACKSIDE RINSE|BACKSIDE DRY|BACKSIDE METALLIZATION PREP|DEPOSIT BACKSIDE METAL|BACKSIDE ANNEAL|MEASURE BACKSIDE CONTACT|FINAL CLEAN|FINAL THICKNESS MEASURE|ELECTRICAL PARAMETRIC TEST|LEAKAGE TEST|BREAKDOWN VOLTAGE TEST|SWITCHING TEST|YIELD ANALYSIS|WAFER SORT TEST|LOT|LOT|COAT TEST|COAT TEST|COAT TEST|SWITCHING TEST|WAFER SORT TEST|YIELD ANALYSIS|LOT|LOT RELEASE|PACKAGE PREPARATION|SHIP LOT
valid_igbt_0058_f60,MEASURE PLANARITY|SPIN COAT PHOTORESIST|SOFT BAKE|ALIGN MASK LEVEL 5|EXPOSE LITHO LEVEL 5|DEVELOP PHOTORESIST|METAL INSPECTION|VIA ETCH|STRIP RESIST|CLEAN AFTER VIA ETCH|DEPOSIT BARRIER METAL|DEPOSIT METAL SEED|FILL VIA METAL|CMP METAL|DEPOSIT TOP METAL|ANNEAL METAL|SPIN COAT PHOTORESIST|SOFT BAKE|ALIGN MASK LEVEL 6|EXPOSE LITHO LEVEL 6|DEVELOP PHOTORESIST|METAL PATTERN INSPECTION|METAL ETCH DRY|STRIP RESIST|CLEAN AFTER METAL ETCH|MEASURE LINE WIDTH|DEPOSIT PASSIVATION|CURE PASSIVATION|MEASURE PASSIVATION QUALITY|OPEN PAD WINDOW|PAD WINDOW LITHO|DEVELOP PAD WINDOW|PASSIVATION ETCH|STRIP RESIST|CLEAN PAD OPENING|MEASURE PAD OPENING|BACKSIDE GRIND|MEASURE THICKNESS|BACKSIDE ETCH CLEAN|BACKSIDE RINSE|BACKSIDE DRY|BACKSIDE METALLIZATION PREP|DEPOSIT BACKSIDE METAL|BACKSIDE ANNEAL|MEASURE BACKSIDE CONTACT|FINAL CLEAN|FINAL THICKNESS MEASURE|FINAL GEOMETRY CHECK|FINAL PARTICLE INSPECTION|YIELD ANALYSIS|WAFER SORT TEST|LOT|PARTICLE INSPECTION|WAFER SORT TEST|YIELD ANALYSIS|LOT RELEASE|PACKAGE PREPARATION|SHIP LOT
valid_igbt_0058_f80,MEASURE PASSIVATION THICKNESS|OPEN PAD WINDOW|PAD WINDOW LITHO|DEVELOP PHOTORESIST|PASSIVATION ETCH|STRIP RESIST|CLEAN PAD OPENING|MEASURE PAD OPENING|BACKSIDE GRIND|MEASURE THICKNESS|BACKSIDE ETCH CLEAN|BACKSIDE RINSE|BACKSIDE DRY|BACKSIDE METALLIZATION PREP|DEPOSIT BACKSIDE METAL|BACKSIDE ANNEAL|MEASURE BACKSIDE CONTACT|FINAL CLEAN|FINAL THICKNESS MEASURE|FINAL GEOMETRY CHECK|FINAL PARTICLE INSPECTION|YIELD ANALYSIS|WAFER SORT TEST|LOT|PARTICLE INSPECTION|WAFER SORT TEST|YIELD ANALYSIS|LOT|WAFER SORT TEST|LOT|ELECTRICAL PARAMETRIC TEST|SWITCHING TEST|YIELD ANALYSIS|WAFER SORT TEST|LOT|LOT|COAT TEST|COAT TEST|COAT TEST|BACKSIDE CONTACT|SWITCHING TEST|WAFER SORT TEST|YIELD ANALYSIS|LOT RELEASE|PACKAGE PREPARATION|COAT TEST|WAFER SORT TEST|YIELD ANALYSIS|LOT LOT LOT LOT LOT|WAFER SORT TEST|ELECTRICAL YIELD ANALYSIS|WAFER SORT TEST|LOT LOT LOT|CMP DIELECTRIC CHECK|WAFER SORT TEST|YIELD ANALYSIS|LOT LOT LOT LOT LOT|DENSIFY TEST
valid_igbt_0059_f60,SPIN COAT PHOTORESIST|SOFT BAKE|ALIGN MASK LEVEL 5|EXPOSE LITHO LEVEL 5|DEVELOP PHOTORESIST|VIA INSPECTION|VIA ETCH|STRIP RESIST|CLEAN AFTER VIA ETCH|DEPOSIT BARRIER METAL|DEPOSIT METAL SEED|FILL VIA METAL|CMP METAL|MEASURE VIA RESISTANCE|DEPOSIT TOP METAL|ANNEAL METAL|SPIN COAT PHOTORESIST|SOFT BAKE|ALIGN MASK LEVEL 6|EXPOSE LITHO LEVEL 6|DEVELOP PHOTORESIST|METAL PATTERN INSPECTION|METAL ETCH DRY|STRIP PHOTORESIST|CLEAN AFTER METAL ETCH|MEASURE LINE WIDTH|DEPOSIT PASSIVATION|CURE PASSIVATION|MEASURE PASSIVATION THICKNESS|OPEN PAD WINDOW|PAD WINDOW LITHO|DEVELOP PHOTORESIST|PASSIVATION ETCH|STRIP RESIST|CLEAN PAD OPENING|MEASURE PAD OPENING|BACKSIDE GRIND|MEASURE THICKNESS|BACKSIDE ETCH CLEAN|BACKSIDE RINSE|BACKSIDE DRY|BACKSIDE METALLIZATION PREP|DEPOSIT BACKSIDE METAL|BACKSIDE ANNEAL|MEASURE BACKSIDE CONTACT|FINAL CLEAN|FINAL THICKNESS MEASURE|FINAL GEOMETRY CHECK|FINAL PARTICLE INSPECTION|YIELD ANALYSIS|WAFER SORT TEST|LOT|PARTICLE INSPECTION|WAFER SORT TEST|YIELD ANALYSIS|LOT|WAFER SORT TEST|LOT|LOT|COAT TEST|SWITCHING TEST|WAFER SORT TEST|YIELD ANALYSIS|LOT|WAFER SORT TEST|LOT|ELECTRICAL TEST|WAFER SORT TEST|SWITCHING TEST|WAFER SORT TEST|YIELD ANALYSIS|LOT RELEASE|PACKAGE PREPARATION|SHIP LOT
valid_igbt_0059_f80,CURE PASSIVATION|MEASURE PASSIVATION THICKNESS|OPEN PAD WINDOW|PAD WINDOW LITHO|DEVELOP PHOTORESIST|PASSIVATION ETCH|STRIP RESIST|CLEAN PAD OPENING|MEASURE PAD OPENING|BACKSIDE GRIND|MEASURE THICKNESS|BACKSIDE ETCH CLEAN|BACKSIDE RINSE|BACKSIDE DRY|BACKSIDE METALLIZATION PREP|DEPOSIT BACKSIDE METAL|BACKSIDE ANNEAL|MEASURE BACKSIDE CONTACT|FINAL CLEAN|FINAL THICKNESS MEASURE|ELECTRICAL PARAMETRIC TEST|LEAKAGE TEST|BREAKDOWN VOLTAGE TEST|SWITCHING TEST|YIELD ANALYSIS|WAFER SORT TEST|LOT|LOT|COAT|COAT TEST|COAT TEST|SWITCHING TEST|WAFER SORT TEST|YIELD ANALYSIS|LOT|WAFER SORT TEST|LOT|COAT TEST|COAT TEST|COAT TEST|BACKSIDE ANALYSIS|SWITCHING TEST|WAFER SORT TEST|YIELD ANALYSIS|LOT RELEASE|PACKAGE PREPARATION|SHIP LOT
valid_igbt_0060_f60,SOFT BAKE|ALIGN MASK LEVEL 5|EXPOSE LITHO LEVEL 5|DEVELOP PHOTORESIST|VIA INSPECTION|VIA ETCH|STRIP RESIST|CLEAN AFTER VIA ETCH|DEPOSIT BARRIER METAL|DEPOSIT METAL SEED|FILL VIA METAL|CMP METAL|MEASURE VIA RESISTANCE|DEPOSIT TOP METAL|ANNEAL METAL|SPIN COAT PHOTORESIST|SOFT BAKE|ALIGN MASK LEVEL 6|EXPOSE LITHO LEVEL 6|DEVELOP PHOTORESIST|METAL PATTERN INSPECTION|METAL ETCH DRY|STRIP PHOTORESIST|CLEAN AFTER METAL ETCH|MEASURE LINE WIDTH|DEPOSIT PASSIVATION|CURE PASSIVATION|MEASURE PASSIVATION THICKNESS|OPEN PAD WINDOW|PAD WINDOW LITHO|DEVELOP PHOTORESIST|PASSIVATION ETCH|STRIP RESIST|CLEAN PAD OPENING|MEASURE PAD OPENING|BACKSIDE GRIND|MEASURE THICKNESS|BACKSIDE ETCH CLEAN|BACKSIDE RINSE|BACKSIDE DRY|BACKSIDE METALLIZATION PREP|DEPOSIT BACKSIDE METAL|BACKSIDE ANNEAL|MEASURE BACKSIDE CONTACT|FINAL CLEAN|FINAL THICKNESS MEASURE|FINAL GEOMETRY CHECK|FINAL PARTICLE INSPECTION|ELECTRICAL PARAMETRIC TEST|LEAKAGE TEST|BREAKDOWN VOLTAGE TEST|SWITCHING TEST|YIELD ANALYSIS|WAFER SORT TEST|LOT|LOT|COAT TEST|COAT TEST|COAT TEST|SWITCHING TEST|WAFER SORT TEST|YIELD ANALYSIS|LOT|WAFER SORT TEST|LOT LOT LOT LOT LOT|COAT TEST|COAT TEST|WAFER SORT TEST|YIELD ANALYSIS|LOT RELEASE|PACKAGE PREPARATION|COAT TEST|COAT TEST|COAT TEST|COAT TEST|SWITCHING TEST|WAFER SORT TEST|YIELD ANALYSIS|LOT LOT LOT LOT LOT|WAFER SORT TEST|ELECTRICAL YIELD ANALYSIS|WAFER SORT TEST|LOT LOT LOT|DENSIFY TEST|WAFER SORT TEST|YIELD ANALYSIS|LOT LOT LOT LOT LOT|DENSIFY TEST|DENSIFY TEST|DENSIFY TEST
valid_igbt_0060_f80,MEASURE PASSIVATION THICKNESS|OPEN PAD WINDOW|PAD WINDOW LITHO|DEVELOP PHOTORESIST|PASSIVATION ETCH|STRIP RESIST|CLEAN PAD OPENING|MEASURE PAD OPENING|BACKSIDE GRIND|MEASURE THICKNESS|BACKSIDE ETCH CLEAN|BACKSIDE RINSE|BACKSIDE DRY|BACKSIDE METALLIZATION PREP|DEPOSIT BACKSIDE METAL|BACKSIDE ANNEAL|MEASURE BACKSIDE CONTACT|FINAL CLEAN|ELECTRICAL PARAMETRIC TEST|LEAKAGE TEST|BREAKDOWN VOLTAGE TEST|SWITCHING TEST|YIELD ANALYSIS|WAFER SORT TEST|LOT|LOT|COAT TEST|COAT TEST|COAT TEST|SWITCHING TEST|WAFER SORT TEST|YIELD ANALYSIS|LOT|WAFER SORT TEST|LOT|ELECTRICAL ANALYSIS|WAFER SORT TEST|SWITCHING TEST|WAFER SORT TEST|YIELD ANALYSIS|LOT RELEASE|PACKAGE PREPARATION|COAT TEST|COAT TEST|RAPID EXPOSE BAKE|DEVELOP TEST|PASSIVATION TEST|DIELECTRIC CHECK|STRIP RESIST|CLEAN YIELD ANALYSIS|LOT LOT LOT LOT LOT|COAT TEST|COAT TEST|WAFER SORT TEST|YIELD ANALYSIS|LOT LOT LOT LOT LOT|WAFER SORT TEST|DENSIFY TEST|DENSIFY TEST|DEPOSIT
valid_igbt_0061_f60,MEASURE PLANARITY|SPIN COAT PHOTORESIST|SOFT BAKE|ALIGN MASK LEVEL 5|EXPOSE LITHO LEVEL 5|DEVELOP PHOTORESIST|METAL INSPECTION|VIA ETCH|STRIP RESIST|CLEAN AFTER VIA ETCH|DEPOSIT BARRIER METAL|DEPOSIT METAL SEED|FILL VIA METAL|CMP METAL|MEASURE VIA RESISTANCE|DEPOSIT TOP METAL|ANNEAL METAL|SPIN COAT PHOTORESIST|SOFT BAKE|ALIGN MASK LEVEL 6|EXPOSE LITHO LEVEL 6|DEVELOP PHOTORESIST|METAL PATTERN INSPECTION|METAL ETCH DRY|STRIP RESIST|CLEAN AFTER METAL ETCH|MEASURE LINE WIDTH|DEPOSIT PASSIVATION|CURE PASSIVATION|MEASURE PASSIVATION THICKNESS|OPEN PAD WINDOW|PAD WINDOW LITHO|DEVELOP PHOTORESIST|PASSIVATION ETCH|STRIP RESIST|CLEAN PAD OPENING|MEASURE PAD OPENING|BACKSIDE GRIND|MEASURE THICKNESS|BACKSIDE ETCH CLEAN|BACKSIDE RINSE|BACKSIDE DRY|BACKSIDE METALLIZATION PREP|DEPOSIT BACKSIDE METAL|BACKSIDE ANNEAL|MEASURE BACKSIDE CONTACT|FINAL CLEAN|FINAL THICKNESS MEASURE|FINAL GEOMETRY CHECK|FINAL PARTICLE INSPECTION|YIELD ANALYSIS|WAFER SORT TEST|LOT|PARTICLE INSPECTION|WAFER SORT TEST|YIELD ANALYSIS|LOT|WAFER SORT TEST|LOT|ELECTRICAL PARAMETRIC TEST|SWITCHING TEST|YIELD ANALYSIS|WAFER SORT TEST|LOT|LOT|COAT TEST|COAT TEST|COAT TEST|BACKSIDE CONTACT|SWITCHING TEST|WAFER SORT TEST|YIELD ANALYSIS|LOT RELEASE|PACKAGE PREPARATION|COAT TEST|WAFER SORT TEST|YIELD ANALYSIS|LOT RELEASE|SHIP LOT
valid_igbt_0061_f80,DEPOSIT PASSIVATION|CURE PASSIVATION|MEASURE PASSIVATION THICKNESS|OPEN PAD WINDOW|PAD WINDOW LITHO|DEVELOP PHOTORESIST|METAL ETCH|STRIP RESIST|CLEAN PAD OPENING|MEASURE PAD OPENING|BACKSIDE GRIND|MEASURE THICKNESS|BACKSIDE ETCH CLEAN|BACKSIDE RINSE|BACKSIDE DRY|BACKSIDE METALLIZATION PREP|DEPOSIT BACKSIDE METAL|BACKSIDE ANNEAL|MEASURE BACKSIDE CONTACT|FINAL CLEAN|FINAL THICKNESS MEASURE|YIELD ANALYSIS|WAFER SORT TEST|LOT|YIELD ANALYSIS|WAFER SORT TEST|LOT|PARTICLE INSPECTION|WAFER SORT TEST|YIELD ANALYSIS|LOT|WAFER SORT TEST|LOT|ELECTRICAL PARAMETRIC TEST|SWITCHING TEST|WAFER SORT TEST|YIELD ANALYSIS|LOT RELEASE|PACKAGE PREPARATION|PACKAGE PREPARATION|COAT TEST|COAT TEST|COAT TEST|WAFER SORT TEST|YIELD ANALYSIS|LOT RELEASE|PACKAGE PREPARATION|SHIP LOT
valid_igbt_0062_f60,SPIN COAT PHOTORESIST|SOFT BAKE|ALIGN MASK LEVEL 5|EXPOSE LITHO LEVEL 5|DEVELOP PHOTORESIST|VIA INSPECTION|VIA ETCH|STRIP RESIST|CLEAN AFTER VIA ETCH|DEPOSIT BARRIER METAL|DEPOSIT METAL SEED|FILL VIA METAL|CMP METAL|DEPOSIT TOP METAL|ANNEAL METAL|SPIN COAT PHOTORESIST|SOFT BAKE|ALIGN MASK LEVEL 6|EXPOSE LITHO LEVEL 6|DEVELOP PHOTORESIST|METAL PATTERN INSPECTION|METAL ETCH DRY|STRIP RESIST|CLEAN AFTER METAL ETCH|MEASURE LINE WIDTH|DEPOSIT PASSIVATION|CURE PASSIVATION|MEASURE PASSIVATION QUALITY|OPEN PAD WINDOW|PAD WINDOW LITHO|DEVELOP PHOTORESIST|PASSIVATION ETCH|STRIP RESIST|CLEAN PAD OPENING|MEASURE PAD OPENING|BACKSIDE GRIND|MEASURE THICKNESS|BACKSIDE ETCH CLEAN|BACKSIDE RINSE|BACKSIDE DRY|BACKSIDE METALLIZATION PREP|DEPOSIT BACKSIDE METAL|BACKSIDE ANNEAL|MEASURE BACKSIDE CONTACT|FINAL CLEAN|FINAL THICKNESS MEASURE|FINAL GEOMETRY CHECK|FINAL PARTICLE INSPECTION|YIELD ANALYSIS|WAFER SORT TEST|LOT|PARTICLE INSPECTION|WAFER SORT TEST|YIELD ANALYSIS|LOT RELEASE|PACKAGE PREPARATION|PACKAGE PREPARATION|COAT TEST|ELECTRICAL PARAMETRIC TEST|SWITCHING TEST|WAFER SORT TEST|YIELD ANALYSIS|LOT|WAFER SORT TEST|LOT RELEASE|SHIP LOT
valid_igbt_0062_f80,MEASURE PASSIVATION THICKNESS|OPEN PAD WINDOW|PAD WINDOW LITHO|DEVELOP PHOTORESIST|PASSIVATION ETCH|STRIP RESIST|CLEAN PAD OPENING|MEASURE PAD OPENING|BACKSIDE GRIND|MEASURE THICKNESS|BACKSIDE ETCH CLEAN|BACKSIDE RINSE|BACKSIDE DRY|BACKSIDE METALLIZATION PREP|DEPOSIT BACKSIDE METAL|BACKSIDE ANNEAL|MEASURE BACKSIDE CONTACT|FINAL CLEAN|FINAL THICKNESS MEASURE|ELECTRICAL PARAMETRIC TEST|LEAKAGE TEST|BREAKDOWN VOLTAGE TEST|SWITCHING TEST|YIELD ANALYSIS|WAFER SORT TEST|LOT|LOT|TEST|COAT TEST|COAT TEST|SWITCHING TEST|WAFER SORT TEST|YIELD ANALYSIS|LOT RELEASE|PACKAGE PREPARATION|SHIP LOT
valid_igbt_0063_f60,MEASURE PLANARITY|SPIN COAT PHOTORESIST|SOFT BAKE|ALIGN MASK LEVEL 5|EXPOSE LITHO LEVEL 5|DEVELOP PHOTORESIST|VIA INSPECTION|VIA ETCH|STRIP RESIST|CLEAN AFTER VIA ETCH|DEPOSIT BARRIER METAL|DEPOSIT METAL SEED|FILL VIA METAL|CMP METAL|MEASURE VIA RESISTANCE|DEPOSIT TOP METAL|ANNEAL METAL|SPIN COAT PHOTORESIST|SOFT BAKE|ALIGN MASK LEVEL 6|EXPOSE LITHO LEVEL 6|DEVELOP PHOTORESIST|METAL PATTERN INSPECTION|METAL ETCH DRY|STRIP RESIST|CLEAN AFTER METAL ETCH|MEASURE LINE WIDTH|DEPOSIT PASSIVATION|CURE PASSIVATION|MEASURE PASSIVATION THICKNESS|OPEN PAD WINDOW|PAD WINDOW LITHO|DEVELOP PHOTORESIST|PASSIVATION ETCH|STRIP RESIST|CLEAN PAD OPENING|MEASURE PAD OPENING|BACKSIDE GRIND|MEASURE THICKNESS|BACKSIDE ETCH CLEAN|BACKSIDE RINSE|BACKSIDE DRY|BACKSIDE METALLIZATION PREP|DEPOSIT BACKSIDE METAL|BACKSIDE ANNEAL|MEASURE BACKSIDE CONTACT|FINAL CLEAN|FINAL THICKNESS MEASURE|FINAL GEOMETRY CHECK|FINAL PARTICLE INSPECTION|YIELD ANALYSIS|WAFER SORT TEST|LOT|PARTICLE INSPECTION|WAFER SORT TEST|YIELD ANALYSIS|LOT|WAFER SORT TEST|LOT|ELECTRICAL PARAMETRIC TEST|SWITCHING TEST|YIELD ANALYSIS|WAFER SORT TEST|LOT|LOT|COAT TEST|COAT TEST|BACKSIDE ANALYSIS|BACKSIDE ANNEAL|MEASURE LOT|COAT TEST|COAT TEST|COAT TEST|WAFER SORT TEST|YIELD ANALYSIS|LOT LOT LOT LOT LOT|COAT TEST|COAT TEST|WAFER SORT TEST|YIELD ANALYSIS|LOT LOT LOT LOT LOT|WAFER SORT TEST|ELECTRICAL YIELD ANALYSIS|WAFER SORT TEST|LOT LOT LOT LOT LOT|WAFER SORT TEST|YIELD ANALYSIS|LOT LOT LOT LOT LOT|DENSIFY TEST|DENSIFY TEST
valid_igbt_0063_f80,CURE PASSIVATION|MEASURE PASSIVATION THICKNESS|OPEN PAD WINDOW|PAD WINDOW LITHO|DEVELOP PHOTORESIST|PASSIVATION ETCH|STRIP RESIST|CLEAN PAD OPENING|MEASURE PAD OPENING|BACKSIDE GRIND|MEASURE THICKNESS|BACKSIDE ETCH CLEAN|BACKSIDE RINSE|BACKSIDE DRY|BACKSIDE METALLIZATION PREP|DEPOSIT BACKSIDE METAL|BACKSIDE ANNEAL|MEASURE BACKSIDE CONTACT|FINAL CLEAN|FINAL THICKNESS MEASURE|ELECTRICAL PARAMETRIC TEST|LEAKAGE TEST|BREAKDOWN VOLTAGE TEST|SWITCHING TEST|YIELD ANALYSIS|WAFER SORT TEST|LOT|LOT|COAT TEST|COAT TEST|COAT TEST|SWITCHING TEST|WAFER SORT TEST|YIELD ANALYSIS|LOT|WAFER SORT TEST|ELECTRICAL ANALYSIS|WAFER SORT TEST|DEVELOP TEST|PASSIVATION TEST|WAFER SORT TEST|STRIP ANALYSIS|CLEAN YIELD ANALYSIS|LOT RELEASE|SHIP LOT
valid_igbt_0064_f60,SPIN COAT PHOTORESIST|SOFT BAKE|ALIGN MASK LEVEL 5|EXPOSE LITHO LEVEL 5|DEVELOP PHOTORESIST|VIA INSPECTION|VIA ETCH|STRIP RESIST|CLEAN AFTER VIA ETCH|DEPOSIT BARRIER METAL|DEPOSIT METAL SEED|FILL VIA METAL|CMP METAL|MEASURE VIA RESISTANCE|DEPOSIT TOP METAL|ANNEAL METAL|SPIN COAT PHOTORESIST|SOFT BAKE|ALIGN MASK LEVEL 6|EXPOSE LITHO LEVEL 6|DEVELOP PHOTORESIST|METAL PATTERN INSPECTION|METAL ETCH DRY|STRIP PHOTORESIST|CLEAN AFTER METAL ETCH|MEASURE LINE WIDTH|DEPOSIT PASSIVATION|CURE PASSIVATION|MEASURE PASSIVATION THICKNESS|OPEN PAD WINDOW|PAD WINDOW LITHO|DEVELOP PHOTORESIST|PASSIVATION ETCH|STRIP RESIST|CLEAN PAD OPENING|MEASURE PAD OPENING|BACKSIDE GRIND|MEASURE THICKNESS|BACKSIDE ETCH CLEAN|BACKSIDE RINSE|BACKSIDE DRY|BACKSIDE METALLIZATION PREP|DEPOSIT BACKSIDE METAL|BACKSIDE ANNEAL|MEASURE BACKSIDE CONTACT|FINAL CLEAN|FINAL THICKNESS MEASURE|FINAL GEOMETRY CHECK|YIELD ANALYSIS|WAFER SORT TEST|LOT|WAFER SORT TEST|YIELD ANALYSIS|LOT|WAFER SORT TEST|WAFER SORT TEST|LOT|YIELD ANALYSIS|LOT|WAFER SORT TEST|ELECTRICAL TEST|WAFER SORT TEST|LOT|YIELD ANALYSIS|WAFER SORT TEST|LOT|LOT|COAT TEST|COAT TEST|COAT TEST|SWITCHING TEST|WAFER SORT TEST|YIELD ANALYSIS|LOT LOT LOT LOT RELEASE|SHIP LOT
valid_igbt_0064_f80,CURE PASSIVATION|MEASURE PASSIVATION THICKNESS|OPEN PAD WINDOW|PAD WINDOW LITHO|DEVELOP PHOTORESIST|PASSIVATION ETCH|STRIP RESIST|CLEAN PAD OPENING|MEASURE PAD OPENING|BACKSIDE GRIND|MEASURE THICKNESS|BACKSIDE ETCH CLEAN|BACKSIDE RINSE|BACKSIDE DRY|BACKSIDE METALLIZATION PREP|DEPOSIT BACKSIDE METAL|BACKSIDE ANNEAL|MEASURE BACKSIDE CONTACT|FINAL CLEAN|FINAL THICKNESS MEASURE|YIELD ANALYSIS|WAFER SORT TEST|LOT|YIELD ANALYSIS|WAFER SORT TEST|LOT|PARTICLE INSPECTION|WAFER SORT TEST|YIELD ANALYSIS|LOT|WAFER SORT TEST|LOT|ELECTRICAL PARAMETRIC TEST|SWITCHING TEST|WAFER SORT TEST|YIELD ANALYSIS|LOT RELEASE|PACKAGE PREPARATION|PACKAGE PREPARATION|COAT TEST|COAT TEST|COAT TEST|WAFER SORT TEST|YIELD ANALYSIS|LOT RELEASE|SHIP LOT
valid_igbt_0065_f60,SOFT BAKE|ALIGN MASK LEVEL 5|EXPOSE LITHO LEVEL 5|DEVELOP PHOTORESIST|VIA INSPECTION|VIA ETCH|STRIP RESIST|CLEAN AFTER VIA ETCH|DEPOSIT BARRIER METAL|DEPOSIT METAL SEED|FILL VIA METAL|CMP METAL|DEPOSIT TOP METAL|ANNEAL METAL|SPIN COAT PHOTORESIST|SOFT BAKE|ALIGN MASK LEVEL 6|EXPOSE LITHO LEVEL 6|DEVELOP PHOTORESIST|METAL PATTERN INSPECTION|METAL ETCH DRY|STRIP RESIST|CLEAN AFTER METAL ETCH|MEASURE LINE WIDTH|DEPOSIT PASSIVATION|CURE PASSIVATION|MEASURE PASSIVATION THICKNESS|OPEN PAD WINDOW|PAD WINDOW LITHO|DEVELOP PHOTORESIST|PASSIVATION ETCH|STRIP RESIST|CLEAN PAD OPENING|MEASURE PAD OPENING|BACKSIDE GRIND|MEASURE THICKNESS|BACKSIDE ETCH CLEAN|BACKSIDE RINSE|BACKSIDE DRY|BACKSIDE METALLIZATION PREP|DEPOSIT BACKSIDE METAL|BACKSIDE ANNEAL|MEASURE BACKSIDE CONTACT|FINAL CLEAN|FINAL THICKNESS MEASURE|FINAL GEOMETRY CHECK|FINAL PARTICLE INSPECTION|YIELD ANALYSIS|WAFER SORT TEST|LOT|PARTICLE INSPECTION|WAFER SORT TEST|YIELD ANALYSIS|LOT RELEASE|PACKAGE PREPARATION|SHIP LOT
valid_igbt_0065_f80,MEASURE PASSIVATION THICKNESS|OPEN PAD WINDOW|PAD WINDOW LITHO|DEVELOP PHOTORESIST|METAL ETCH|STRIP RESIST|CLEAN PAD OPENING|MEASURE PAD OPENING|BACKSIDE GRIND|MEASURE THICKNESS|BACKSIDE ETCH CLEAN|BACKSIDE RINSE|BACKSIDE DRY|BACKSIDE METALLIZATION PREP|DEPOSIT BACKSIDE METAL|BACKSIDE ANNEAL|MEASURE BACKSIDE CONTACT|FINAL CLEAN|YIELD ANALYSIS|WAFER SORT TEST|LOT|WAFER SORT TEST|YIELD ANALYSIS|LOT|WAFER SORT TEST|WAFER SORT TEST|LOT|YIELD ANALYSIS|LOT|WAFER SORT TEST|LOT|PARAMETRIC TEST|WAFER SORT TEST|YIELD ANALYSIS|LOT RELEASE|PACKAGE PREPARATION|PACKAGE PREPARATION|COAT TEST|COAT TEST|COAT TEST|DEVELOP TEST|PASSIVATION TEST|WAFER SORT TEST|STRIP RESIST|CLEAN YIELD ANALYSIS|LOT RELEASE|PACKAGE PREPARATION|SHIP LOT
valid_igbt_0066_f60,MEASURE DIELECTRIC THICKNESS|CMP METAL|MEASURE PLANARITY|SPIN COAT PHOTORESIST|SOFT BAKE|ALIGN MASK LEVEL 5|EXPOSE LITHO LEVEL 5|DEVELOP PHOTORESIST|METAL INSPECTION|VIA ETCH|STRIP RESIST|CLEAN AFTER VIA ETCH|DEPOSIT BARRIER METAL|DEPOSIT METAL SEED|FILL VIA METAL|CMP METAL|MEASURE VIA RESISTANCE|DEPOSIT TOP METAL|ANNEAL METAL|SPIN COAT PHOTORESIST|SOFT BAKE|ALIGN MASK LEVEL 6|EXPOSE LITHO LEVEL 6|DEVELOP PHOTORESIST|METAL PATTERN INSPECTION|METAL ETCH DRY|STRIP PHOTORESIST|CLEAN AFTER METAL ETCH|DEPOSIT PASSIVATION|CURE PASSIVATION|MEASURE PASSIVATION THICKNESS|OPEN PAD WINDOW|PAD WINDOW LITHO|DEVELOP PHOTORESIST|PASSIVATION ETCH|STRIP RESIST|CLEAN PAD OPENING|MEASURE PAD OPENING|BACKSIDE GRIND|MEASURE THICKNESS|BACKSIDE ETCH CLEAN|BACKSIDE RINSE|BACKSIDE DRY|BACKSIDE METALLIZATION PREP|DEPOSIT BACKSIDE METAL|BACKSIDE ANNEAL|MEASURE BACKSIDE CONTACT|FINAL CLEAN|FINAL THICKNESS MEASURE|FINAL GEOMETRY CHECK|ELECTRICAL PARAMETRIC TEST|LEAKAGE TEST|BREAKDOWN VOLTAGE TEST|SWITCHING TEST|YIELD ANALYSIS|WAFER SORT TEST|LOT|LOT|COAT TEST|COAT TEST|COAT TEST|SWITCHING TEST|WAFER SORT TEST|YIELD ANALYSIS|LOT RELEASE|PACKAGE PREPARATION|SHIP LOT
valid_igbt_0066_f80,CURE PASSIVATION|MEASURE PASSIVATION THICKNESS|OPEN PAD WINDOW|PAD WINDOW LITHO|DEVELOP PHOTORESIST|PASSIVATION ETCH|STRIP RESIST|CLEAN PAD OPENING|MEASURE PAD OPENING|BACKSIDE GRIND|MEASURE THICKNESS|BACKSIDE ETCH CLEAN|BACKSIDE RINSE|BACKSIDE DRY|BACKSIDE METALLIZATION PREP|DEPOSIT BACKSIDE METAL|BACKSIDE ANNEAL|MEASURE BACKSIDE CONTACT|FINAL CLEAN|FINAL THICKNESS MEASURE|ELECTRICAL PARAMETRIC TEST|LEAKAGE TEST|BREAKDOWN VOLTAGE TEST|SWITCHING TEST|YIELD ANALYSIS|WAFER SORT TEST|LOT|LOT|TEST|COAT TEST|ELECTRICAL ANALYSIS|SWITCHING TEST|WAFER SORT TEST|YIELD ANALYSIS|LOT|WAFER SORT TEST|LOT|COAT TEST|COAT TEST|BACKSIDE ANALYSIS|BACKSIDE ANNEAL|MEASURE LOT|COAT TEST|COAT TEST|COAT TEST|DEVELOP TEST|PASSIVATION TEST|WAFER SORT TEST|STRIP ANALYSIS|CLEAN YIELD ANALYSIS|LOT RELEASE|PACKAGE PREPARATION|SHIP LOT
valid_igbt_0067_f60,CMP METAL|MEASURE PLANARITY|SPIN COAT PHOTORESIST|SOFT BAKE|ALIGN MASK LEVEL 5|EXPOSE LITHO LEVEL 5|DEVELOP PHOTORESIST|VIA INSPECTION|VIA ETCH|STRIP RESIST|CLEAN AFTER VIA ETCH|DEPOSIT BARRIER METAL|DEPOSIT METAL SEED|FILL VIA METAL|CMP METAL|DEPOSIT TOP METAL|ANNEAL METAL|SPIN COAT PHOTORESIST|SOFT BAKE|ALIGN MASK LEVEL 6|EXPOSE LITHO LEVEL 6|DEVELOP PHOTORESIST|METAL PATTERN INSPECTION|METAL ETCH DRY|STRIP RESIST|CLEAN AFTER METAL ETCH|MEASURE LINE WIDTH|DEPOSIT PASSIVATION|CURE PASSIVATION|MEASURE PASSIVATION THICKNESS|OPEN PAD WINDOW|PAD WINDOW LITHO|DEVELOP PHOTORESIST|PASSIVATION ETCH|STRIP RESIST|CLEAN PAD OPENING|MEASURE PAD OPENING|BACKSIDE GRIND|MEASURE THICKNESS|BACKSIDE ETCH CLEAN|BACKSIDE RINSE|BACKSIDE DRY|BACKSIDE METALLIZATION PREP|DEPOSIT BACKSIDE METAL|BACKSIDE ANNEAL|MEASURE BACKSIDE CONTACT|FINAL CLEAN|FINAL THICKNESS MEASURE|FINAL GEOMETRY CHECK|FINAL PARTICLE INSPECTION|ELECTRICAL PARAMETRIC TEST|LEAKAGE TEST|BREAKDOWN VOLTAGE TEST|SWITCHING TEST|YIELD ANALYSIS|WAFER SORT TEST|LOT|LOT|COAT TEST|COAT TEST|COAT TEST|SWITCHING TEST|WAFER SORT TEST|YIELD ANALYSIS|LOT|WAFER SORT TEST|LOT LOT LOT LOT LOT|COAT TEST|COAT TEST|WAFER SORT TEST|YIELD ANALYSIS|LOT RELEASE|PACKAGE PREPARATION|COAT TEST|COAT TEST|COAT TEST|COAT TEST|RAPID EXPOSE BAKE|DEVELOP SORT TEST|DIELECTRIC CHECK|DIELECTRIC CHECK|DIELECTRIC CHECK|RAPID EXPOSE BAKE|DEVELOP SORT TEST|DIELECTRIC CHECK|DIELECTRIC BAKE|VIA|DIELECTRIC BAKE
valid_igbt_0067_f80,DEPOSIT PASSIVATION|CURE PASSIVATION|MEASURE PASSIVATION THICKNESS|OPEN PAD WINDOW|PAD WINDOW LITHO|DEVELOP PHOTORESIST|PASSIVATION ETCH|STRIP RESIST|CLEAN PAD OPENING|MEASURE PAD OPENING|BACKSIDE GRIND|MEASURE THICKNESS|BACKSIDE ETCH CLEAN|BACKSIDE RINSE|BACKSIDE DRY|BACKSIDE METALLIZATION PREP|DEPOSIT BACKSIDE METAL|BACKSIDE ANNEAL|MEASURE BACKSIDE CONTACT|FINAL CLEAN|FINAL THICKNESS MEASURE|ELECTRICAL PARAMETRIC TEST|LEAKAGE TEST|BREAKDOWN VOLTAGE TEST|SWITCHING TEST|YIELD ANALYSIS|WAFER SORT TEST|LOT|LOT|COAT TEST|COAT TEST|COAT TEST|SWITCHING TEST|WAFER SORT TEST|YIELD ANALYSIS|LOT|WAFER SORT TEST|ELECTRICAL ANALYSIS|SWITCHING TEST|WAFER SORT TEST|YIELD ANALYSIS|LOT LOT LOT LOT RELEASE|PACKAGE PREPARATION|SHIP LOT
valid_igbt_0068_f60,MEASURE PLANARITY|SPIN COAT PHOTORESIST|SOFT BAKE|ALIGN MASK LEVEL 5|EXPOSE LITHO LEVEL 5|DEVELOP PHOTORESIST|METAL INSPECTION|VIA ETCH|STRIP RESIST|CLEAN AFTER VIA ETCH|DEPOSIT BARRIER METAL|DEPOSIT METAL SEED|FILL VIA METAL|CMP METAL|MEASURE VIA RESISTANCE|DEPOSIT TOP METAL|ANNEAL METAL|SPIN COAT PHOTORESIST|SOFT BAKE|ALIGN MASK LEVEL 6|EXPOSE LITHO LEVEL 6|DEVELOP PHOTORESIST|METAL PATTERN INSPECTION|METAL ETCH DRY|STRIP PHOTORESIST|CLEAN AFTER METAL ETCH|MEASURE LINE WIDTH|DEPOSIT PASSIVATION|CURE PASSIVATION|MEASURE PASSIVATION THICKNESS|OPEN PAD WINDOW|PAD WINDOW LITHO|DEVELOP PHOTORESIST|PASSIVATION ETCH|STRIP PHOTORESIST|CLEAN PAD OPENING|MEASURE PAD OPENING|BACKSIDE GRIND|MEASURE THICKNESS|BACKSIDE ETCH CLEAN|BACKSIDE RINSE|BACKSIDE DRY|BACKSIDE METALLIZATION PREP|DEPOSIT BACKSIDE METAL|BACKSIDE ANNEAL|MEASURE BACKSIDE CONTACT|FINAL CLEAN|FINAL THICKNESS MEASURE|FINAL GEOMETRY CHECK|FINAL PARTICLE INSPECTION|ELECTRICAL PARAMETRIC TEST|LEAKAGE TEST|BREAKDOWN VOLTAGE TEST|SWITCHING TEST|YIELD ANALYSIS|WAFER SORT TEST|LOT|LOT|COAT TEST|COAT TEST|COAT TEST|SWITCHING TEST|WAFER SORT TEST|YIELD ANALYSIS|LOT|WAFER SORT TEST|LOT LOT LOT LOT LOT|COAT TEST|COAT TEST|WAFER SORT TEST|YIELD ANALYSIS|LOT LOT RELEASE|PACKAGE PREPARATION|COAT TEST|COAT TEST|RAPID EXPOSE LITHO|DEVELOP TEST|PASSIVATION ANALYSIS|VIA|DIELECTRIC CHECK|STRIP RESIST|CLEAN YIELD ANALYSIS|LOT LOT LOT LOT LOT|COAT TEST|COAT TEST|COAT TEST|SWITCHING TEST|WAFER SORT TEST
valid_igbt_0068_f80,MEASURE PASSIVATION THICKNESS|OPEN PAD WINDOW|PAD WINDOW LITHO|DEVELOP PHOTORESIST|PASSIVATION ETCH|STRIP RESIST|CLEAN PAD OPENING|MEASURE PAD OPENING|BACKSIDE GRIND|MEASURE THICKNESS|BACKSIDE ETCH CLEAN|BACKSIDE RINSE|BACKSIDE DRY|BACKSIDE METALLIZATION PREP|DEPOSIT BACKSIDE METAL|BACKSIDE ANNEAL|MEASURE BACKSIDE CONTACT|FINAL CLEAN|FINAL THICKNESS MEASURE|ELECTRICAL PARAMETRIC TEST|LEAKAGE TEST|BREAKDOWN VOLTAGE TEST|SWITCHING TEST|YIELD ANALYSIS|WAFER SORT TEST|LOT|LOT|COAT TEST|COAT TEST|ELECTRICAL ANALYSIS|SWITCHING TEST|WAFER SORT TEST|YIELD ANALYSIS|LOT|WAFER SORT TEST|ELECTRICAL ANALYSIS|SWITCHING TEST|WAFER SORT TEST|YIELD ANALYSIS|LOT RELEASE|PACKAGE PREPARATION|PACKAGE PREPARATION|COAT TEST|COAT TEST|COAT TEST|WAFER SORT TEST|YIELD ANALYSIS|LOT LOT LOT LOT RELEASE|SHIP LOT
valid_igbt_0069_f60,MEASURE PLANARITY|SPIN COAT PHOTORESIST|SOFT BAKE|ALIGN MASK LEVEL 5|EXPOSE LITHO LEVEL 5|DEVELOP PHOTORESIST|METAL INSPECTION|VIA ETCH|STRIP RESIST|CLEAN AFTER VIA ETCH|DEPOSIT BARRIER METAL|DEPOSIT METAL SEED|FILL VIA METAL|CMP METAL|MEASURE VIA RESISTANCE|DEPOSIT TOP METAL|ANNEAL METAL|SPIN COAT PHOTORESIST|SOFT BAKE|ALIGN MASK LEVEL 6|EXPOSE LITHO LEVEL 6|DEVELOP PHOTORESIST|METAL PATTERN INSPECTION|METAL ETCH DRY|STRIP PHOTORESIST|CLEAN AFTER METAL ETCH|MEASURE LINE WIDTH|DEPOSIT PASSIVATION|CURE PASSIVATION|MEASURE PASSIVATION THICKNESS|OPEN PAD WINDOW|PAD WINDOW LITHO|DEVELOP PHOTORESIST|PASSIVATION ETCH|STRIP RESIST|CLEAN PAD OPENING|MEASURE PAD OPENING|BACKSIDE GRIND|MEASURE THICKNESS|BACKSIDE ETCH CLEAN|BACKSIDE RINSE|BACKSIDE DRY|BACKSIDE METALLIZATION PREP|DEPOSIT BACKSIDE METAL|BACKSIDE ANNEAL|MEASURE BACKSIDE CONTACT|FINAL CLEAN|FINAL THICKNESS MEASURE|FINAL PARTICLE INSPECTION|ELECTRICAL PARAMETRIC TEST|LEAKAGE TEST|BREAKDOWN VOLTAGE TEST|SWITCHING TEST|YIELD ANALYSIS|WAFER SORT TEST|LOT|LOT|COAT TEST|COAT TEST|COAT TEST|SWITCHING TEST|WAFER SORT TEST|YIELD ANALYSIS|LOT RELEASE|PACKAGE PREPARATION|SHIP LOT
valid_igbt_0069_f80,CURE PASSIVATION|MEASURE PASSIVATION THICKNESS|OPEN PAD WINDOW|PAD WINDOW LITHO|DEVELOP PHOTORESIST|PASSIVATION ETCH|STRIP RESIST|CLEAN PAD OPENING|MEASURE PAD OPENING|BACKSIDE GRIND|MEASURE THICKNESS|BACKSIDE ETCH CLEAN|BACKSIDE RINSE|BACKSIDE DRY|BACKSIDE METALLIZATION PREP|DEPOSIT BACKSIDE METAL|BACKSIDE ANNEAL|MEASURE BACKSIDE CONTACT|FINAL CLEAN|YIELD ANALYSIS|WAFER SORT TEST|LOT|WAFER SORT TEST|YIELD ANALYSIS|LOT|WAFER SORT TEST|WAFER SORT TEST|LOT|YIELD ANALYSIS|LOT|WAFER SORT TEST|LOT|ELECTRICAL ANALYSIS|WAFER SORT TEST|LOT|YIELD ANALYSIS|WAFER SORT TEST|LOT|LOT|COAT TEST|COAT TEST|COAT TEST|WAFER SORT TEST|YIELD ANALYSIS|LOT LOT LOT RELEASE|COAT TEST|SHIP LOT
valid_igbt_0070_f60,SPIN COAT PHOTORESIST|SOFT BAKE|ALIGN MASK LEVEL 5|EXPOSE LITHO LEVEL 5|DEVELOP PHOTORESIST|VIA INSPECTION|VIA ETCH|STRIP RESIST|CLEAN AFTER VIA ETCH|DEPOSIT BARRIER METAL|DEPOSIT METAL SEED|FILL VIA METAL|CMP METAL|DEPOSIT TOP METAL|ANNEAL METAL|SPIN COAT PHOTORESIST|SOFT BAKE|ALIGN MASK LEVEL 6|EXPOSE LITHO LEVEL 6|DEVELOP PHOTORESIST|METAL PATTERN INSPECTION|METAL ETCH DRY|STRIP RESIST|CLEAN AFTER METAL ETCH|MEASURE LINE WIDTH|DEPOSIT PASSIVATION|CURE PASSIVATION|MEASURE PASSIVATION THICKNESS|OPEN PAD WINDOW|PAD WINDOW LITHO|DEVELOP PHOTORESIST|PASSIVATION ETCH|STRIP RESIST|CLEAN PAD OPENING|MEASURE PAD OPENING|BACKSIDE GRIND|MEASURE THICKNESS|BACKSIDE ETCH CLEAN|BACKSIDE RINSE|BACKSIDE DRY|BACKSIDE METALLIZATION PREP|DEPOSIT BACKSIDE METAL|BACKSIDE ANNEAL|MEASURE BACKSIDE CONTACT|FINAL CLEAN|FINAL THICKNESS MEASURE|FINAL GEOMETRY CHECK|FINAL PARTICLE INSPECTION|ELECTRICAL PARAMETRIC TEST|LEAKAGE TEST|BREAKDOWN VOLTAGE TEST|SWITCHING TEST|YIELD ANALYSIS|WAFER SORT TEST|LOT|LOT|COAT TEST|COAT TEST|COAT TEST|SWITCHING TEST|WAFER SORT TEST|YIELD ANALYSIS|LOT|WAFER SORT TEST|LOT LOT LOT LOT LOT|COAT TEST|COAT TEST|WAFER SORT TEST|YIELD ANALYSIS|LOT RELEASE|PACKAGE PREPARATION|COAT TEST|COAT TEST|COAT TEST|COAT TEST|RAPID EXPOSE BAKE|DEVELOP SORT TEST|DIELECTRIC CHECK|DIELECTRIC CHECK|DIELECTRIC CHECK|RAPID EXPOSE BAKE|DEVELOP SORT TEST|DIELECTRIC CHECK|DIELECTRIC BAKE|VIA|DIELECTRIC BAKE|DIELECTRIC CHECK|RAPID EXPOSE LITHO
valid_igbt_0070_f80,CURE PASSIVATION|MEASURE PASSIVATION THICKNESS|OPEN PAD WINDOW|PAD WINDOW LITHO|DEVELOP PHOTORESIST|PASSIVATION ETCH|STRIP RESIST|CLEAN PAD OPENING|MEASURE PAD OPENING|BACKSIDE GRIND|MEASURE THICKNESS|BACKSIDE ETCH CLEAN|BACKSIDE RINSE|BACKSIDE DRY|BACKSIDE METALLIZATION PREP|DEPOSIT BACKSIDE METAL|BACKSIDE ANNEAL|MEASURE BACKSIDE CONTACT|FINAL CLEAN|FINAL THICKNESS MEASURE|YIELD ANALYSIS|WAFER SORT TEST|LOT|YIELD ANALYSIS|WAFER SORT TEST|LOT|PARTICLE INSPECTION|WAFER SORT TEST|YIELD ANALYSIS|LOT|WAFER SORT TEST|LOT|ELECTRICAL PARAMETRIC TEST|SWITCHING TEST|WAFER SORT TEST|YIELD ANALYSIS|LOT RELEASE|PACKAGE PREPARATION|PACKAGE PREPARATION|COAT TEST|COAT TEST|COAT TEST|WAFER SORT TEST|YIELD ANALYSIS|LOT RELEASE|COAT TEST|SHIP LOT
valid_igbt_0071_f60,SPIN COAT PHOTORESIST|SOFT BAKE|ALIGN MASK LEVEL 5|EXPOSE LITHO LEVEL 5|DEVELOP PHOTORESIST|METAL INSPECTION|VIA ETCH|STRIP RESIST|CLEAN AFTER VIA ETCH|DEPOSIT BARRIER METAL|DEPOSIT METAL SEED|FILL VIA METAL|CMP METAL|DEPOSIT METAL 1|ANNEAL METAL|SPIN COAT PHOTORESIST|SOFT BAKE|ALIGN MASK LEVEL 6|EXPOSE LITHO LEVEL 6|DEVELOP PHOTORESIST|METAL PATTERN INSPECTION|METAL ETCH DRY|STRIP RESIST|CLEAN AFTER METAL ETCH|MEASURE LINE WIDTH|DEPOSIT PASSIVATION|CURE PASSIVATION|MEASURE PASSIVATION THICKNESS|OPEN PAD WINDOW|PAD WINDOW LITHO|DEVELOP PHOTORESIST|PASSIVATION ETCH|STRIP RESIST|CLEAN PAD OPENING|MEASURE PAD OPENING|BACKSIDE GRIND|MEASURE THICKNESS|BACKSIDE ETCH CLEAN|BACKSIDE RINSE|BACKSIDE DRY|BACKSIDE METALLIZATION PREP|DEPOSIT BACKSIDE METAL|BACKSIDE ANNEAL|MEASURE BACKSIDE CONTACT|FINAL CLEAN|FINAL THICKNESS MEASURE|FINAL GEOMETRY CHECK|FINAL PARTICLE INSPECTION|YIELD ANALYSIS|WAFER SORT TEST|LOT|WAFER SORT TEST|YIELD ANALYSIS|LOT RELEASE|PACKAGE PREPARATION|COAT TEST|COAT TEST|ELECTRICAL PARAMETRIC TEST|SWITCHING TEST|YIELD ANALYSIS|WAFER SORT TEST|LOT|LOT|COAT TEST|COAT TEST|COAT TEST|SWITCHING TEST|WAFER SORT TEST|YIELD ANALYSIS|LOT LOT RELEASE|PACKAGE PREPARATION|SHIP LOT
valid_igbt_0071_f80,MEASURE PASSIVATION THICKNESS|OPEN PAD WINDOW|PAD WINDOW LITHO|DEVELOP PHOTORESIST|PASSIVATION ETCH|STRIP RESIST|CLEAN PAD OPENING|MEASURE PAD OPENING|BACKSIDE GRIND|MEASURE THICKNESS|BACKSIDE ETCH CLEAN|BACKSIDE RINSE|BACKSIDE DRY|BACKSIDE METALLIZATION PREP|DEPOSIT BACKSIDE METAL|BACKSIDE ANNEAL|MEASURE BACKSIDE CONTACT|FINAL CLEAN|FINAL THICKNESS MEASURE|FINAL PARTICLE INSPECTION|YIELD ANALYSIS|WAFER SORT TEST|LOT|WAFER SORT TEST|YIELD ANALYSIS|LOT|WAFER SORT TEST|WAFER SORT TEST|LOT|YIELD ANALYSIS|LOT|LOT|WAFER SORT TEST|ELECTRICAL ANALYSIS|SWITCHING TEST|WAFER SORT TEST|YIELD ANALYSIS|LOT RELEASE|PACKAGE PREPARATION|PACKAGE PREPARATION|COAT TEST|COAT TEST|COAT TEST|WAFER SORT TEST|YIELD ANALYSIS|LOT LOT LOT LOT RELEASE|SHIP LOT
valid_igbt_0072_f60,MEASURE PLANARITY|SPIN COAT PHOTORESIST|SOFT BAKE|ALIGN MASK LEVEL 5|EXPOSE LITHO LEVEL 5|DEVELOP PHOTORESIST|METAL INSPECTION|VIA ETCH|STRIP RESIST|CLEAN AFTER VIA ETCH|DEPOSIT BARRIER METAL|DEPOSIT METAL SEED|FILL VIA METAL|CMP METAL|DEPOSIT TOP METAL|ANNEAL METAL|SPIN COAT PHOTORESIST|SOFT BAKE|ALIGN MASK LEVEL 6|EXPOSE LITHO LEVEL 6|DEVELOP PHOTORESIST|METAL PATTERN INSPECTION|METAL ETCH DRY|STRIP RESIST|CLEAN AFTER METAL ETCH|MEASURE LINE WIDTH|DEPOSIT PASSIVATION|CURE PASSIVATION|MEASURE PASSIVATION THICKNESS|OPEN PAD WINDOW|PAD WINDOW LITHO|DEVELOP PHOTORESIST|PASSIVATION ETCH|STRIP RESIST|CLEAN PAD OPENING|MEASURE PAD OPENING|BACKSIDE GRIND|MEASURE THICKNESS|BACKSIDE ETCH CLEAN|BACKSIDE RINSE|BACKSIDE DRY|BACKSIDE METALLIZATION PREP|DEPOSIT BACKSIDE METAL|BACKSIDE ANNEAL|MEASURE BACKSIDE CONTACT|FINAL CLEAN|FINAL THICKNESS MEASURE|FINAL GEOMETRY CHECK|FINAL PARTICLE INSPECTION|YIELD ANALYSIS|WAFER SORT TEST|LOT|PARTICLE INSPECTION|WAFER SORT TEST|YIELD ANALYSIS|LOT|WAFER SORT TEST|LOT|ELECTRICAL PARAMETRIC TEST|SWITCHING TEST|YIELD ANALYSIS|WAFER SORT TEST|LOT|LOT|COAT TEST|COAT TEST|COAT TEST|BACKSIDE CONTACT|SWITCHING TEST|WAFER SORT TEST|YIELD ANALYSIS|LOT RELEASE|PACKAGE PREPARATION|COAT TEST|WAFER SORT TEST|YIELD ANALYSIS|LOT RELEASE|SHIP LOT
valid_igbt_0072_f80,MEASURE PASSIVATION THICKNESS|OPEN PAD WINDOW|PAD WINDOW LITHO|DEVELOP PHOTORESIST|PASSIVATION ETCH|STRIP RESIST|CLEAN PAD OPENING|MEASURE PAD OPENING|BACKSIDE GRIND|MEASURE THICKNESS|BACKSIDE ETCH CLEAN|BACKSIDE RINSE|BACKSIDE DRY|BACKSIDE METALLIZATION PREP|DEPOSIT BACKSIDE METAL|BACKSIDE ANNEAL|MEASURE BACKSIDE CONTACT|FINAL CLEAN|FINAL THICKNESS MEASURE|FINAL PARTICLE INSPECTION|ELECTRICAL PARAMETRIC TEST|LEAKAGE TEST|BREAKDOWN VOLTAGE TEST|SWITCHING TEST|YIELD ANALYSIS|WAFER SORT TEST|LOT|LOT|COAT TEST|COAT TEST|COAT TEST|SWITCHING TEST|WAFER SORT TEST|YIELD ANALYSIS|LOT|WAFER SORT TEST|ELECTRICAL ANALYSIS|WAFER SORT TEST|SWITCHING TEST|WAFER SORT TEST|YIELD ANALYSIS|LOT LOT LOT LOT RELEASE|COAT TEST|SHIP LOT
valid_igbt_0073_f60,DEPOSIT INTERLAYER DIELECTRIC|DENSIFY DIELECTRIC|MEASURE DIELECTRIC THICKNESS|DEPOSIT INTERLAYER DIELECTRIC|DENSIFY DIELECTRIC|MEASURE DIELECTRIC THICKNESS|SPIN COAT PHOTORESIST|SOFT BAKE|ALIGN MASK LEVEL 5|EXPOSE LITHO LEVEL 5|DEVELOP PHOTORESIST|VIA INSPECTION|VIA ETCH|STRIP RESIST|CLEAN AFTER VIA ETCH|DEPOSIT BARRIER METAL|DEPOSIT METAL SEED|FILL VIA METAL|CMP METAL|MEASURE VIA RESISTANCE|DEPOSIT TOP METAL|ANNEAL METAL|SPIN COAT PHOTORESIST|SOFT BAKE|ALIGN MASK LEVEL 6|EXPOSE LITHO LEVEL 6|DEVELOP PHOTORESIST|METAL PATTERN INSPECTION|METAL ETCH DRY|STRIP RESIST|CLEAN AFTER METAL ETCH|DEPOSIT PASSIVATION|CURE PASSIVATION|MEASURE PASSIVATION THICKNESS|OPEN PAD WINDOW|PAD WINDOW LITHO|DEVELOP PHOTORESIST|PASSIVATION ETCH|STRIP RESIST|CLEAN PAD OPENING|MEASURE PAD OPENING|BACKSIDE GRIND|MEASURE THICKNESS|BACKSIDE ETCH CLEAN|BACKSIDE RINSE|BACKSIDE DRY|BACKSIDE METALLIZATION PREP|DEPOSIT BACKSIDE METAL|BACKSIDE ANNEAL|MEASURE BACKSIDE CONTACT|FINAL CLEAN|FINAL THICKNESS MEASURE|ELECTRICAL PARAMETRIC TEST|LEAKAGE TEST|BREAKDOWN VOLTAGE TEST|SWITCHING TEST|YIELD ANALYSIS|WAFER SORT TEST|LOT|LOT|COAT PHOTORESIST|COAT PHOTORESIST|ELECTRICAL PARAMETRIC TEST|SWITCHING TEST|WAFER SORT TEST|YIELD ANALYSIS|LOT|WAFER SORT TEST|LOT|ELECTRICAL ANALYSIS|WAFER SORT TEST|SWITCHING TEST|WAFER SORT TEST|YIELD ANALYSIS|LOT RELEASE|PACKAGE PREPARATION|PACKAGE PREPARATION|SHIP LOT
valid_igbt_0073_f80,MEASURE PASSIVATION THICKNESS|OPEN PAD WINDOW|PAD WINDOW LITHO|DEVELOP PHOTORESIST|PASSIVATION ETCH|STRIP PHOTORESIST|CLEAN PAD OPENING|MEASURE PAD OPENING|BACKSIDE GRIND|MEASURE THICKNESS|BACKSIDE ETCH CLEAN|BACKSIDE RINSE|BACKSIDE DRY|BACKSIDE METALLIZATION PREP|DEPOSIT BACKSIDE METAL|BACKSIDE ANNEAL|MEASURE BACKSIDE CONTACT|FINAL CLEAN|FINAL THICKNESS MEASURE|FINAL GEOMETRY CHECK|FINAL PARTICLE INSPECTION|ELECTRICAL PARAMETRIC TEST|LEAKAGE TEST|BREAKDOWN VOLTAGE TEST|SWITCHING TEST|YIELD ANALYSIS|WAFER SORT TEST|LOT|LOT|COAT TEST|COAT TEST|COAT TEST|SWITCHING TEST|WAFER SORT TEST|YIELD ANALYSIS|LOT|WAFER SORT TEST|ELECTRICAL ANALYSIS|WAFER SORT TEST|LOT LOT LOT LOT LOT|COAT TEST|WAFER SORT TEST|YIELD ANALYSIS|LOT LOT LOT LOT LOT|WAFER SORT TEST|YIELD ANALYSIS|LOT LOT LOT LOT|WAFER SORT TEST|ELECTRICAL YIELD ANALYSIS|WAFER SORT TEST|LOT|LOT LOT LOT LOT LOT|CMP DIELECTRIC CHECK|COAT SORT TEST|YIELD ANALYSIS|LOT LOT LOT LOT|DENSIFY TEST|DENSIFY TEST
valid_igbt_0074_f60,DEPOSIT INTERLAYER DIELECTRIC|DENSIFY DIELECTRIC|MEASURE DIELECTRIC THICKNESS|SPIN COAT PHOTORESIST|SOFT BAKE|ALIGN MASK LEVEL 5|EXPOSE LITHO LEVEL 5|DEVELOP PHOTORESIST|VIA INSPECTION|VIA ETCH|STRIP RESIST|CLEAN AFTER VIA ETCH|DEPOSIT BARRIER METAL|DEPOSIT METAL SEED|FILL VIA METAL|CMP METAL|MEASURE VIA RESISTANCE|DEPOSIT TOP METAL|ANNEAL METAL|SPIN COAT PHOTORESIST|SOFT BAKE|ALIGN MASK LEVEL 6|EXPOSE LITHO LEVEL 6|DEVELOP PHOTORESIST|METAL PATTERN INSPECTION|METAL ETCH DRY|STRIP PHOTORESIST|CLEAN AFTER METAL ETCH|MEASURE LINE WIDTH|DEPOSIT PASSIVATION|CURE PASSIVATION|MEASURE PASSIVATION THICKNESS|OPEN PAD WINDOW|PAD WINDOW LITHO|DEVELOP PHOTORESIST|PASSIVATION ETCH|STRIP RESIST|CLEAN PAD OPENING|MEASURE PAD OPENING|BACKSIDE GRIND|MEASURE THICKNESS|BACKSIDE ETCH CLEAN|BACKSIDE RINSE|BACKSIDE DRY|BACKSIDE METALLIZATION PREP|DEPOSIT BACKSIDE METAL|BACKSIDE ANNEAL|MEASURE BACKSIDE CONTACT|FINAL CLEAN|FINAL THICKNESS MEASURE|ELECTRICAL PARAMETRIC TEST|LEAKAGE TEST|BREAKDOWN VOLTAGE TEST|SWITCHING TEST|YIELD ANALYSIS|WAFER SORT TEST|LOT|LOT|COAT TEST|COAT TEST|ELECTRICAL ANALYSIS|SWITCHING TEST|WAFER SORT TEST|YIELD ANALYSIS|LOT|WAFER SORT TEST|LOT|ELECTRICAL ANALYSIS|WAFER SORT TEST|SWITCHING TEST|WAFER SORT TEST|YIELD ANALYSIS|LOT RELEASE|PACKAGE PREPARATION|COAT TEST|COAT TEST|COAT TEST|COAT TEST|DEVELOP TEST|PASSIVATION TEST|STRIP ANALYSIS|CLEAN YIELD ANALYSIS|WAFER SORT TEST|LOT LOT LOT YIELD ANALYSIS|WAFER SORT TEST|LOT LOT LOT LOT LOT|WAFER SORT TEST|YIELD ANALYSIS
valid_igbt_0074_f80,DEPOSIT PASSIVATION|CURE PASSIVATION|MEASURE PASSIVATION THICKNESS|OPEN PAD WINDOW|PAD WINDOW LITHO|DEVELOP PHOTORESIST|PASSIVATION ETCH|STRIP RESIST|CLEAN PAD OPENING|MEASURE PAD OPENING|BACKSIDE GRIND|MEASURE THICKNESS|BACKSIDE ETCH CLEAN|BACKSIDE RINSE|BACKSIDE DRY|BACKSIDE METALLIZATION PREP|DEPOSIT BACKSIDE METAL|BACKSIDE ANNEAL|MEASURE BACKSIDE CONTACT|FINAL CLEAN|FINAL THICKNESS MEASURE|FINAL PARTICLE INSPECTION|YIELD ANALYSIS|WAFER SORT TEST|LOT|WAFER SORT TEST|YIELD ANALYSIS|LOT|WAFER SORT TEST|WAFER SORT TEST|LOT|YIELD ANALYSIS|LOT|WAFER SORT TEST|ELECTRICAL TEST|SWITCHING TEST|WAFER SORT TEST|YIELD ANALYSIS|LOT RELEASE|PACKAGE PREPARATION|PACKAGE PREPARATION|SHIP LOT
valid_igbt_0075_f60,MEASURE PLANARITY|SPIN COAT PHOTORESIST|SOFT BAKE|ALIGN MASK LEVEL 5|EXPOSE LITHO LEVEL 5|DEVELOP PHOTORESIST|METAL INSPECTION|VIA ETCH|STRIP RESIST|CLEAN AFTER VIA ETCH|DEPOSIT BARRIER METAL|DEPOSIT METAL SEED|FILL VIA METAL|CMP METAL|DEPOSIT METAL 1|ANNEAL METAL|SPIN COAT PHOTORESIST|SOFT BAKE|ALIGN MASK LEVEL 6|EXPOSE LITHO LEVEL 6|DEVELOP PHOTORESIST|METAL PATTERN INSPECTION|METAL ETCH DRY|STRIP RESIST|CLEAN AFTER METAL ETCH|MEASURE LINE WIDTH|DEPOSIT PASSIVATION|CURE PASSIVATION|MEASURE PASSIVATION THICKNESS|OPEN PAD WINDOW|PAD WINDOW LITHO|DEVELOP PHOTORESIST|PASSIVATION ETCH|STRIP RESIST|CLEAN PAD OPENING|MEASURE PAD OPENING|BACKSIDE GRIND|MEASURE THICKNESS|BACKSIDE ETCH CLEAN|BACKSIDE RINSE|BACKSIDE DRY|BACKSIDE METALLIZATION PREP|DEPOSIT BACKSIDE METAL|BACKSIDE ANNEAL|MEASURE BACKSIDE CONTACT|FINAL CLEAN|FINAL THICKNESS MEASURE|FINAL GEOMETRY CHECK|FINAL PARTICLE INSPECTION|ELECTRICAL PARAMETRIC TEST|LEAKAGE TEST|BREAKDOWN VOLTAGE TEST|SWITCHING TEST|YIELD ANALYSIS|WAFER SORT TEST|LOT|LOT|COAT TEST|COAT TEST|COAT TEST|SWITCHING TEST|WAFER SORT TEST|YIELD ANALYSIS|LOT|WAFER SORT TEST|LOT LOT LOT LOT LOT|COAT TEST|COAT TEST|WAFER SORT TEST|YIELD ANALYSIS|LOT LOT LOT LOT RELEASE|PACKAGE PREPARATION|SHIP LOT
valid_igbt_0075_f80,CURE PASSIVATION|MEASURE PASSIVATION THICKNESS|OPEN PAD WINDOW|PAD WINDOW LITHO|DEVELOP PHOTORESIST|PASSIVATION ETCH|STRIP RESIST|CLEAN PAD OPENING|MEASURE PAD OPENING|BACKSIDE GRIND|MEASURE THICKNESS|BACKSIDE ETCH CLEAN|BACKSIDE RINSE|BACKSIDE DRY|BACKSIDE METALLIZATION PREP|DEPOSIT BACKSIDE METAL|BACKSIDE ANNEAL|MEASURE BACKSIDE CONTACT|FINAL CLEAN|FINAL THICKNESS MEASURE|ELECTRICAL PARAMETRIC TEST|LEAKAGE TEST|BREAKDOWN VOLTAGE TEST|SWITCHING TEST|YIELD ANALYSIS|WAFER SORT TEST|LOT|LOT|COAT TEST|COAT TEST|COAT TEST|SWITCHING TEST|WAFER SORT TEST|YIELD ANALYSIS|LOT RELEASE|PACKAGE PREPARATION|SHIP LOT
valid_igbt_0076_f60,DEPOSIT INTERLAYER DIELECTRIC|DENSIFY DIELECTRIC|MEASURE DIELECTRIC THICKNESS|SPIN COAT PHOTORESIST|SOFT BAKE|ALIGN MASK LEVEL 5|EXPOSE LITHO LEVEL 5|DEVELOP PHOTORESIST|VIA INSPECTION|VIA ETCH|STRIP RESIST|CLEAN AFTER VIA ETCH|DEPOSIT BARRIER METAL|DEPOSIT METAL SEED|FILL VIA METAL|CMP METAL|MEASURE VIA RESISTANCE|DEPOSIT TOP METAL|ANNEAL METAL|SPIN COAT PHOTORESIST|SOFT BAKE|ALIGN MASK LEVEL 6|EXPOSE LITHO LEVEL 6|DEVELOP PHOTORESIST|METAL PATTERN INSPECTION|METAL ETCH DRY|STRIP PHOTORESIST|CLEAN AFTER METAL ETCH|DEPOSIT PASSIVATION|CURE PASSIVATION|MEASURE PASSIVATION THICKNESS|OPEN PAD WINDOW|PAD WINDOW LITHO|DEVELOP PHOTORESIST|PASSIVATION ETCH|STRIP RESIST|CLEAN PAD OPENING|MEASURE PAD OPENING|BACKSIDE GRIND|MEASURE THICKNESS|BACKSIDE ETCH CLEAN|BACKSIDE RINSE|BACKSIDE DRY|BACKSIDE METALLIZATION PREP|DEPOSIT BACKSIDE METAL|BACKSIDE ANNEAL|MEASURE BACKSIDE CONTACT|FINAL CLEAN|FINAL THICKNESS MEASURE|FINAL GEOMETRY CHECK|FINAL PARTICLE INSPECTION|YIELD ANALYSIS|WAFER SORT TEST|LOT|PARTICLE INSPECTION|WAFER SORT TEST|YIELD ANALYSIS|LOT|WAFER SORT TEST|LOT|ELECTRICAL PARAMETRIC TEST|SWITCHING TEST|YIELD ANALYSIS|WAFER SORT TEST|LOT|LOT|COAT TEST|COAT TEST|COAT TEST|BACKSIDE CONTACT|SWITCHING TEST|WAFER SORT TEST|YIELD ANALYSIS|LOT RELEASE|PACKAGE PREPARATION|SHIP LOT
valid_igbt_0076_f80,CURE PASSIVATION|MEASURE PASSIVATION THICKNESS|OPEN PAD WINDOW|PAD WINDOW LITHO|DEVELOP PHOTORESIST|PASSIVATION ETCH|STRIP RESIST|CLEAN PAD OPENING|MEASURE PAD OPENING|BACKSIDE GRIND|MEASURE THICKNESS|BACKSIDE ETCH CLEAN|BACKSIDE RINSE|BACKSIDE DRY|BACKSIDE METALLIZATION PREP|DEPOSIT BACKSIDE METAL|BACKSIDE ANNEAL|MEASURE BACKSIDE CONTACT|FINAL CLEAN|FINAL THICKNESS MEASURE|FINAL PARTICLE INSPECTION|YIELD ANALYSIS|WAFER SORT TEST|LOT|WAFER SORT TEST|YIELD ANALYSIS|LOT|WAFER SORT TEST|WAFER SORT TEST|LOT|YIELD ANALYSIS|LOT|WAFER SORT TEST|LOT|ELECTRICAL PARAMETRIC TEST|WAFER SORT TEST|YIELD ANALYSIS|LOT RELEASE|PACKAGE PREPARATION|PACKAGE PREPARATION|COAT TEST|COAT TEST|COAT TEST|SWITCHING TEST|WAFER SORT TEST|YIELD ANALYSIS|LOT RELEASE|SHIP LOT
valid_igbt_0077_f60,MEASURE PLANARITY|SPIN COAT PHOTORESIST|SOFT BAKE|ALIGN MASK LEVEL 5|EXPOSE LITHO LEVEL 5|DEVELOP PHOTORESIST|VIA INSPECTION|VIA ETCH|STRIP RESIST|CLEAN AFTER VIA ETCH|DEPOSIT BARRIER METAL|DEPOSIT METAL SEED|FILL VIA METAL|CMP METAL|DEPOSIT METAL 1|ANNEAL METAL|SPIN COAT PHOTORESIST|SOFT BAKE|ALIGN MASK LEVEL 6|EXPOSE LITHO LEVEL 6|DEVELOP PHOTORESIST|METAL PATTERN INSPECTION|METAL ETCH DRY|STRIP RESIST|CLEAN AFTER METAL ETCH|MEASURE LINE WIDTH|DEPOSIT PASSIVATION|CURE PASSIVATION|MEASURE PASSIVATION THICKNESS|OPEN PAD WINDOW|PAD WINDOW LITHO|DEVELOP PHOTORESIST|PASSIVATION ETCH|STRIP RESIST|CLEAN PAD OPENING|MEASURE PAD OPENING|BACKSIDE GRIND|MEASURE THICKNESS|BACKSIDE ETCH CLEAN|BACKSIDE RINSE|BACKSIDE DRY|BACKSIDE METALLIZATION PREP|DEPOSIT BACKSIDE METAL|BACKSIDE ANNEAL|MEASURE BACKSIDE CONTACT|FINAL CLEAN|FINAL THICKNESS MEASURE|FINAL GEOMETRY CHECK|FINAL PARTICLE INSPECTION|ELECTRICAL PARAMETRIC TEST|LEAKAGE TEST|BREAKDOWN VOLTAGE TEST|SWITCHING TEST|YIELD ANALYSIS|WAFER SORT TEST|LOT|LOT|COAT TEST|COAT TEST|COAT TEST|SWITCHING TEST|WAFER SORT TEST|YIELD ANALYSIS|LOT|WAFER SORT TEST|LOT LOT LOT LOT LOT|COAT TEST|COAT TEST|WAFER SORT TEST|YIELD ANALYSIS|LOT RELEASE|PACKAGE PREPARATION|COAT TEST|COAT TEST|COAT TEST|COAT TEST|RAPID EXPOSE BAKE|DEVELOP SORT TEST|DIELECTRIC CHECK|DIELECTRIC CHECK|DIELECTRIC CHECK|RAPID EXPOSE BAKE|DEVELOP SORT TEST|DIELECTRIC CHECK|DIELECTRIC BAKE|VIA|DIELECTRIC BAKE
valid_igbt_0077_f80,DEPOSIT PASSIVATION|CURE PASSIVATION|MEASURE PASSIVATION THICKNESS|OPEN PAD WINDOW|PAD WINDOW LITHO|DEVELOP PHOTORESIST|PASSIVATION ETCH|STRIP RESIST|CLEAN PAD OPENING|MEASURE PAD OPENING|BACKSIDE GRIND|MEASURE THICKNESS|BACKSIDE ETCH CLEAN|BACKSIDE RINSE|BACKSIDE DRY|BACKSIDE METALLIZATION PREP|DEPOSIT BACKSIDE METAL|BACKSIDE ANNEAL|MEASURE BACKSIDE CONTACT|FINAL CLEAN|YIELD ANALYSIS|WAFER SORT TEST|LOT|WAFER SORT TEST|YIELD ANALYSIS|LOT|WAFER SORT TEST|WAFER SORT TEST|LOT|YIELD ANALYSIS|LOT|WAFER SORT TEST|LOT|ELECTRICAL ANALYSIS|WAFER SORT TEST|LOT|YIELD ANALYSIS|WAFER SORT TEST|LOT|LOT|COAT TEST|COAT TEST|COAT TEST|SWITCHING TEST|WAFER SORT TEST|YIELD ANALYSIS|LOT RELEASE|COAT TEST|SHIP LOT
valid_igbt_0078_f60,SOFT BAKE|ALIGN MASK LEVEL 5|EXPOSE LITHO LEVEL 5|DEVELOP PHOTORESIST|VIA INSPECTION|VIA ETCH|STRIP RESIST|CLEAN AFTER VIA ETCH|DEPOSIT BARRIER METAL|DEPOSIT METAL SEED|FILL VIA METAL|CMP METAL|DEPOSIT TOP METAL|ANNEAL METAL|SPIN COAT PHOTORESIST|SOFT BAKE|ALIGN MASK LEVEL 6|EXPOSE LITHO LEVEL 6|DEVELOP PHOTORESIST|METAL PATTERN INSPECTION|METAL ETCH DRY|STRIP RESIST|CLEAN AFTER METAL ETCH|MEASURE LINE WIDTH|DEPOSIT PASSIVATION|CURE PASSIVATION|MEASURE PASSIVATION QUALITY|OPEN PAD WINDOW|PAD WINDOW LITHO|DEVELOP PAD WINDOW|PASSIVATION ETCH|STRIP RESIST|CLEAN PAD OPENING|MEASURE PAD OPENING|BACKSIDE GRIND|MEASURE THICKNESS|BACKSIDE ETCH CLEAN|BACKSIDE RINSE|BACKSIDE DRY|BACKSIDE METALLIZATION PREP|DEPOSIT BACKSIDE METAL|BACKSIDE ANNEAL|MEASURE BACKSIDE CONTACT|FINAL CLEAN|FINAL THICKNESS MEASURE|FINAL GEOMETRY CHECK|FINAL PARTICLE INSPECTION|YIELD ANALYSIS|WAFER SORT TEST|LOT|PARTICLE INSPECTION|WAFER SORT TEST|YIELD ANALYSIS|LOT RELEASE|PACKAGE PREPARATION|SHIP LOT
valid_igbt_0078_f80,CURE PASSIVATION|MEASURE PASSIVATION THICKNESS|OPEN PAD WINDOW|PAD WINDOW LITHO|DEVELOP PHOTORESIST|METAL ETCH|STRIP RESIST|CLEAN PAD OPENING|MEASURE PAD OPENING|BACKSIDE GRIND|MEASURE THICKNESS|BACKSIDE ETCH CLEAN|BACKSIDE RINSE|BACKSIDE DRY|BACKSIDE METALLIZATION PREP|DEPOSIT BACKSIDE METAL|BACKSIDE ANNEAL|MEASURE BACKSIDE CONTACT|FINAL CLEAN|FINAL THICKNESS MEASURE|ELECTRICAL PARAMETRIC TEST|LEAKAGE TEST|BREAKDOWN VOLTAGE TEST|SWITCHING TEST|YIELD ANALYSIS|WAFER SORT TEST|LOT|LOT|TEST|COAT TEST|BACKSIDE CONTACT|SWITCHING TEST|WAFER SORT TEST|YIELD ANALYSIS|LOT|WAFER SORT TEST|LOT|ELECTRICAL ANALYSIS|WAFER SORT TEST|DEVELOP TEST|PASSIVATION TEST|WAFER SORT TEST|STRIP RESIST|CLEAN YIELD ANALYSIS|LOT LOT LOT LOT LOT|WAFER SORT TEST|ELECTRICAL YIELD ANALYSIS|WAFER SORT TEST|LOT RELEASE|COAT TEST|COAT TEST|COAT TEST|COAT TEST|WAFER SORT TEST|YIELD ANALYSIS|LOT LOT LOT LOT LOT|WAFER SORT TEST|ELECTRICAL YIELD ANALYSIS|WAFER SORT TEST
valid_igbt_0079_f60,CMP METAL|MEASURE PLANARITY|SPIN COAT PHOTORESIST|SOFT BAKE|ALIGN MASK LEVEL 5|EXPOSE LITHO LEVEL 5|DEVELOP PHOTORESIST|VIA INSPECTION|VIA ETCH|STRIP RESIST|CLEAN AFTER VIA ETCH|DEPOSIT BARRIER METAL|DEPOSIT METAL SEED|FILL VIA METAL|CMP METAL|MEASURE VIA RESISTANCE|DEPOSIT TOP METAL|ANNEAL METAL|SPIN COAT PHOTORESIST|SOFT BAKE|ALIGN MASK LEVEL 6|EXPOSE LITHO LEVEL 6|DEVELOP PHOTORESIST|METAL PATTERN INSPECTION|METAL ETCH DRY|STRIP PHOTORESIST|CLEAN AFTER METAL ETCH|MEASURE LINE WIDTH|DEPOSIT PASSIVATION|CURE PASSIVATION|MEASURE PASSIVATION THICKNESS|OPEN PAD WINDOW|PAD WINDOW LITHO|DEVELOP PHOTORESIST|PASSIVATION ETCH|STRIP RESIST|CLEAN PAD OPENING|MEASURE PAD OPENING|BACKSIDE GRIND|MEASURE THICKNESS|BACKSIDE ETCH CLEAN|BACKSIDE RINSE|BACKSIDE DRY|BACKSIDE METALLIZATION PREP|DEPOSIT BACKSIDE METAL|BACKSIDE ANNEAL|MEASURE BACKSIDE CONTACT|FINAL CLEAN|FINAL THICKNESS MEASURE|FINAL GEOMETRY CHECK|FINAL PARTICLE INSPECTION|ELECTRICAL PARAMETRIC TEST|LEAKAGE TEST|BREAKDOWN VOLTAGE TEST|SWITCHING TEST|YIELD ANALYSIS|WAFER SORT TEST|LOT|LOT|COAT TEST|COAT TEST|COAT TEST|SWITCHING TEST|WAFER SORT TEST|YIELD ANALYSIS|LOT|WAFER SORT TEST|LOT LOT LOT LOT LOT|COAT TEST|COAT TEST|WAFER SORT TEST|YIELD ANALYSIS|LOT LOT LOT LOT LOT|WAFER SORT TEST|ELECTRICAL YIELD ANALYSIS|WAFER SORT TEST|LOT LOT|COAT TEST|WAFER SORT TEST|YIELD ANALYSIS|LOT LOT LOT LOT LOT|COAT SORT TEST|ELECTRICAL YIELD ANALYSIS|WAFER SORT TEST|LOT LOT|ELECTRICAL YIELD ANALYSIS|WAFER SORT TEST|LOT LOT LOT
valid_igbt_0079_f80,DEPOSIT PASSIVATION|CURE PASSIVATION|MEASURE PASSIVATION THICKNESS|OPEN PAD WINDOW|PAD WINDOW LITHO|DEVELOP PHOTORESIST|PASSIVATION ETCH|STRIP RESIST|CLEAN PAD OPENING|MEASURE PAD OPENING|BACKSIDE GRIND|MEASURE THICKNESS|BACKSIDE ETCH CLEAN|BACKSIDE RINSE|BACKSIDE DRY|BACKSIDE METALLIZATION PREP|DEPOSIT BACKSIDE METAL|BACKSIDE ANNEAL|MEASURE BACKSIDE CONTACT|FINAL CLEAN|FINAL THICKNESS MEASURE|FINAL PARTICLE INSPECTION|YIELD ANALYSIS|WAFER SORT TEST|LOT|WAFER SORT TEST|YIELD ANALYSIS|LOT|WAFER SORT TEST|PARTICLE INSPECTION|WAFER SORT TEST|YIELD ANALYSIS|LOT|WAFER SORT TEST|LOT|ELECTRICAL PARAMETRIC TEST|WAFER SORT TEST|YIELD ANALYSIS|LOT RELEASE|PACKAGE PREPARATION|PACKAGE PREPARATION|COAT TEST|COAT TEST|COAT TEST|WAFER SORT TEST|YIELD ANALYSIS|LOT LOT LOT LOT RELEASE|SHIP LOT
valid_igbt_0080_f60,SOFT BAKE|ALIGN MASK LEVEL 5|EXPOSE LITHO LEVEL 5|DEVELOP PHOTORESIST|VIA INSPECTION|VIA ETCH|STRIP RESIST|CLEAN AFTER VIA ETCH|DEPOSIT BARRIER METAL|DEPOSIT METAL SEED|FILL VIA METAL|CMP METAL|DEPOSIT METAL 1|ANNEAL METAL|SPIN COAT PHOTORESIST|SOFT BAKE|ALIGN MASK LEVEL 6|EXPOSE LITHO LEVEL 6|DEVELOP PHOTORESIST|METAL PATTERN INSPECTION|METAL ETCH DRY|STRIP RESIST|CLEAN AFTER METAL ETCH|MEASURE LINE WIDTH|DEPOSIT PASSIVATION|CURE PASSIVATION|MEASURE PASSIVATION THICKNESS|OPEN PAD WINDOW|PAD WINDOW LITHO|DEVELOP PHOTORESIST|PASSIVATION ETCH|STRIP RESIST|CLEAN PAD OPENING|MEASURE PAD OPENING|BACKSIDE GRIND|MEASURE THICKNESS|BACKSIDE ETCH CLEAN|BACKSIDE RINSE|BACKSIDE DRY|BACKSIDE METALLIZATION PREP|DEPOSIT BACKSIDE METAL|BACKSIDE ANNEAL|MEASURE BACKSIDE CONTACT|FINAL CLEAN|FINAL THICKNESS MEASURE|FINAL GEOMETRY CHECK|FINAL PARTICLE INSPECTION|YIELD ANALYSIS|WAFER SORT TEST|LOT|PARTICLE INSPECTION|WAFER SORT TEST|YIELD ANALYSIS|LOT RELEASE|PACKAGE PREPARATION|PACKAGE PREPARATION|COAT TEST|ELECTRICAL PARAMETRIC TEST|SWITCHING TEST|WAFER SORT TEST|YIELD ANALYSIS|LOT|WAFER SORT TEST|LOT RELEASE|COAT TEST|COAT TEST|COAT TEST|WAFER SORT TEST|YIELD ANALYSIS|LOT LOT LOT LOT LOT|WAFER SORT TEST|ELECTRICAL YIELD ANALYSIS|LOT LOT LOT LOT|WAFER SORT TEST|ELECTRICAL YIELD ANALYSIS|WAFER SORT TEST|LOT|DIELECTRIC CHECK|WAFER SORT TEST|YIELD ANALYSIS|LOT LOT LOT LOT LOT|WAFER SORT TEST|ELECTRICAL YIELD ANALYSIS|WAFER SORT TEST|LOT LOT|DENSIFY TEST|DENSIFY TEST|DENSIFY TEST
valid_igbt_0080_f80,OPEN PAD WINDOW|PAD WINDOW LITHO|DEVELOP PHOTORESIST|PASSIVATION ETCH|STRIP RESIST|CLEAN PAD OPENING|MEASURE PAD OPENING|BACKSIDE GRIND|MEASURE THICKNESS|BACKSIDE ETCH CLEAN|BACKSIDE RINSE|BACKSIDE DRY|BACKSIDE METALLIZATION PREP|DEPOSIT BACKSIDE METAL|BACKSIDE ANNEAL|MEASURE BACKSIDE CONTACT|FINAL CLEAN|FINAL THICKNESS MEASURE|FINAL PARTICLE INSPECTION|YIELD ANALYSIS|WAFER SORT TEST|LOT|WAFER SORT TEST|YIELD ANALYSIS|LOT|WAFER SORT TEST|STRIP PHOTORESIST|CLEAN|CLEAN|WAFER SORT TEST|YIELD ANALYSIS|LOT|WAFER SORT TEST|LOT|ELECTRICAL PARAMETRIC TEST|SWITCHING TEST|WAFER SORT TEST|YIELD ANALYSIS|LOT RELEASE|PACKAGE PREPARATION|COAT TEST|COAT TEST|COAT TEST|COAT TEST|WAFER SORT TEST|YIELD ANALYSIS|LOT LOT LOT RELEASE|SHIP LOT
valid_igbt_0081_f60,MEASURE PLANARITY|SPIN COAT PHOTORESIST|SOFT BAKE|ALIGN MASK LEVEL 5|EXPOSE LITHO LEVEL 5|DEVELOP PHOTORESIST|VIA INSPECTION|VIA ETCH|STRIP RESIST|CLEAN AFTER VIA ETCH|DEPOSIT BARRIER METAL|DEPOSIT METAL SEED|FILL VIA METAL|CMP METAL|MEASURE VIA RESISTANCE|DEPOSIT TOP METAL|ANNEAL METAL|SPIN COAT PHOTORESIST|SOFT BAKE|ALIGN MASK LEVEL 6|EXPOSE LITHO LEVEL 6|DEVELOP PHOTORESIST|METAL PATTERN INSPECTION|METAL ETCH DRY|STRIP PHOTORESIST|CLEAN AFTER METAL ETCH|MEASURE LINE WIDTH|DEPOSIT PASSIVATION|CURE PASSIVATION|MEASURE PASSIVATION THICKNESS|OPEN PAD WINDOW|PAD WINDOW LITHO|DEVELOP PHOTORESIST|PASSIVATION ETCH|STRIP RESIST|CLEAN PAD OPENING|MEASURE PAD OPENING|BACKSIDE GRIND|MEASURE THICKNESS|BACKSIDE ETCH CLEAN|BACKSIDE RINSE|BACKSIDE DRY|BACKSIDE METALLIZATION PREP|DEPOSIT BACKSIDE METAL|BACKSIDE ANNEAL|MEASURE BACKSIDE CONTACT|FINAL CLEAN|FINAL THICKNESS MEASURE|FINAL GEOMETRY CHECK|FINAL PARTICLE INSPECTION|ELECTRICAL PARAMETRIC TEST|LEAKAGE TEST|BREAKDOWN VOLTAGE TEST|SWITCHING TEST|YIELD ANALYSIS|WAFER SORT TEST|LOT|LOT|COAT TEST|COAT TEST|COAT TEST|SWITCHING TEST|WAFER SORT TEST|YIELD ANALYSIS|LOT|WAFER SORT TEST|LOT LOT LOT LOT LOT|COAT TEST|COAT TEST|WAFER SORT TEST|YIELD ANALYSIS|LOT LOT LOT LOT LOT|WAFER SORT TEST|ELECTRICAL YIELD ANALYSIS|WAFER SORT TEST|LOT LOT|COAT TEST|WAFER SORT TEST|YIELD ANALYSIS|LOT LOT LOT LOT LOT|COAT SORT TEST|ELECTRICAL YIELD ANALYSIS|WAFER SORT TEST|LOT LOT|ELECTRICAL YIELD ANALYSIS|WAFER SORT TEST|LOT LOT LOT|DENSIFY TEST|DENSIFY TEST|DENSIFY TEST
valid_igbt_0081_f80,CURE PASSIVATION|MEASURE PASSIVATION THICKNESS|OPEN PAD WINDOW|PAD WINDOW LITHO|DEVELOP PHOTORESIST|PASSIVATION ETCH|STRIP RESIST|CLEAN PAD OPENING|MEASURE PAD OPENING|BACKSIDE GRIND|MEASURE THICKNESS|BACKSIDE ETCH CLEAN|BACKSIDE RINSE|BACKSIDE DRY|BACKSIDE METALLIZATION PREP|DEPOSIT BACKSIDE METAL|BACKSIDE ANNEAL|MEASURE BACKSIDE CONTACT|FINAL CLEAN|FINAL THICKNESS MEASURE|ELECTRICAL PARAMETRIC TEST|LEAKAGE TEST|BREAKDOWN VOLTAGE TEST|SWITCHING TEST|YIELD ANALYSIS|WAFER SORT TEST|LOT|LOT|COAT TEST|COAT TEST|ELECTRICAL ANALYSIS|SWITCHING TEST|WAFER SORT TEST|YIELD ANALYSIS|LOT|WAFER SORT TEST|LOT|ELECTRICAL ANALYSIS|WAFER SORT TEST|SWITCHING TEST|WAFER SORT TEST|YIELD ANALYSIS|LOT RELEASE|PACKAGE PREPARATION|COAT TEST|COAT TEST|COAT TEST|RAPID EXPOSE BAKE|WAFER SORT TEST|STRIP RESIST|CLEAN YIELD ANALYSIS|LOT RELEASE|SHIP LOT
valid_igbt_0082_f60,MEASURE DIELECTRIC THICKNESS|DEPOSIT INTERLAYER DIELECTRIC|DENSIFY DIELECTRIC|MEASURE DIELECTRIC THICKNESS|CMP METAL|MEASURE PLANARITY|SPIN COAT PHOTORESIST|SOFT BAKE|ALIGN MASK LEVEL 5|EXPOSE LITHO LEVEL 5|DEVELOP PHOTORESIST|METAL INSPECTION|VIA ETCH|STRIP RESIST|CLEAN AFTER VIA ETCH|DEPOSIT BARRIER METAL|DEPOSIT METAL SEED|FILL VIA METAL|CMP METAL|MEASURE VIA RESISTANCE|DEPOSIT TOP METAL|ANNEAL METAL|SPIN COAT PHOTORESIST|SOFT BAKE|ALIGN MASK LEVEL 6|EXPOSE LITHO LEVEL 6|DEVELOP PHOTORESIST|METAL PATTERN INSPECTION|METAL ETCH DRY|STRIP RESIST|CLEAN AFTER METAL ETCH|DEPOSIT PASSIVATION|CURE PASSIVATION|MEASURE PASSIVATION THICKNESS|OPEN PAD WINDOW|PAD WINDOW LITHO|DEVELOP PHOTORESIST|PASSIVATION ETCH|STRIP RESIST|CLEAN PAD OPENING|MEASURE PAD OPENING|BACKSIDE GRIND|MEASURE THICKNESS|BACKSIDE ETCH CLEAN|BACKSIDE RINSE|BACKSIDE DRY|BACKSIDE METALLIZATION PREP|DEPOSIT BACKSIDE METAL|BACKSIDE ANNEAL|MEASURE BACKSIDE CONTACT|FINAL CLEAN|FINAL THICKNESS MEASURE|FINAL GEOMETRY CHECK|ELECTRICAL PARAMETRIC TEST|LEAKAGE TEST|BREAKDOWN VOLTAGE TEST|SWITCHING TEST|YIELD ANALYSIS|WAFER SORT TEST|LOT|LOT|COAT TEST|TEST|ELECTRICAL ANALYSIS|SWITCHING TEST|WAFER SORT TEST|YIELD ANALYSIS|LOT RELEASE|PACKAGE PREPARATION|PACKAGE PREPARATION|COAT TEST|COAT TEST|BACKSIDE ANALYSIS|WAFER SORT TEST|YIELD ANALYSIS|LOT LOT LOT RELEASE|PACKAGE PREPARATION|SHIP LOT
valid_igbt_0082_f80,CLEAN AFTER METAL ETCH|DEPOSIT PASSIVATION|CURE PASSIVATION|MEASURE PASSIVATION THICKNESS|OPEN PAD WINDOW|PAD WINDOW LITHO|DEVELOP PHOTORESIST|PASSIVATION ETCH|STRIP RESIST|CLEAN PAD OPENING|MEASURE PAD OPENING|BACKSIDE GRIND|MEASURE THICKNESS|BACKSIDE ETCH CLEAN|BACKSIDE RINSE|BACKSIDE DRY|BACKSIDE METALLIZATION PREP|DEPOSIT BACKSIDE METAL|BACKSIDE ANNEAL|MEASURE BACKSIDE CONTACT|FINAL CLEAN|FINAL THICKNESS MEASURE|FINAL PARTICLE INSPECTION|YIELD ANALYSIS|WAFER SORT TEST|LOT|WAFER SORT TEST|YIELD ANALYSIS|LOT|WAFER SORT TEST|WAFER SORT TEST|LOT|YIELD ANALYSIS|LOT|LOT|WAFER SORT TEST|ELECTRICAL ANALYSIS|SWITCHING TEST|WAFER SORT TEST|YIELD ANALYSIS|LOT RELEASE|PACKAGE PREPARATION|PACKAGE PREPARATION|COAT TEST|COAT TEST|COAT TEST|WAFER SORT TEST|YIELD ANALYSIS|LOT LOT LOT LOT RELEASE|COAT TEST|SHIP LOT
valid_igbt_0083_f60,DEPOSIT INTERLAYER DIELECTRIC|DENSIFY DIELECTRIC|MEASURE DIELECTRIC THICKNESS|SPIN COAT PHOTORESIST|SOFT BAKE|ALIGN MASK LEVEL 5|EXPOSE LITHO LEVEL 5|DEVELOP PHOTORESIST|METAL PATTERN INSPECTION|METAL ETCH VIA|STRIP RESIST|CLEAN AFTER VIA ETCH|DEPOSIT BARRIER METAL|DEPOSIT METAL SEED|FILL VIA METAL|CMP METAL|MEASURE VIA RESISTANCE|DEPOSIT TOP METAL|ANNEAL METAL|SPIN COAT PHOTORESIST|SOFT BAKE|ALIGN MASK LEVEL 6|EXPOSE LITHO LEVEL 6|DEVELOP PHOTORESIST|METAL PATTERN INSPECTION|METAL ETCH DRY|STRIP PHOTORESIST|CLEAN AFTER METAL ETCH|MEASURE LINE WIDTH|DEPOSIT PASSIVATION|CURE PASSIVATION|MEASURE PASSIVATION THICKNESS|OPEN PAD WINDOW|PAD WINDOW LITHO|DEVELOP PHOTORESIST|PASSIVATION ETCH|STRIP RESIST|CLEAN PAD OPENING|MEASURE PAD OPENING|BACKSIDE GRIND|MEASURE THICKNESS|BACKSIDE ETCH CLEAN|BACKSIDE RINSE|BACKSIDE DRY|BACKSIDE METALLIZATION PREP|DEPOSIT BACKSIDE METAL|BACKSIDE ANNEAL|MEASURE BACKSIDE CONTACT|FINAL CLEAN|FINAL THICKNESS MEASURE|FINAL GEOMETRY CHECK|FINAL PARTICLE INSPECTION|YIELD ANALYSIS|WAFER SORT TEST|LOT|PARTICLE INSPECTION|WAFER SORT TEST|YIELD ANALYSIS|LOT|WAFER SORT TEST|LOT|LOT|COAT|COAT TEST|ELECTRICAL PARAMETRIC TEST|SWITCHING TEST|WAFER SORT TEST|YIELD ANALYSIS|LOT RELEASE|PACKAGE PREPARATION|PACKAGE PREPARATION|SHIP LOT
valid_igbt_0083_f80,DEPOSIT PASSIVATION|CURE PASSIVATION|MEASURE PASSIVATION THICKNESS|OPEN PAD WINDOW|PAD WINDOW LITHO|DEVELOP PHOTORESIST|PASSIVATION ETCH|STRIP RESIST|CLEAN PAD OPENING|MEASURE PAD OPENING|BACKSIDE GRIND|MEASURE THICKNESS|BACKSIDE ETCH CLEAN|BACKSIDE RINSE|BACKSIDE DRY|BACKSIDE METALLIZATION PREP|DEPOSIT BACKSIDE METAL|BACKSIDE ANNEAL|MEASURE BACKSIDE CONTACT|FINAL CLEAN|FINAL THICKNESS MEASURE|FINAL GEOMETRY CHECK|FINAL PARTICLE INSPECTION|YIELD ANALYSIS|WAFER SORT TEST|LOT|PARTICLE INSPECTION|WAFER SORT TEST|YIELD ANALYSIS|LOT|WAFER SORT TEST|LOT|ELECTRICAL PARAMETRIC TEST|SWITCHING TEST|YIELD ANALYSIS|WAFER SORT TEST|LOT|LOT|COAT TEST|COAT TEST|COAT TEST|WAFER SORT TEST|YIELD ANALYSIS|LOT LOT LOT LOT RELEASE|SHIP LOT
valid_igbt_0084_f60,CMP METAL|MEASURE PLANARITY|SPIN COAT PHOTORESIST|SOFT BAKE|ALIGN MASK LEVEL 5|EXPOSE LITHO LEVEL 5|DEVELOP PHOTORESIST|METAL INSPECTION|VIA INSPECTION|VIA ETCH|STRIP RESIST|CLEAN AFTER VIA ETCH|DEPOSIT BARRIER METAL|DEPOSIT METAL SEED|FILL VIA METAL|CMP METAL|MEASURE VIA RESISTANCE|DEPOSIT TOP METAL|ANNEAL METAL|SPIN COAT PHOTORESIST|SOFT BAKE|ALIGN MASK LEVEL 6|EXPOSE LITHO LEVEL 6|DEVELOP PHOTORESIST|METAL PATTERN INSPECTION|METAL ETCH DRY|STRIP PHOTORESIST|CLEAN AFTER METAL ETCH|MEASURE LINE WIDTH|DEPOSIT PASSIVATION|CURE PASSIVATION|MEASURE PASSIVATION THICKNESS|OPEN PAD WINDOW|PAD WINDOW LITHO|DEVELOP PHOTORESIST|PASSIVATION ETCH|STRIP RESIST|CLEAN PAD OPENING|MEASURE PAD OPENING|BACKSIDE GRIND|MEASURE THICKNESS|BACKSIDE ETCH CLEAN|BACKSIDE RINSE|BACKSIDE DRY|BACKSIDE METALLIZATION PREP|DEPOSIT BACKSIDE METAL|BACKSIDE ANNEAL|MEASURE BACKSIDE CONTACT|FINAL CLEAN|FINAL THICKNESS MEASURE|FINAL GEOMETRY CHECK|ELECTRICAL PARAMETRIC TEST|LEAKAGE TEST|BREAKDOWN VOLTAGE TEST|SWITCHING TEST|YIELD ANALYSIS|WAFER SORT TEST|LOT|LOT|COAT TEST|COAT TEST|COAT TEST|SWITCHING TEST|WAFER SORT TEST|YIELD ANALYSIS|LOT RELEASE|PACKAGE PREPARATION|SHIP LOT
valid_igbt_0084_f80,DEPOSIT PASSIVATION|CURE PASSIVATION|MEASURE PASSIVATION THICKNESS|OPEN PAD WINDOW|PAD WINDOW LITHO|DEVELOP PHOTORESIST|METAL ETCH|STRIP RESIST|CLEAN PAD OPENING|MEASURE PAD OPENING|BACKSIDE GRIND|MEASURE THICKNESS|BACKSIDE ETCH CLEAN|BACKSIDE RINSE|BACKSIDE DRY|BACKSIDE METALLIZATION PREP|DEPOSIT BACKSIDE METAL|BACKSIDE ANNEAL|MEASURE BACKSIDE CONTACT|FINAL CLEAN|FINAL THICKNESS MEASURE|ELECTRICAL PARAMETRIC TEST|LEAKAGE TEST|BREAKDOWN VOLTAGE TEST|SWITCHING TEST|YIELD ANALYSIS|WAFER SORT TEST|LOT|LOT|COAT TEST|COAT TEST|ELECTRICAL ANALYSIS|SWITCHING TEST|WAFER SORT TEST|YIELD ANALYSIS|LOT|WAFER SORT TEST|ELECTRICAL ANALYSIS|WAFER SORT TEST|DEVELOP TEST|PASSIVATION TEST|WAFER SORT TEST|STRIP RESIST|CLEAN YIELD ANALYSIS|LOT RELEASE|COAT TEST|SHIP LOT
valid_igbt_0085_f60,SPIN COAT PHOTORESIST|SOFT BAKE|ALIGN MASK LEVEL 5|EXPOSE LITHO LEVEL 5|DEVELOP PHOTORESIST|VIA INSPECTION|VIA ETCH|STRIP RESIST|CLEAN AFTER VIA ETCH|DEPOSIT BARRIER METAL|DEPOSIT METAL SEED|FILL VIA METAL|CMP METAL|DEPOSIT METAL 1|ANNEAL METAL|SPIN COAT PHOTORESIST|SOFT BAKE|ALIGN MASK LEVEL 6|EXPOSE LITHO LEVEL 6|DEVELOP PHOTORESIST|METAL PATTERN INSPECTION|METAL ETCH DRY|STRIP RESIST|CLEAN AFTER METAL ETCH|MEASURE LINE WIDTH|DEPOSIT PASSIVATION|CURE PASSIVATION|MEASURE PASSIVATION QUALITY|OPEN PAD WINDOW|PAD WINDOW LITHO|DEVELOP PAD WINDOW|PASSIVATION ETCH|STRIP RESIST|CLEAN PAD OPENING|MEASURE PAD OPENING|BACKSIDE GRIND|MEASURE THICKNESS|BACKSIDE ETCH CLEAN|BACKSIDE RINSE|BACKSIDE DRY|BACKSIDE METALLIZATION PREP|DEPOSIT BACKSIDE METAL|BACKSIDE ANNEAL|MEASURE BACKSIDE CONTACT|FINAL CLEAN|FINAL THICKNESS MEASURE|FINAL GEOMETRY CHECK|FINAL PARTICLE INSPECTION|ELECTRICAL PARAMETRIC TEST|LEAKAGE TEST|BREAKDOWN VOLTAGE TEST|SWITCHING TEST|YIELD ANALYSIS|WAFER SORT TEST|LOT|LOT|TEST|TEST|COAT TEST|SWITCHING TEST|WAFER SORT TEST|YIELD ANALYSIS|LOT|WAFER SORT TEST|LOT|ELECTRICAL ANALYSIS|WAFER SORT TEST|SWITCHING TEST|WAFER SORT TEST|YIELD ANALYSIS|LOT RELEASE|PACKAGE PREPARATION|PACKAGE PREPARATION|COAT TEST|COAT TEST|COAT TEST|LOT LOT LOT LOT LOT|COAT TEST|COAT TEST|WAFER SORT TEST|YIELD ANALYSIS|LOT YIELD ANALYSIS|WAFER SORT TEST|LOT LOT LOT LOT LOT|DENSIFY TEST|DENSIFY TEST
valid_igbt_0085_f80,OPEN PAD WINDOW|PAD WINDOW LITHO|DEVELOP PHOTORESIST|PASSIVATION ETCH|STRIP RESIST|CLEAN PAD OPENING|MEASURE PAD OPENING|BACKSIDE GRIND|MEASURE THICKNESS|BACKSIDE ETCH CLEAN|BACKSIDE RINSE|BACKSIDE DRY|BACKSIDE METALLIZATION PREP|DEPOSIT BACKSIDE METAL|BACKSIDE ANNEAL|MEASURE BACKSIDE CONTACT|FINAL CLEAN|FINAL THICKNESS MEASURE|FINAL PARTICLE INSPECTION|ELECTRICAL PARAMETRIC TEST|LEAKAGE TEST|BREAKDOWN VOLTAGE TEST|SWITCHING TEST|YIELD ANALYSIS|WAFER SORT TEST|LOT|LOT|COAT TEST|COAT TEST|COAT TEST|SWITCHING TEST|WAFER SORT TEST|YIELD ANALYSIS|LOT RELEASE|PACKAGE PREPARATION|SHIP LOT
valid_igbt_0086_f60,SPIN COAT PHOTORESIST|SOFT BAKE|ALIGN MASK LEVEL 5|EXPOSE LITHO LEVEL 5|DEVELOP PHOTORESIST|METAL INSPECTION|VIA ETCH|STRIP RESIST|CLEAN AFTER VIA ETCH|DEPOSIT BARRIER METAL|DEPOSIT METAL SEED|FILL VIA METAL|CMP METAL|DEPOSIT METAL 1|ANNEAL METAL|SPIN COAT PHOTORESIST|SOFT BAKE|ALIGN MASK LEVEL 6|EXPOSE LITHO LEVEL 6|DEVELOP PHOTORESIST|METAL PATTERN INSPECTION|METAL ETCH DRY|STRIP RESIST|CLEAN AFTER METAL ETCH|MEASURE LINE WIDTH|DEPOSIT PASSIVATION|CURE PASSIVATION|MEASURE PASSIVATION THICKNESS|OPEN PAD WINDOW|PAD WINDOW LITHO|DEVELOP PHOTORESIST|PASSIVATION ETCH|STRIP RESIST|CLEAN PAD OPENING|MEASURE PAD OPENING|BACKSIDE GRIND|MEASURE THICKNESS|BACKSIDE ETCH CLEAN|BACKSIDE RINSE|BACKSIDE DRY|BACKSIDE METALLIZATION PREP|DEPOSIT BACKSIDE METAL|BACKSIDE ANNEAL|MEASURE BACKSIDE CONTACT|FINAL CLEAN|FINAL THICKNESS MEASURE|FINAL GEOMETRY CHECK|FINAL PARTICLE INSPECTION|YIELD ANALYSIS|WAFER SORT TEST|LOT|WAFER SORT TEST|YIELD ANALYSIS|LOT RELEASE|PACKAGE PREPARATION|COAT TEST|SHIP LOT
valid_igbt_0086_f80,CURE PASSIVATION|MEASURE PASSIVATION THICKNESS|OPEN PAD WINDOW|PAD WINDOW LITHO|DEVELOP PHOTORESIST|PASSIVATION ETCH|STRIP RESIST|CLEAN PAD OPENING|MEASURE PAD OPENING|BACKSIDE GRIND|MEASURE THICKNESS|BACKSIDE ETCH CLEAN|BACKSIDE RINSE|BACKSIDE DRY|BACKSIDE METALLIZATION PREP|DEPOSIT BACKSIDE METAL|BACKSIDE ANNEAL|MEASURE BACKSIDE CONTACT|FINAL CLEAN|FINAL THICKNESS MEASURE|FINAL PARTICLE INSPECTION|YIELD ANALYSIS|WAFER SORT TEST|LOT|WAFER SORT TEST|YIELD ANALYSIS|LOT|WAFER SORT TEST|STRIP RESIST|CLEAN|RAPID TEST|ELECTRICAL PARAMETRIC TEST|DEPOSIT PASSIVATION TEST|CURE ANALYSIS|MEASURE FILM CHECK|OPEN|BACKSIDE ANNEAL|WAFER SORT TEST|YIELD ANALYSIS|LOT RELEASE|PACKAGE PREPARATION|COAT TEST|WAFER SORT TEST|YIELD ANALYSIS|LOT RELEASE|SHIP LOT
valid_igbt_0087_f60,MEASURE DIELECTRIC THICKNESS|DEPOSIT INTERLAYER DIELECTRIC|DENSIFY DIELECTRIC|MEASURE DIELECTRIC THICKNESS|SPIN COAT PHOTORESIST|SOFT BAKE|ALIGN MASK LEVEL 5|EXPOSE LITHO LEVEL 5|DEVELOP PHOTORESIST|VIA INSPECTION|VIA ETCH|STRIP RESIST|CLEAN AFTER VIA ETCH|DEPOSIT BARRIER METAL|DEPOSIT METAL SEED|FILL VIA METAL|CMP METAL|MEASURE VIA RESISTANCE|DEPOSIT TOP METAL|ANNEAL METAL|SPIN COAT PHOTORESIST|SOFT BAKE|ALIGN MASK LEVEL 6|EXPOSE LITHO LEVEL 6|DEVELOP PHOTORESIST|METAL PATTERN INSPECTION|METAL ETCH DRY|STRIP PHOTORESIST|CLEAN AFTER METAL ETCH|DEPOSIT PASSIVATION|CURE PASSIVATION|MEASURE PASSIVATION THICKNESS|OPEN PAD WINDOW|PAD WINDOW LITHO|DEVELOP PHOTORESIST|PASSIVATION ETCH|STRIP RESIST|CLEAN PAD OPENING|MEASURE PAD OPENING|BACKSIDE GRIND|MEASURE THICKNESS|BACKSIDE ETCH CLEAN|BACKSIDE RINSE|BACKSIDE DRY|BACKSIDE METALLIZATION PREP|DEPOSIT BACKSIDE METAL|BACKSIDE ANNEAL|MEASURE BACKSIDE CONTACT|FINAL CLEAN|FINAL THICKNESS MEASURE|FINAL PARTICLE INSPECTION|ELECTRICAL PARAMETRIC TEST|LEAKAGE TEST|BREAKDOWN VOLTAGE TEST|SWITCHING TEST|YIELD ANALYSIS|WAFER SORT TEST|LOT|LOT|COAT TEST|COAT TEST|ELECTRICAL ANALYSIS|SWITCHING TEST|WAFER SORT TEST|YIELD ANALYSIS|LOT|WAFER SORT TEST|LOT|ELECTRICAL ANALYSIS|WAFER SORT TEST|SWITCHING TEST|WAFER SORT TEST|YIELD ANALYSIS|LOT RELEASE|PACKAGE PREPARATION|COAT TEST|SHIP LOT
valid_igbt_0087_f80,DEPOSIT PASSIVATION|CURE PASSIVATION|MEASURE PASSIVATION THICKNESS|OPEN PAD WINDOW|PAD WINDOW LITHO|DEVELOP PHOTORESIST|PASSIVATION ETCH|STRIP RESIST|CLEAN PAD OPENING|MEASURE PAD OPENING|BACKSIDE GRIND|MEASURE THICKNESS|BACKSIDE ETCH CLEAN|BACKSIDE RINSE|BACKSIDE DRY|BACKSIDE METALLIZATION PREP|DEPOSIT BACKSIDE METAL|BACKSIDE ANNEAL|MEASURE BACKSIDE CONTACT|FINAL CLEAN|FINAL THICKNESS MEASURE|ELECTRICAL PARAMETRIC TEST|LEAKAGE TEST|BREAKDOWN VOLTAGE TEST|SWITCHING TEST|YIELD ANALYSIS|WAFER SORT TEST|LOT|LOT|COAT TEST|COAT TEST|ELECTRICAL ANALYSIS|SWITCHING TEST|WAFER SORT TEST|YIELD ANALYSIS|LOT|WAFER SORT TEST|LOT|ELECTRICAL ANALYSIS|WAFER SORT TEST|SWITCHING TEST|WAFER SORT TEST|YIELD ANALYSIS|LOT LOT LOT LOT RELEASE|COAT TEST|SHIP LOT
valid_igbt_0088_f60,SPIN COAT PHOTORESIST|SOFT BAKE|ALIGN MASK LEVEL 5|EXPOSE LITHO LEVEL 5|DEVELOP PHOTORESIST|VIA INSPECTION|VIA ETCH|STRIP RESIST|CLEAN AFTER VIA ETCH|DEPOSIT BARRIER METAL|DEPOSIT METAL SEED|FILL VIA METAL|CMP METAL|DEPOSIT TOP METAL|ANNEAL METAL|SPIN COAT PHOTORESIST|SOFT BAKE|ALIGN MASK LEVEL 6|EXPOSE LITHO LEVEL 6|DEVELOP PHOTORESIST|METAL PATTERN INSPECTION|METAL ETCH DRY|STRIP RESIST|CLEAN AFTER METAL ETCH|MEASURE LINE WIDTH|DEPOSIT PASSIVATION|CURE PASSIVATION|MEASURE PASSIVATION THICKNESS|OPEN PAD WINDOW|PAD WINDOW LITHO|DEVELOP PHOTORESIST|PASSIVATION ETCH|STRIP RESIST|CLEAN PAD OPENING|MEASURE PAD OPENING|BACKSIDE GRIND|MEASURE THICKNESS|BACKSIDE ETCH CLEAN|BACKSIDE RINSE|BACKSIDE DRY|BACKSIDE METALLIZATION PREP|DEPOSIT BACKSIDE METAL|BACKSIDE ANNEAL|MEASURE BACKSIDE CONTACT|FINAL CLEAN|FINAL THICKNESS MEASURE|FINAL GEOMETRY CHECK|FINAL PARTICLE INSPECTION|ELECTRICAL PARAMETRIC TEST|LEAKAGE TEST|BREAKDOWN VOLTAGE TEST|SWITCHING TEST|YIELD ANALYSIS|WAFER SORT TEST|LOT|LOT|COAT TEST|COAT TEST|COAT TEST|SWITCHING TEST|WAFER SORT TEST|YIELD ANALYSIS|LOT|WAFER SORT TEST|LOT LOT LOT LOT LOT|COAT TEST|COAT TEST|WAFER SORT TEST|YIELD ANALYSIS|LOT LOT LOT LOT RELEASE|PACKAGE PREPARATION|SHIP LOT
valid_igbt_0088_f80,MEASURE PASSIVATION THICKNESS|OPEN PAD WINDOW|PAD WINDOW LITHO|DEVELOP PHOTORESIST|PASSIVATION ETCH|STRIP RESIST|CLEAN PAD OPENING|MEASURE PAD OPENING|BACKSIDE GRIND|MEASURE THICKNESS|BACKSIDE ETCH CLEAN|BACKSIDE RINSE|BACKSIDE DRY|BACKSIDE METALLIZATION PREP|DEPOSIT BACKSIDE METAL|BACKSIDE ANNEAL|MEASURE BACKSIDE CONTACT|FINAL CLEAN|FINAL THICKNESS MEASURE|ELECTRICAL PARAMETRIC TEST|LEAKAGE TEST|BREAKDOWN VOLTAGE TEST|SWITCHING TEST|YIELD ANALYSIS|WAFER SORT TEST|LOT|LOT|TEST|TEST|COAT|COAT|SWITCHING TEST|WAFER SORT TEST|YIELD ANALYSIS|LOT|WAFER SORT TEST|LOT|ELECTRICAL ANALYSIS|WAFER SORT TEST|SWITCHING TEST|WAFER SORT TEST|YIELD ANALYSIS|LOT RELEASE|PACKAGE PREPARATION|COAT TEST|COAT TEST|RAPID EXPOSE LITHO|DEVELOP TEST|PASSIVATION TEST|STRIP RESIST|CLEAN YIELD ANALYSIS|LOT RELEASE|COAT TEST|COAT TEST|COAT TEST|COAT TEST|WAFER SORT TEST|YIELD ANALYSIS|LOT LOT LOT LOT LOT
valid_igbt_0089_f60,DEPOSIT INTERLAYER DIELECTRIC|DENSIFY DIELECTRIC|MEASURE DIELECTRIC THICKNESS|SPIN COAT PHOTORESIST|SOFT BAKE|ALIGN MASK LEVEL 5|EXPOSE LITHO LEVEL 5|DEVELOP PHOTORESIST|VIA INSPECTION|VIA ETCH|STRIP RESIST|CLEAN AFTER VIA ETCH|DEPOSIT BARRIER METAL|DEPOSIT METAL SEED|FILL VIA METAL|CMP METAL|MEASURE VIA RESISTANCE|DEPOSIT TOP METAL|ANNEAL METAL|SPIN COAT PHOTORESIST|SOFT BAKE|ALIGN MASK LEVEL 6|EXPOSE LITHO LEVEL 6|DEVELOP PHOTORESIST|METAL PATTERN INSPECTION|METAL ETCH DRY|STRIP RESIST|CLEAN AFTER METAL ETCH|MEASURE LINE WIDTH|DEPOSIT PASSIVATION|CURE PASSIVATION|MEASURE PASSIVATION THICKNESS|OPEN PAD WINDOW|PAD WINDOW LITHO|DEVELOP PHOTORESIST|PASSIVATION ETCH|STRIP RESIST|CLEAN PAD OPENING|MEASURE PAD OPENING|BACKSIDE GRIND|MEASURE THICKNESS|BACKSIDE ETCH CLEAN|BACKSIDE RINSE|BACKSIDE DRY|BACKSIDE METALLIZATION PREP|DEPOSIT BACKSIDE METAL|BACKSIDE ANNEAL|MEASURE BACKSIDE CONTACT|FINAL CLEAN|FINAL THICKNESS MEASURE|FINAL GEOMETRY CHECK|FINAL PARTICLE INSPECTION|ELECTRICAL PARAMETRIC TEST|LEAKAGE TEST|BREAKDOWN VOLTAGE TEST|SWITCHING TEST|YIELD ANALYSIS|WAFER SORT TEST|LOT|LOT|TEST|COAT|COAT TEST|SWITCHING TEST|WAFER SORT TEST|YIELD ANALYSIS|LOT|WAFER SORT TEST|LOT|ELECTRICAL ANALYSIS|WAFER SORT TEST|SWITCHING TEST|WAFER SORT TEST|YIELD ANALYSIS|LOT RELEASE|PACKAGE PREPARATION|COAT TEST|COAT TEST|COAT TEST|RAPID EXPOSE LITHO|WAFER SORT TEST|DEVELOP TEST|PASSIVATION YIELD ANALYSIS|WAFER SORT TEST|STRIP ANALYSIS|CLEAN YIELD ANALYSIS|LOT LOT LOT LOT RELEASE|SHIP LOT
valid_igbt_0089_f80,CURE PASSIVATION|MEASURE PASSIVATION THICKNESS|OPEN PAD WINDOW|PAD WINDOW LITHO|DEVELOP PHOTORESIST|PASSIVATION ETCH|STRIP RESIST|CLEAN PAD OPENING|MEASURE PAD OPENING|BACKSIDE GRIND|MEASURE THICKNESS|BACKSIDE ETCH CLEAN|BACKSIDE RINSE|BACKSIDE DRY|BACKSIDE METALLIZATION PREP|DEPOSIT BACKSIDE METAL|BACKSIDE ANNEAL|MEASURE BACKSIDE CONTACT|FINAL CLEAN|FINAL THICKNESS MEASURE|FINAL GEOMETRY CHECK|FINAL PARTICLE INSPECTION|ELECTRICAL PARAMETRIC TEST|LEAKAGE TEST|BREAKDOWN VOLTAGE TEST|SWITCHING TEST|YIELD ANALYSIS|WAFER SORT TEST|LOT|LOT|COAT TEST|COAT TEST|COAT TEST|SWITCHING TEST|WAFER SORT TEST|YIELD ANALYSIS|LOT|WAFER SORT TEST|ELECTRICAL ANALYSIS|WAFER SORT TEST|DEVELOP TEST|PASSIVATION TEST|WAFER SORT TEST|STRIP RESIST|CLEAN YIELD ANALYSIS|LOT LOT LOT LOT RELEASE|SHIP LOT
valid_igbt_0090_f60,CMP METAL|MEASURE PLANARITY|SPIN COAT PHOTORESIST|SOFT BAKE|ALIGN MASK LEVEL 5|EXPOSE LITHO LEVEL 5|DEVELOP PHOTORESIST|METAL INSPECTION|VIA ETCH|STRIP RESIST|CLEAN AFTER VIA ETCH|DEPOSIT BARRIER METAL|DEPOSIT METAL SEED|FILL VIA METAL|CMP METAL|MEASURE VIA RESISTANCE|DEPOSIT TOP METAL|ANNEAL METAL|SPIN COAT PHOTORESIST|SOFT BAKE|ALIGN MASK LEVEL 6|EXPOSE LITHO LEVEL 6|DEVELOP PHOTORESIST|METAL PATTERN INSPECTION|METAL ETCH DRY|STRIP PHOTORESIST|CLEAN AFTER METAL ETCH|MEASURE LINE WIDTH|DEPOSIT PASSIVATION|CURE PASSIVATION|MEASURE PASSIVATION THICKNESS|OPEN PAD WINDOW|PAD WINDOW LITHO|DEVELOP PHOTORESIST|PASSIVATION ETCH|STRIP RESIST|CLEAN PAD OPENING|MEASURE PAD OPENING|BACKSIDE GRIND|MEASURE THICKNESS|BACKSIDE ETCH CLEAN|BACKSIDE RINSE|BACKSIDE DRY|BACKSIDE METALLIZATION PREP|DEPOSIT BACKSIDE METAL|BACKSIDE ANNEAL|MEASURE BACKSIDE CONTACT|FINAL CLEAN|FINAL THICKNESS MEASURE|FINAL GEOMETRY CHECK|FINAL PARTICLE INSPECTION|YIELD ANALYSIS|WAFER SORT TEST|LOT|PARTICLE INSPECTION|WAFER SORT TEST|YIELD ANALYSIS|LOT|WAFER SORT TEST|LOT|ELECTRICAL PARAMETRIC TEST|SWITCHING TEST|YIELD ANALYSIS|WAFER SORT TEST|LOT|LOT|COAT TEST|COAT TEST|BACKSIDE ANALYSIS|BACKSIDE ANNEAL|MEASURE LOT|COAT TEST|COAT TEST|COAT TEST|WAFER SORT TEST|YIELD ANALYSIS|LOT LOT LOT LOT LOT|COAT TEST|COAT TEST|WAFER SORT TEST|YIELD ANALYSIS|LOT LOT LOT LOT LOT|WAFER SORT TEST|ELECTRICAL YIELD ANALYSIS|WAFER SORT TEST|LOT LOT LOT LOT LOT|WAFER SORT TEST|YIELD ANALYSIS|LOT LOT LOT LOT LOT|DENSIFY TEST
valid_igbt_0090_f80,DEPOSIT PASSIVATION|CURE PASSIVATION|MEASURE PASSIVATION THICKNESS|OPEN PAD WINDOW|PAD WINDOW LITHO|DEVELOP PHOTORESIST|PASSIVATION ETCH|STRIP RESIST|CLEAN PAD OPENING|MEASURE PAD OPENING|BACKSIDE GRIND|MEASURE THICKNESS|BACKSIDE ETCH CLEAN|BACKSIDE RINSE|BACKSIDE DRY|BACKSIDE METALLIZATION PREP|DEPOSIT BACKSIDE METAL|BACKSIDE ANNEAL|MEASURE BACKSIDE CONTACT|FINAL CLEAN|ELECTRICAL PARAMETRIC TEST|LEAKAGE TEST|BREAKDOWN VOLTAGE TEST|SWITCHING TEST|YIELD ANALYSIS|WAFER SORT TEST|LOT|LOT|COAT TEST|COAT TEST|COAT TEST|SWITCHING TEST|WAFER SORT TEST|YIELD ANALYSIS|LOT RELEASE|PACKAGE PREPARATION|PACKAGE PREPARATION|SHIP LOT
valid_igbt_0091_f60,SPIN COAT PHOTORESIST|SOFT BAKE|ALIGN MASK LEVEL 5|EXPOSE LITHO LEVEL 5|DEVELOP PHOTORESIST|VIA INSPECTION|VIA ETCH|STRIP RESIST|CLEAN AFTER VIA ETCH|DEPOSIT BARRIER METAL|DEPOSIT METAL SEED|FILL VIA METAL|CMP METAL|DEPOSIT TOP METAL|ANNEAL METAL|SPIN COAT PHOTORESIST|SOFT BAKE|ALIGN MASK LEVEL 6|EXPOSE LITHO LEVEL 6|DEVELOP PHOTORESIST|METAL PATTERN INSPECTION|METAL ETCH DRY|STRIP RESIST|CLEAN AFTER METAL ETCH|MEASURE LINE WIDTH|DEPOSIT PASSIVATION|CURE PASSIVATION|MEASURE PASSIVATION THICKNESS|OPEN PAD WINDOW|PAD WINDOW LITHO|DEVELOP PHOTORESIST|PASSIVATION ETCH|STRIP RESIST|CLEAN PAD OPENING|MEASURE PAD OPENING|BACKSIDE GRIND|MEASURE THICKNESS|BACKSIDE ETCH CLEAN|BACKSIDE RINSE|BACKSIDE DRY|BACKSIDE METALLIZATION PREP|DEPOSIT BACKSIDE METAL|BACKSIDE ANNEAL|MEASURE BACKSIDE CONTACT|FINAL CLEAN|FINAL THICKNESS MEASURE|FINAL GEOMETRY CHECK|FINAL PARTICLE INSPECTION|YIELD ANALYSIS|WAFER SORT TEST|LOT|PARTICLE INSPECTION|WAFER SORT TEST|YIELD ANALYSIS|LOT RELEASE|PACKAGE PREPARATION|PACKAGE PREPARATION|COAT TEST|ELECTRICAL PARAMETRIC TEST|SWITCHING TEST|WAFER SORT TEST|YIELD ANALYSIS|LOT|WAFER SORT TEST|LOT RELEASE|SHIP LOT
valid_igbt_0091_f80,MEASURE PASSIVATION THICKNESS|OPEN PAD WINDOW|PAD WINDOW LITHO|DEVELOP PHOTORESIST|PASSIVATION ETCH|STRIP RESIST|CLEAN PAD OPENING|MEASURE PAD OPENING|BACKSIDE GRIND|MEASURE THICKNESS|BACKSIDE ETCH CLEAN|BACKSIDE RINSE|BACKSIDE DRY|BACKSIDE METALLIZATION PREP|DEPOSIT BACKSIDE METAL|BACKSIDE ANNEAL|MEASURE BACKSIDE CONTACT|FINAL CLEAN|FINAL THICKNESS MEASURE|FINAL PARTICLE INSPECTION|ELECTRICAL PARAMETRIC TEST|LEAKAGE TEST|BREAKDOWN VOLTAGE TEST|SWITCHING TEST|YIELD ANALYSIS|WAFER SORT TEST|LOT|LOT|COAT TEST|TEST|COAT TEST|SWITCHING TEST|WAFER SORT TEST|YIELD ANALYSIS|LOT RELEASE|PACKAGE PREPARATION|PACKAGE PREPARATION|SHIP LOT
valid_igbt_0092_f60,SOFT BAKE|ALIGN MASK LEVEL 5|EXPOSE LITHO LEVEL 5|DEVELOP PHOTORESIST|METAL INSPECTION|VIA ETCH|STRIP RESIST|CLEAN AFTER VIA ETCH|DEPOSIT BARRIER METAL|DEPOSIT METAL SEED|FILL VIA METAL|CMP METAL|DEPOSIT METAL 1|ANNEAL METAL|SPIN COAT PHOTORESIST|SOFT BAKE|ALIGN MASK LEVEL 6|EXPOSE LITHO LEVEL 6|DEVELOP PHOTORESIST|METAL PATTERN INSPECTION|METAL ETCH DRY|STRIP RESIST|CLEAN AFTER METAL ETCH|MEASURE LINE WIDTH|DEPOSIT PASSIVATION|CURE PASSIVATION|MEASURE PASSIVATION QUALITY|OPEN PAD WINDOW|PAD WINDOW LITHO|DEVELOP PAD WINDOW|PASSIVATION ETCH|STRIP RESIST|CLEAN PAD OPENING|MEASURE PAD OPENING|BACKSIDE GRIND|MEASURE THICKNESS|BACKSIDE ETCH CLEAN|BACKSIDE RINSE|BACKSIDE DRY|BACKSIDE METALLIZATION PREP|DEPOSIT BACKSIDE METAL|BACKSIDE ANNEAL|MEASURE BACKSIDE CONTACT|FINAL CLEAN|FINAL THICKNESS MEASURE|FINAL GEOMETRY CHECK|FINAL PARTICLE INSPECTION|YIELD ANALYSIS|WAFER SORT TEST|LOT|PARTICLE INSPECTION|WAFER SORT TEST|YIELD ANALYSIS|LOT RELEASE|PACKAGE PREPARATION|PACKAGE PREPARATION|COAT TEST|ELECTRICAL PARAMETRIC TEST|SWITCHING TEST|WAFER SORT TEST|YIELD ANALYSIS|LOT|WAFER SORT TEST|LOT LOT LOT|COAT TEST|COAT TEST|COAT TEST|LOT LOT LOT|COAT TEST|COAT TEST|WAFER SORT TEST|YIELD ANALYSIS|LOT LOT LOT LOT LOT|WAFER SORT TEST|ELECTRICAL YIELD ANALYSIS|WAFER SORT TEST|LOT LOT|COAT SORT TEST|YIELD ANALYSIS|LOT LOT LOT LOT|WAFER SORT TEST|DENSIFY TEST|YIELD ANALYSIS|LOT LOT LOT LOT|DENSIFY TEST|DENSIFY TEST|DENSIFY TEST|DEPOSIT
valid_igbt_0092_f80,DEPOSIT PASSIVATION|CURE PASSIVATION|MEASURE PASSIVATION THICKNESS|OPEN PAD WINDOW|PAD WINDOW LITHO|DEVELOP PHOTORESIST|METAL ETCH|STRIP RESIST|CLEAN PAD OPENING|MEASURE PAD OPENING|BACKSIDE GRIND|MEASURE THICKNESS|BACKSIDE ETCH CLEAN|BACKSIDE RINSE|BACKSIDE DRY|BACKSIDE METALLIZATION PREP|DEPOSIT BACKSIDE METAL|BACKSIDE ANNEAL|MEASURE BACKSIDE CONTACT|FINAL CLEAN|FINAL THICKNESS MEASURE|YIELD ANALYSIS|WAFER SORT TEST|LOT|YIELD ANALYSIS|WAFER SORT TEST|LOT|PARTICLE INSPECTION|WAFER SORT TEST|YIELD ANALYSIS|LOT|WAFER SORT TEST|LOT|ELECTRICAL PARAMETRIC TEST|SWITCHING TEST|WAFER SORT TEST|YIELD ANALYSIS|LOT RELEASE|PACKAGE PREPARATION|PACKAGE PREPARATION|COAT TEST|COAT TEST|COAT TEST|LOT|COAT TEST|COAT TEST|WAFER SORT TEST|YIELD ANALYSIS|LOT LOT LOT LOT LOT|WAFER SORT TEST|ELECTRICAL YIELD ANALYSIS|WAFER SORT TEST|LOT RELEASE|COAT TEST|WAFER SORT TEST|ELECTRICAL YIELD ANALYSIS|WAFER SORT TEST|LOT LOT LOT LOT LOT|DENSIFY TEST
valid_igbt_0093_f60,CMP METAL|MEASURE PLANARITY|SPIN COAT PHOTORESIST|SOFT BAKE|ALIGN MASK LEVEL 5|EXPOSE LITHO LEVEL 5|DEVELOP PHOTORESIST|METAL INSPECTION|VIA ETCH|STRIP RESIST|CLEAN AFTER VIA ETCH|DEPOSIT BARRIER METAL|DEPOSIT METAL SEED|FILL VIA METAL|CMP METAL|MEASURE VIA RESISTANCE|DEPOSIT TOP METAL|ANNEAL METAL|SPIN COAT PHOTORESIST|SOFT BAKE|ALIGN MASK LEVEL 6|EXPOSE LITHO LEVEL 6|DEVELOP PHOTORESIST|METAL PATTERN INSPECTION|METAL ETCH DRY|STRIP PHOTORESIST|CLEAN AFTER METAL ETCH|MEASURE LINE WIDTH|DEPOSIT PASSIVATION|CURE PASSIVATION|MEASURE PASSIVATION THICKNESS|OPEN PAD WINDOW|PAD WINDOW LITHO|DEVELOP PHOTORESIST|PASSIVATION ETCH|STRIP RESIST|CLEAN PAD OPENING|MEASURE PAD OPENING|BACKSIDE GRIND|MEASURE THICKNESS|BACKSIDE ETCH CLEAN|BACKSIDE RINSE|BACKSIDE DRY|BACKSIDE METALLIZATION PREP|DEPOSIT BACKSIDE METAL|BACKSIDE ANNEAL|MEASURE BACKSIDE CONTACT|FINAL CLEAN|FINAL THICKNESS MEASURE|FINAL GEOMETRY CHECK|FINAL PARTICLE INSPECTION|ELECTRICAL PARAMETRIC TEST|LEAKAGE TEST|BREAKDOWN VOLTAGE TEST|SWITCHING TEST|YIELD ANALYSIS|WAFER SORT TEST|LOT|LOT|COAT TEST|COAT TEST|COAT TEST|SWITCHING TEST|WAFER SORT TEST|YIELD ANALYSIS|LOT|WAFER SORT TEST|LOT LOT LOT LOT LOT|COAT TEST|COAT TEST|WAFER SORT TEST|YIELD ANALYSIS|LOT LOT RELEASE|PACKAGE PREPARATION|COAT TEST|COAT TEST|RAPID EXPOSE LITHO|DEVELOP TEST|PASSIVATION ANALYSIS|VIA|DIELECTRIC CHECK|STRIP RESIST|CLEAN YIELD ANALYSIS|LOT LOT LOT LOT LOT|COAT TEST|COAT TEST|COAT TEST|SWITCHING TEST
valid_igbt_0093_f80,CURE PASSIVATION|MEASURE PASSIVATION THICKNESS|OPEN PAD WINDOW|PAD WINDOW LITHO|DEVELOP PHOTORESIST|PASSIVATION ETCH|STRIP RESIST|CLEAN PAD OPENING|MEASURE PAD OPENING|BACKSIDE GRIND|MEASURE THICKNESS|BACKSIDE ETCH CLEAN|BACKSIDE RINSE|BACKSIDE DRY|BACKSIDE METALLIZATION PREP|DEPOSIT BACKSIDE METAL|BACKSIDE ANNEAL|MEASURE BACKSIDE CONTACT|FINAL CLEAN|FINAL THICKNESS MEASURE|FINAL PARTICLE INSPECTION|YIELD ANALYSIS|WAFER SORT TEST|LOT|WAFER SORT TEST|YIELD ANALYSIS|LOT|WAFER SORT TEST|WAFER SORT TEST|LOT|YIELD ANALYSIS|LOT|WAFER SORT TEST|ELECTRICAL TEST|WAFER SORT TEST|LOT|YIELD ANALYSIS|WAFER SORT TEST|LOT RELEASE|COAT TEST|COAT TEST|COAT TEST|COAT TEST|COAT TEST|SWITCHING TEST|WAFER SORT TEST|YIELD ANALYSIS|LOT LOT LOT LOT LOT|WAFER SORT TEST|ELECTRICAL YIELD ANALYSIS|WAFER SORT TEST|LOT LOT LOT|COAT SORT TEST|YIELD ANALYSIS|LOT LOT LOT LOT LOT|WAFER SORT TEST|ELECTRICAL YIELD ANALYSIS|WAFER SORT TEST|LOT LOT
valid_igbt_0094_f60,DENSIFY DIELECTRIC|MEASURE DIELECTRIC THICKNESS|CMP METAL|MEASURE PLANARITY|SPIN COAT PHOTORESIST|SOFT BAKE|ALIGN MASK LEVEL 5|EXPOSE LITHO LEVEL 5|DEVELOP PHOTORESIST|METAL INSPECTION|VIA ETCH|STRIP RESIST|CLEAN AFTER VIA ETCH|DEPOSIT BARRIER METAL|DEPOSIT METAL SEED|FILL VIA METAL|CMP METAL|MEASURE VIA RESISTANCE|DEPOSIT TOP METAL|ANNEAL METAL|SPIN COAT PHOTORESIST|SOFT BAKE|ALIGN MASK LEVEL 6|EXPOSE LITHO LEVEL 6|DEVELOP PHOTORESIST|METAL PATTERN INSPECTION|METAL ETCH DRY|STRIP PHOTORESIST|CLEAN AFTER METAL ETCH|DEPOSIT PASSIVATION|CURE PASSIVATION|MEASURE PASSIVATION THICKNESS|OPEN PAD WINDOW|PAD WINDOW LITHO|DEVELOP PHOTORESIST|PASSIVATION ETCH|STRIP RESIST|CLEAN PAD OPENING|MEASURE PAD OPENING|BACKSIDE GRIND|MEASURE THICKNESS|BACKSIDE ETCH CLEAN|BACKSIDE RINSE|BACKSIDE DRY|BACKSIDE METALLIZATION PREP|DEPOSIT BACKSIDE METAL|BACKSIDE ANNEAL|MEASURE BACKSIDE CONTACT|FINAL CLEAN|FINAL THICKNESS MEASURE|FINAL GEOMETRY CHECK|FINAL PARTICLE INSPECTION|YIELD ANALYSIS|WAFER SORT TEST|LOT|PARTICLE INSPECTION|WAFER SORT TEST|YIELD ANALYSIS|LOT|WAFER SORT TEST|LOT|ELECTRICAL PARAMETRIC TEST|SWITCHING TEST|YIELD ANALYSIS|WAFER SORT TEST|LOT|LOT|COAT TEST|COAT TEST|COAT TEST|BACKSIDE CONTACT|SWITCHING TEST|WAFER SORT TEST|YIELD ANALYSIS|LOT RELEASE|PACKAGE PREPARATION|COAT TEST|WAFER SORT TEST|YIELD ANALYSIS|LOT LOT RELEASE|PACKAGE PREPARATION|SHIP LOT
valid_igbt_0094_f80,CLEAN AFTER METAL ETCH|DEPOSIT PASSIVATION|CURE PASSIVATION|MEASURE PASSIVATION THICKNESS|OPEN PAD WINDOW|PAD WINDOW LITHO|DEVELOP PHOTORESIST|PASSIVATION ETCH|STRIP RESIST|CLEAN PAD OPENING|MEASURE PAD OPENING|BACKSIDE GRIND|MEASURE THICKNESS|BACKSIDE ETCH CLEAN|BACKSIDE RINSE|BACKSIDE DRY|BACKSIDE METALLIZATION PREP|DEPOSIT BACKSIDE METAL|BACKSIDE ANNEAL|MEASURE BACKSIDE CONTACT|FINAL CLEAN|FINAL THICKNESS MEASURE|FINAL PARTICLE INSPECTION|YIELD ANALYSIS|WAFER SORT TEST|LOT|WAFER SORT TEST|YIELD ANALYSIS|LOT|WAFER SORT TEST|WAFER SORT TEST|LOT|YIELD ANALYSIS|LOT|WAFER SORT TEST|ELECTRICAL TEST|WAFER SORT TEST|LOT|YIELD ANALYSIS|WAFER SORT TEST|LOT RELEASE|SHIP LOT
valid_igbt_0095_f60,SPIN COAT PHOTORESIST|SOFT BAKE|ALIGN MASK LEVEL 5|EXPOSE LITHO LEVEL 5|DEVELOP PHOTORESIST|METAL INSPECTION|VIA ETCH|STRIP RESIST|CLEAN AFTER VIA ETCH|MEASURE VIA CD INSPECTION|DEPOSIT BARRIER METAL|DEPOSIT METAL SEED|FILL VIA METAL|CMP METAL|DEPOSIT TOP METAL|ANNEAL METAL|SPIN COAT PHOTORESIST|SOFT BAKE|ALIGN MASK LEVEL 6|EXPOSE LITHO LEVEL 6|DEVELOP PHOTORESIST|METAL PATTERN INSPECTION|METAL ETCH DRY|STRIP RESIST|CLEAN AFTER METAL ETCH|MEASURE LINE WIDTH|DEPOSIT PASSIVATION|CURE PASSIVATION|MEASURE PASSIVATION QUALITY|OPEN PAD WINDOW|PAD WINDOW LITHO|DEVELOP PHOTORESIST|PASSIVATION ETCH|STRIP RESIST|CLEAN PAD OPENING|MEASURE PAD OPENING|BACKSIDE GRIND|MEASURE THICKNESS|BACKSIDE ETCH CLEAN|BACKSIDE RINSE|BACKSIDE DRY|BACKSIDE METALLIZATION PREP|DEPOSIT BACKSIDE METAL|BACKSIDE ANNEAL|MEASURE BACKSIDE CONTACT|FINAL CLEAN|FINAL THICKNESS MEASURE|FINAL GEOMETRY CHECK|FINAL PARTICLE INSPECTION|YIELD ANALYSIS|WAFER SORT TEST|LOT|PARTICLE INSPECTION|WAFER SORT TEST|YIELD ANALYSIS|LOT|WAFER SORT TEST|LOT|ELECTRICAL PARAMETRIC TEST|SWITCHING TEST|YIELD ANALYSIS|WAFER SORT TEST|LOT|LOT|COAT TEST|COAT TEST|COAT TEST|BACKSIDE CONTACT|SWITCHING TEST|WAFER SORT TEST|YIELD ANALYSIS|LOT RELEASE|PACKAGE PREPARATION|COAT TEST|WAFER SORT TEST|YIELD ANALYSIS|LOT RELEASE|SHIP LOT
valid_igbt_0095_f80,MEASURE PASSIVATION THICKNESS|OPEN PAD WINDOW|PAD WINDOW LITHO|DEVELOP PHOTORESIST|PASSIVATION ETCH|STRIP RESIST|CLEAN PAD OPENING|MEASURE PAD OPENING|BACKSIDE GRIND|MEASURE THICKNESS|BACKSIDE ETCH CLEAN|BACKSIDE RINSE|BACKSIDE DRY|BACKSIDE METALLIZATION PREP|DEPOSIT BACKSIDE METAL|BACKSIDE ANNEAL|MEASURE BACKSIDE CONTACT|FINAL CLEAN|FINAL THICKNESS MEASURE|FINAL PARTICLE INSPECTION|ELECTRICAL PARAMETRIC TEST|LEAKAGE TEST|BREAKDOWN VOLTAGE TEST|SWITCHING TEST|YIELD ANALYSIS|WAFER SORT TEST|LOT|LOT|COAT TEST|TEST|COAT|COAT TEST|SWITCHING TEST|WAFER SORT TEST|YIELD ANALYSIS|LOT|WAFER SORT TEST|ELECTRICAL ANALYSIS|WAFER SORT TEST|DEVELOP TEST|PASSIVATION TEST|WAFER SORT TEST|STRIP RESIST|CLEAN YIELD ANALYSIS|LOT LOT LOT RELEASE|PACKAGE PREPARATION|SHIP LOT
valid_igbt_0096_f60,SOFT BAKE|ALIGN MASK LEVEL 5|EXPOSE LITHO LEVEL 5|DEVELOP PHOTORESIST|VIA INSPECTION|VIA ETCH|STRIP RESIST|CLEAN AFTER VIA ETCH|DEPOSIT BARRIER METAL|DEPOSIT METAL SEED|FILL VIA METAL|CMP METAL|DEPOSIT METAL 1|ANNEAL METAL|SPIN COAT PHOTORESIST|SOFT BAKE|ALIGN MASK LEVEL 6|EXPOSE LITHO LEVEL 6|DEVELOP PHOTORESIST|METAL PATTERN INSPECTION|METAL ETCH DRY|STRIP RESIST|CLEAN AFTER METAL ETCH|MEASURE LINE WIDTH|DEPOSIT PASSIVATION|CURE PASSIVATION|MEASURE PASSIVATION QUALITY|OPEN PAD WINDOW|PAD WINDOW LITHO|DEVELOP PAD WINDOW|PASSIVATION ETCH|STRIP RESIST|CLEAN PAD OPENING|MEASURE PAD OPENING|BACKSIDE GRIND|MEASURE THICKNESS|BACKSIDE ETCH CLEAN|BACKSIDE RINSE|BACKSIDE DRY|BACKSIDE METALLIZATION PREP|DEPOSIT BACKSIDE METAL|BACKSIDE ANNEAL|MEASURE BACKSIDE CONTACT|FINAL CLEAN|FINAL THICKNESS MEASURE|FINAL GEOMETRY CHECK|FINAL PARTICLE INSPECTION|YIELD ANALYSIS|WAFER SORT TEST|LOT|PARTICLE INSPECTION|WAFER SORT TEST|YIELD ANALYSIS|LOT RELEASE|PACKAGE PREPARATION|SHIP LOT
valid_igbt_0096_f80,MEASURE PASSIVATION THICKNESS|OPEN PAD WINDOW|PAD WINDOW LITHO|DEVELOP PHOTORESIST|PASSIVATION ETCH|STRIP RESIST|CLEAN PAD OPENING|MEASURE PAD OPENING|BACKSIDE GRIND|MEASURE THICKNESS|BACKSIDE ETCH CLEAN|BACKSIDE RINSE|BACKSIDE DRY|BACKSIDE METALLIZATION PREP|DEPOSIT BACKSIDE METAL|BACKSIDE ANNEAL|MEASURE BACKSIDE CONTACT|FINAL CLEAN|FINAL THICKNESS MEASURE|ELECTRICAL PARAMETRIC TEST|LEAKAGE TEST|BREAKDOWN VOLTAGE TEST|SWITCHING TEST|YIELD ANALYSIS|WAFER SORT TEST|LOT|LOT|COAT TEST|COAT TEST|ELECTRICAL ANALYSIS|SWITCHING TEST|WAFER SORT TEST|YIELD ANALYSIS|LOT|WAFER SORT TEST|LOT|ELECTRICAL ANALYSIS|WAFER SORT TEST|DEVELOP TEST|PASSIVATION TEST|WAFER SORT TEST|STRIP RESIST|CLEAN YIELD ANALYSIS|LOT LOT LOT LOT LOT|COAT TEST|COAT TEST|COAT TEST|DEVELOP TEST|PASSIVATION ANALYSIS|DIELECTRIC CHECK|STRIP RESIST|CLEAN YIELD ANALYSIS|LOT LOT LOT LOT LOT|COAT TEST|CMP DIELECTRIC CHECK|RAPID EXPOSE LITHO|DEVELOP SORT TEST|VIA|DIELECTRIC CHECK
valid_igbt_0097_f60,SPIN COAT PHOTORESIST|SOFT BAKE|ALIGN MASK LEVEL 5|EXPOSE LITHO LEVEL 5|DEVELOP PHOTORESIST|VIA INSPECTION|VIA ETCH|STRIP RESIST|CLEAN AFTER VIA ETCH|DEPOSIT BARRIER METAL|DEPOSIT METAL SEED|FILL VIA METAL|CMP METAL|DEPOSIT METAL 1|ANNEAL METAL|SPIN COAT PHOTORESIST|SOFT BAKE|ALIGN MASK LEVEL 6|EXPOSE LITHO LEVEL 6|DEVELOP PHOTORESIST|METAL PATTERN INSPECTION|METAL ETCH DRY|STRIP RESIST|CLEAN AFTER METAL ETCH|MEASURE LINE WIDTH|DEPOSIT PASSIVATION|CURE PASSIVATION|MEASURE PASSIVATION THICKNESS|OPEN PAD WINDOW|PAD WINDOW LITHO|DEVELOP PHOTORESIST|PASSIVATION ETCH|STRIP RESIST|CLEAN PAD OPENING|MEASURE PAD OPENING|BACKSIDE GRIND|MEASURE THICKNESS|BACKSIDE ETCH CLEAN|BACKSIDE RINSE|BACKSIDE DRY|BACKSIDE METALLIZATION PREP|DEPOSIT BACKSIDE METAL|BACKSIDE ANNEAL|MEASURE BACKSIDE CONTACT|FINAL CLEAN|FINAL THICKNESS MEASURE|FINAL GEOMETRY CHECK|FINAL PARTICLE INSPECTION|YIELD ANALYSIS|WAFER SORT TEST|LOT|PARTICLE INSPECTION|WAFER SORT TEST|YIELD ANALYSIS|LOT RELEASE|PACKAGE PREPARATION|SHIP LOT
valid_igbt_0097_f80,DEPOSIT PASSIVATION|CURE PASSIVATION|MEASURE PASSIVATION THICKNESS|OPEN PAD WINDOW|PAD WINDOW LITHO|DEVELOP PHOTORESIST|PASSIVATION ETCH|STRIP RESIST|CLEAN PAD OPENING|MEASURE PAD OPENING|BACKSIDE GRIND|MEASURE THICKNESS|BACKSIDE ETCH CLEAN|BACKSIDE RINSE|BACKSIDE DRY|BACKSIDE METALLIZATION PREP|DEPOSIT BACKSIDE METAL|BACKSIDE ANNEAL|MEASURE BACKSIDE CONTACT|FINAL CLEAN|YIELD ANALYSIS|WAFER SORT TEST|LOT|WAFER SORT TEST|YIELD ANALYSIS|LOT|WAFER SORT TEST|WAFER SORT TEST|YIELD ANALYSIS|LOT|LOT|COAT|WAFER SORT TEST|YIELD ANALYSIS|LOT|WAFER SORT TEST|LOT|ELECTRICAL ANALYSIS|WAFER SORT TEST|SWITCHING TEST|WAFER SORT TEST|YIELD ANALYSIS|LOT RELEASE|PACKAGE PREPARATION|COAT TEST|COAT TEST|COAT TEST|RAPID EXPOSE LITHO|WAFER SORT TEST|YIELD ANALYSIS|LOT LOT LOT LOT RELEASE|SHIP LOT
valid_igbt_0098_f60,MEASURE PLANARITY|SPIN COAT PHOTORESIST|SOFT BAKE|ALIGN MASK LEVEL 5|EXPOSE LITHO LEVEL 5|DEVELOP PHOTORESIST|METAL INSPECTION|VIA ETCH|STRIP RESIST|CLEAN AFTER VIA ETCH|DEPOSIT BARRIER METAL|DEPOSIT METAL SEED|FILL VIA METAL|CMP METAL|MEASURE VIA RESISTANCE|DEPOSIT TOP METAL|ANNEAL METAL|SPIN COAT PHOTORESIST|SOFT BAKE|ALIGN MASK LEVEL 6|EXPOSE LITHO LEVEL 6|DEVELOP PHOTORESIST|METAL PATTERN INSPECTION|METAL ETCH DRY|STRIP PHOTORESIST|CLEAN AFTER METAL ETCH|MEASURE LINE WIDTH|DEPOSIT PASSIVATION|CURE PASSIVATION|MEASURE PASSIVATION THICKNESS|OPEN PAD WINDOW|PAD WINDOW LITHO|DEVELOP PHOTORESIST|PASSIVATION ETCH|STRIP RESIST|CLEAN PAD OPENING|MEASURE PAD OPENING|BACKSIDE GRIND|MEASURE THICKNESS|BACKSIDE ETCH CLEAN|BACKSIDE RINSE|BACKSIDE DRY|BACKSIDE METALLIZATION PREP|DEPOSIT BACKSIDE METAL|BACKSIDE ANNEAL|MEASURE BACKSIDE CONTACT|FINAL CLEAN|FINAL THICKNESS MEASURE|FINAL GEOMETRY CHECK|FINAL PARTICLE INSPECTION|YIELD ANALYSIS|WAFER SORT TEST|LOT|PARTICLE INSPECTION|WAFER SORT TEST|YIELD ANALYSIS|LOT|WAFER SORT TEST|LOT|LOT|COAT TEST|SWITCHING TEST|WAFER SORT TEST|YIELD ANALYSIS|LOT|WAFER SORT TEST|LOT|ELECTRICAL TEST|WAFER SORT TEST|LOT|YIELD ANALYSIS|WAFER SORT TEST|LOT RELEASE|COAT TEST|COAT TEST|COAT TEST|COAT TEST|RAPID EXPOSE LITHO|DEVELOP TEST|PASSIVATION ANALYSIS|DIELECTRIC CHECK|DIELECTRIC CHECK|VIA|DIELECTRIC CHECK|RAPID EXPOSE BAKE|DEVELOP SORT TEST|VIA|VIA ETCH LOT|STRIP RESIST|CLEAN YIELD ANALYSIS
valid_igbt_0098_f80,DEPOSIT PASSIVATION|CURE PASSIVATION|MEASURE PASSIVATION THICKNESS|OPEN PAD WINDOW|PAD WINDOW LITHO|DEVELOP PHOTORESIST|PASSIVATION ETCH|STRIP RESIST|CLEAN PAD OPENING|MEASURE PAD OPENING|BACKSIDE GRIND|MEASURE THICKNESS|BACKSIDE ETCH CLEAN|BACKSIDE RINSE|BACKSIDE DRY|BACKSIDE METALLIZATION PREP|DEPOSIT BACKSIDE METAL|BACKSIDE ANNEAL|MEASURE BACKSIDE CONTACT|FINAL CLEAN|FINAL THICKNESS MEASURE|FINAL PARTICLE INSPECTION|YIELD ANALYSIS|WAFER SORT TEST|LOT|WAFER SORT TEST|YIELD ANALYSIS|LOT|WAFER SORT TEST|LOT|PARTICLE INSPECTION|WAFER SORT TEST|YIELD ANALYSIS|LOT|WAFER SORT TEST|LOT|ELECTRICAL PARAMETRIC TEST|SWITCHING TEST|WAFER SORT TEST|YIELD ANALYSIS|LOT RELEASE|PACKAGE PREPARATION|COAT TEST|COAT TEST|COAT TEST|COAT TEST|WAFER SORT TEST|YIELD ANALYSIS|LOT LOT RELEASE|PACKAGE PREPARATION|SHIP LOT
valid_igbt_0099_f60,SPIN COAT PHOTORESIST|SOFT BAKE|ALIGN MASK LEVEL 5|EXPOSE LITHO LEVEL 5|DEVELOP PHOTORESIST|VIA INSPECTION|VIA ETCH|STRIP RESIST|CLEAN AFTER VIA ETCH|DEPOSIT BARRIER METAL|DEPOSIT METAL SEED|FILL VIA METAL|CMP METAL|MEASURE VIA RESISTANCE|DEPOSIT TOP METAL|ANNEAL METAL|SPIN COAT PHOTORESIST|SOFT BAKE|ALIGN MASK LEVEL 6|EXPOSE LITHO LEVEL 6|DEVELOP PHOTORESIST|METAL PATTERN INSPECTION|METAL ETCH DRY|STRIP RESIST|CLEAN AFTER METAL ETCH|MEASURE LINE WIDTH|DEPOSIT PASSIVATION|CURE PASSIVATION|MEASURE PASSIVATION THICKNESS|OPEN PAD WINDOW|PAD WINDOW LITHO|DEVELOP PHOTORESIST|PASSIVATION ETCH|STRIP RESIST|CLEAN PAD OPENING|MEASURE PAD OPENING|BACKSIDE GRIND|MEASURE THICKNESS|BACKSIDE ETCH CLEAN|BACKSIDE RINSE|BACKSIDE DRY|BACKSIDE METALLIZATION PREP|DEPOSIT BACKSIDE METAL|BACKSIDE ANNEAL|MEASURE BACKSIDE CONTACT|FINAL CLEAN|FINAL THICKNESS MEASURE|FINAL GEOMETRY CHECK|FINAL PARTICLE INSPECTION|YIELD ANALYSIS|WAFER SORT TEST|LOT|PARTICLE INSPECTION|WAFER SORT TEST|YIELD ANALYSIS|LOT|WAFER SORT TEST|LOT|ELECTRICAL PARAMETRIC TEST|SWITCHING TEST|YIELD ANALYSIS|WAFER SORT TEST|LOT|LOT|COAT TEST|COAT TEST|COAT TEST|BACKSIDE CONTACT|SWITCHING TEST|WAFER SORT TEST|YIELD ANALYSIS|LOT RELEASE|PACKAGE PREPARATION|COAT TEST|WAFER SORT TEST|YIELD ANALYSIS|LOT RELEASE|SHIP LOT
valid_igbt_0099_f80,MEASURE PASSIVATION THICKNESS|OPEN PAD WINDOW|PAD WINDOW LITHO|DEVELOP PHOTORESIST|PASSIVATION ETCH|STRIP RESIST|CLEAN PAD OPENING|MEASURE PAD OPENING|BACKSIDE GRIND|MEASURE THICKNESS|BACKSIDE ETCH CLEAN|BACKSIDE RINSE|BACKSIDE DRY|BACKSIDE METALLIZATION PREP|DEPOSIT BACKSIDE METAL|BACKSIDE ANNEAL|MEASURE BACKSIDE CONTACT|FINAL CLEAN|FINAL THICKNESS MEASURE|FINAL GEOMETRY CHECK|FINAL PARTICLE INSPECTION|YIELD ANALYSIS|WAFER SORT TEST|LOT|PARTICLE INSPECTION|WAFER SORT TEST|YIELD ANALYSIS|LOT|WAFER SORT TEST|LOT|LOT|COAT TEST|SWITCHING TEST|WAFER SORT TEST|YIELD ANALYSIS|LOT|WAFER SORT TEST|LOT|ELECTRICAL TEST|WAFER SORT TEST|SWITCHING TEST|WAFER SORT TEST|YIELD ANALYSIS|LOT RELEASE|PACKAGE PREPARATION|COAT TEST|SHIP LOT
valid_ic_0000_f60,CLEAN AFTER VIA ETCH|MEASURE VIA CD INSPECTION|DEPOSIT BARRIER METAL|DEPOSIT TUNGSTEN SEED|FILL VIA TUNGSTEN|CMP METAL|MEASURE VIA RESISTANCE|DEPOSIT TOP METAL|ANNEAL METAL|SPIN COAT PHOTORESIST|SOFT BAKE|ALIGN MASK LEVEL 4|EXPOSE LITHO LEVEL 4|DEVELOP PHOTORESIST|METAL PATTERN INSPECTION|METAL ETCH DRY|STRIP RESIST|CLEAN AFTER METAL ETCH|MEASURE LINE WIDTH|DEPOSIT PASSIVATION|CURE PASSIVATION|MEASURE PASSIVATION THICKNESS|OPEN PAD WINDOW|PAD WINDOW LITHO|DEVELOP PHOTORESIST|PASSIVATION ETCH|STRIP RESIST|CLEAN PAD OPENING|MEASURE PAD OPENING|BACKSIDE CLEAN|DEPOSIT BACKSIDE PROTECTION|BACKSIDE ANNEAL|FINAL CLEAN|FINAL THICKNESS MEASURE|FINAL GEOMETRY CHECK|FINAL OXIDE CHECK|FINAL PARTICLE INSPECTION|ELECTRICAL PARAMETRIC TEST|LEAKAGE TEST|PARAMETRIC TEST|SWITCHING TEST|WAFER SORT TEST|YIELD ANALYSIS|LOT|WAFER SORT TEST|ELECTRICAL PARAMETRIC TEST|SWITCHING TEST|WAFER SORT TEST|YIELD ANALYSIS|LOT|WAFER SORT TEST|ELECTRICAL PARAMETRIC TEST|SWITCHING TEST|WAFER SORT TEST|YIELD ANALYSIS|LOT FINAL LOT FINAL LOT|PACKAGE PREPARATION|COAT TEST|COAT TEST|COAT TEST|WAFER SORT TEST|YIELD ANALYSIS|LOT FINAL LOT FINAL LOT|COAT TEST|COAT TEST|COAT TEST|ELECTRICAL YIELD ANALYSIS|WAFER SORT TEST|LOT WAFER SORT TEST|ELECTRICAL YIELD ANALYSIS|WAFER SORT TEST|LOT LOT FINAL YIELD ANALYSIS|WAFER SORT TEST|LOT WAFER ANALYSIS
valid_ic_0000_f80,DEVELOP PHOTORESIST|PASSIVATION ETCH|STRIP RESIST|CLEAN PAD OPENING|MEASURE PAD OPENING|BACKSIDE CLEAN|DEPOSIT BACKSIDE PROTECTION|BACKSIDE ANNEAL|FINAL CLEAN|FINAL THICKNESS MEASURE|FINAL GEOMETRY CHECK|FINAL OXIDE CHECK|FINAL PARTICLE INSPECTION|ELECTRICAL PARAMETRIC TEST|LEAKAGE TEST|PARAMETRIC TEST|SWITCHING TEST|WAFER SORT TEST|YIELD ANALYSIS|LOT|WAFER SORT TEST|ELECTRICAL PARAMETRIC TEST|SWITCHING TEST|WAFER SORT TEST|YIELD ANALYSIS|LOT|WAFER SORT TEST|LOT|COAT TEST|COAT TEST|COAT TEST|BACKSIDE ANALYSIS|SWITCHING TEST|WAFER SORT TEST|YIELD ANALYSIS|LOT FINAL LOT FINAL LOT|PACKAGE PREPARATION|WAFER SORT TEST|YIELD ANALYSIS|LOT FINAL LOT FINAL LOT|COAT TEST|COAT TEST|WAFER SORT TEST|YIELD ANALYSIS|LOT FINAL LOT|COAT TEST|COAT TEST|COAT TEST|COAT TEST|COAT TEST|WAFER SORT TEST|YIELD ANALYSIS
valid_ic_0001_f60,CLEAN AFTER VIA ETCH|MEASURE VIA CD INSPECTION|DEPOSIT BARRIER METAL|DEPOSIT TUNGSTEN SEED|FILL VIA TUNGSTEN|CMP METAL|MEASURE VIA RESISTANCE|DEPOSIT TOP METAL|ANNEAL METAL|SPIN COAT PHOTORESIST|SOFT BAKE|ALIGN MASK LEVEL 4|EXPOSE LITHO LEVEL 4|DEVELOP PHOTORESIST|METAL PATTERN INSPECTION|METAL ETCH DRY|STRIP RESIST|CLEAN AFTER METAL ETCH|MEASURE LINE WIDTH|DEPOSIT PASSIVATION|CURE PASSIVATION|MEASURE PASSIVATION QUALITY|OPEN PAD WINDOW|PAD WINDOW LITHO|DEVELOP PHOTORESIST|PASSIVATION ETCH|STRIP RESIST|CLEAN PAD OPENING|MEASURE PAD OPENING|BACKSIDE CLEAN|DEPOSIT BACKSIDE PROTECTION|BACKSIDE ANNEAL|FINAL CLEAN|FINAL THICKNESS MEASURE|FINAL GEOMETRY CHECK|FINAL OXIDE CHECK|FINAL PARTICLE INSPECTION|ELECTRICAL PARAMETRIC TEST|LEAKAGE TEST|PARAMETRIC TEST|SWITCHING TEST|WAFER SORT TEST|YIELD ANALYSIS|LOT|WAFER SORT TEST|ELECTRICAL PARAMETRIC TEST|SWITCHING TEST|WAFER SORT TEST|YIELD ANALYSIS|LOT|WAFER SORT TEST|LOT|COAT TEST|COAT TEST|COAT TEST|BACKSIDE ANALYSIS|SWITCHING TEST|WAFER SORT TEST|YIELD ANALYSIS|LOT WAFER SORT TEST|ELECTRICAL YIELD ANALYSIS|LOT FINAL WAFER SORT TEST|WAFER SORT TEST|LOT FINAL YIELD ANALYSIS|WAFER SORT TEST|LOT FINAL YIELD ANALYSIS|WAFER SORT TEST|LOT FINAL YIELD ANALYSIS|WAFER SORT TEST|LOT FINAL YIELD ANALYSIS|WAFER ANALYSIS|LOT YIELD ANALYSIS|WAFER ANALYSIS|LOT FINAL LOT YIELD ANALYSIS
valid_ic_0001_f80,OPEN PAD WINDOW|PAD WINDOW LITHO|DEVELOP PHOTORESIST|PASSIVATION ETCH|STRIP RESIST|CLEAN PAD OPENING|MEASURE PAD OPENING|BACKSIDE CLEAN|DEPOSIT BACKSIDE PROTECTION|BACKSIDE ANNEAL|FINAL CLEAN|FINAL THICKNESS MEASURE|FINAL GEOMETRY CHECK|FINAL OXIDE CHECK|FINAL PARTICLE INSPECTION|ELECTRICAL PARAMETRIC TEST|LEAKAGE TEST|PARAMETRIC TEST|SWITCHING TEST|WAFER SORT TEST|YIELD ANALYSIS|LOT|WAFER SORT TEST|ELECTRICAL PARAMETRIC TEST|SWITCHING TEST|WAFER SORT TEST|YIELD ANALYSIS|LOT|WAFER SORT TEST|ELECTRICAL PARAMETRIC TEST|PRE EXPOSE LITHO|DEVELOP TEST|METAL WAFER SORT TEST|STRIP RESIST|CLEAN WAFER SORT TEST|ELECTRICAL YIELD ANALYSIS|WAFER SORT TEST|LOT FINAL YIELD ANALYSIS|WAFER SORT TEST|LOT FINAL LOT|COAT TEST|COAT TEST|COAT TEST|ELECTRICAL YIELD ANALYSIS|WAFER SORT TEST|LOT FINAL YIELD ANALYSIS|WAFER SORT TEST|LOT FINAL YIELD ANALYSIS|WAFER SORT TEST|LOT FINAL LOT WAFER ANALYSIS|ELECTRICAL YIELD ANALYSIS|WAFER SORT TEST
valid_ic_0002_f60,CLEAN AFTER VIA ETCH|MEASURE VIA CD INSPECTION|DEPOSIT BARRIER METAL|DEPOSIT TUNGSTEN SEED|FILL VIA TUNGSTEN|CMP METAL|MEASURE VIA RESISTANCE|DEPOSIT TOP METAL|ANNEAL METAL|SPIN COAT PHOTORESIST|SOFT BAKE|ALIGN MASK LEVEL 4|EXPOSE LITHO LEVEL 4|DEVELOP PHOTORESIST|METAL PATTERN INSPECTION|METAL ETCH DRY|STRIP RESIST|CLEAN AFTER METAL ETCH|MEASURE LINE WIDTH|DEPOSIT PASSIVATION|CURE PASSIVATION|MEASURE PASSIVATION QUALITY|OPEN PAD WINDOW|PAD WINDOW LITHO|DEVELOP PHOTORESIST|PASSIVATION ETCH|STRIP RESIST|CLEAN PAD OPENING|MEASURE PAD OPENING|BACKSIDE CLEAN|DEPOSIT BACKSIDE PROTECTION|BACKSIDE ANNEAL|FINAL CLEAN|FINAL THICKNESS MEASURE|FINAL GEOMETRY CHECK|FINAL OXIDE CHECK|FINAL PARTICLE INSPECTION|ELECTRICAL PARAMETRIC TEST|LEAKAGE TEST|PARAMETRIC TEST|SWITCHING TEST|WAFER SORT TEST|YIELD ANALYSIS|LOT|WAFER SORT TEST|ELECTRICAL PARAMETRIC TEST|SWITCHING TEST|WAFER SORT TEST|YIELD ANALYSIS|LOT|WAFER SORT TEST|ELECTRICAL PARAMETRIC TEST|PRE EXPOSE LITHO|DEVELOP TEST|METAL WAFER SORT TEST|STRIP RESIST|CLEAN YIELD ANALYSIS|WAFER SORT TEST|LOT WAFER SORT TEST|ELECTRICAL YIELD ANALYSIS|WAFER SORT TEST|LOT FINAL LOT FINAL LOT|COAT TEST|COAT TEST|COAT TEST|WAFER SORT TEST|YIELD ANALYSIS|LOT|WAFER SORT TEST|ELECTRICAL YIELD ANALYSIS|WAFER SORT TEST|LOT YIELD ANALYSIS|WAFER SORT TEST|LOT WAFER ANALYSIS|ELECTRICAL YIELD ANALYSIS|WAFER ANALYSIS
valid_ic_0002_f80,OPEN PAD WINDOW|PAD WINDOW LITHO|DEVELOP PHOTORESIST|PASSIVATION ETCH|STRIP RESIST|CLEAN PAD OPENING|MEASURE PAD OPENING|BACKSIDE THINNING CHECK|BACKSIDE CLEAN|DEPOSIT BACKSIDE PROTECTION|BACKSIDE ANNEAL|FINAL CLEAN|FINAL THICKNESS MEASURE|FINAL GEOMETRY CHECK|FINAL PARTICLE INSPECTION|ELECTRICAL PARAMETRIC TEST|LEAKAGE TEST|PARAMETRIC TEST|SWITCHING TEST|WAFER SORT TEST|YIELD ANALYSIS|LOT|ELECTRICAL PARAMETRIC TEST|WAFER SORT TEST|LOT|ELECTRICAL PARAMETRIC TEST|COAT|ELECTRICAL PARAMETRIC TEST|SWITCHING TEST|WAFER SORT TEST|YIELD ANALYSIS|LOT FINAL LOT FINAL LOT|PACKAGE PREPARATION|COAT TEST|COAT TEST|WAFER SORT TEST|YIELD ANALYSIS|LOT FINAL LOT FINAL LOT|WAFER SORT TEST|COAT TEST|YIELD ANALYSIS|LOT FINAL LOT FINAL LOT|COAT TEST|COAT TEST|COAT TEST|COAT TEST|WAFER SORT TEST|YIELD ANALYSIS|LOT|WAFER SORT TEST|COAT TEST|ELECTRICAL YIELD ANALYSIS|WAFER SORT TEST
valid_ic_0003_f60,VIA ETCH|STRIP RESIST|CLEAN AFTER VIA ETCH|MEASURE VIA CD INSPECTION|DEPOSIT BARRIER METAL|DEPOSIT TUNGSTEN SEED|FILL VIA TUNGSTEN|CMP METAL|MEASURE VIA RESISTANCE|DEPOSIT TOP METAL|ANNEAL METAL|SPIN COAT PHOTORESIST|SOFT BAKE|ALIGN MASK LEVEL 4|EXPOSE LITHO LEVEL 4|DEVELOP PHOTORESIST|METAL PATTERN INSPECTION|METAL ETCH DRY|STRIP RESIST|CLEAN AFTER METAL ETCH|MEASURE LINE WIDTH|DEPOSIT PASSIVATION|CURE PASSIVATION|MEASURE PASSIVATION THICKNESS|OPEN PAD WINDOW|PAD WINDOW LITHO|DEVELOP PHOTORESIST|PASSIVATION ETCH|STRIP RESIST|CLEAN PAD OPENING|MEASURE PAD OPENING|BACKSIDE CLEAN|DEPOSIT BACKSIDE PROTECTION|BACKSIDE ANNEAL|FINAL CLEAN|FINAL THICKNESS MEASURE|FINAL GEOMETRY CHECK|FINAL PARTICLE INSPECTION|ELECTRICAL PARAMETRIC TEST|LEAKAGE TEST|PARAMETRIC TEST|SWITCHING TEST|WAFER SORT TEST|YIELD ANALYSIS|LOT|ELECTRICAL PARAMETRIC TEST|WAFER SORT TEST|LOT|ELECTRICAL PARAMETRIC TEST|COAT|WAFER SORT TEST|YIELD ANALYSIS|LOT|WAFER SORT TEST|COAT TEST|COAT TEST|COAT TEST|BACKSIDE ANALYSIS|SWITCHING TEST|WAFER SORT TEST|YIELD ANALYSIS|LOT FINAL LOT FINAL LOT|WAFER SORT TEST|YIELD ANALYSIS|LOT FINAL LOT FINAL LOT|WAFER SORT TEST|YIELD ANALYSIS|LOT FINAL LOT FINAL LOT|COAT TEST|COAT TEST|WAFER SORT TEST|YIELD ANALYSIS|LOT WAFER SORT TEST|ELECTRICAL YIELD ANALYSIS|WAFER SORT TEST|LOT WAFER ANALYSIS
valid_ic_0003_f80,MEASURE PASSIVATION THICKNESS|OPEN PAD WINDOW|PAD WINDOW LITHO|DEVELOP PHOTORESIST|PASSIVATION ETCH|STRIP RESIST|CLEAN PAD OPENING|MEASURE PAD OPENING|BACKSIDE CLEAN|DEPOSIT BACKSIDE PROTECTION|BACKSIDE ANNEAL|FINAL CLEAN|FINAL THICKNESS MEASURE|FINAL GEOMETRY CHECK|FINAL PARTICLE INSPECTION|ELECTRICAL PARAMETRIC TEST|LEAKAGE TEST|PARAMETRIC TEST|SWITCHING TEST|WAFER SORT TEST|YIELD ANALYSIS|LOT|WAFER SORT TEST|ELECTRICAL PARAMETRIC TEST|SWITCHING TEST|WAFER SORT TEST|YIELD ANALYSIS|LOT|WAFER SORT TEST|ELECTRICAL PARAMETRIC TEST|SWITCHING TEST|WAFER SORT TEST|YIELD ANALYSIS|LOT FINAL LOT FINAL LOT|PACKAGE PREPARATION|COAT TEST|COAT TEST|COAT TEST|WAFER SORT TEST|YIELD ANALYSIS|LOT FINAL LOT FINAL LOT|COAT TEST|COAT TEST|COAT TEST|SWITCHING TEST|WAFER SORT TEST|YIELD ANALYSIS|LOT WAFER SORT TEST|ELECTRICAL YIELD ANALYSIS|WAFER SORT TEST|LOT WAFER SORT TEST|ELECTRICAL YIELD ANALYSIS|WAFER SORT TEST
valid_ic_0004_f60,STRIP RESIST|CLEAN AFTER VIA ETCH|MEASURE VIA CD INSPECTION|DEPOSIT BARRIER METAL|DEPOSIT TUNGSTEN SEED|FILL VIA TUNGSTEN|CMP METAL|MEASURE VIA RESISTANCE|DEPOSIT TOP METAL|ANNEAL METAL|SPIN COAT PHOTORESIST|SOFT BAKE|ALIGN MASK LEVEL 4|EXPOSE LITHO LEVEL 4|DEVELOP PHOTORESIST|METAL PATTERN INSPECTION|METAL ETCH DRY|STRIP RESIST|CLEAN AFTER METAL ETCH|MEASURE LINE WIDTH|DEPOSIT PASSIVATION|CURE PASSIVATION|MEASURE PASSIVATION QUALITY|OPEN PAD WINDOW|PAD WINDOW LITHO|DEVELOP PHOTORESIST|PASSIVATION ETCH|STRIP RESIST|CLEAN PAD OPENING|MEASURE PAD OPENING|BACKSIDE CLEAN|DEPOSIT BACKSIDE PROTECTION|BACKSIDE ANNEAL|FINAL CLEAN|FINAL THICKNESS MEASURE|FINAL GEOMETRY CHECK|FINAL PARTICLE INSPECTION|ELECTRICAL PARAMETRIC TEST|LEAKAGE TEST|PARAMETRIC TEST|SWITCHING TEST|WAFER SORT TEST|YIELD ANALYSIS|LOT|ELECTRICAL PARAMETRIC TEST|WAFER SORT TEST|LOT|ELECTRICAL PARAMETRIC TEST|COAT|WAFER SORT TEST|YIELD ANALYSIS|LOT|WAFER SORT TEST|ELECTRICAL PARAMETRIC TEST|SWITCHING TEST|WAFER SORT TEST|YIELD ANALYSIS|LOT FINAL LOT FINAL LOT|PACKAGE PREPARATION|COAT TEST|COAT TEST|COAT TEST|WAFER SORT TEST|YIELD ANALYSIS|LOT FINAL LOT FINAL LOT|COAT TEST|COAT TEST|COAT TEST|WAFER SORT TEST|YIELD ANALYSIS|LOT WAFER SORT TEST|ELECTRICAL YIELD ANALYSIS|WAFER SORT TEST|LOT WAFER SORT TEST|EXPOSE BAKE|DEVELOP YIELD ANALYSIS
valid_ic_0004_f80,OPEN PAD WINDOW|PAD WINDOW LITHO|DEVELOP PHOTORESIST|PASSIVATION ETCH|STRIP RESIST|CLEAN PAD OPENING|MEASURE PAD OPENING|BACKSIDE CLEAN|DEPOSIT BACKSIDE PROTECTION|BACKSIDE ANNEAL|FINAL CLEAN|FINAL THICKNESS MEASURE|FINAL GEOMETRY CHECK|FINAL PARTICLE INSPECTION|ELECTRICAL PARAMETRIC TEST|LEAKAGE TEST|PARAMETRIC TEST|SWITCHING TEST|WAFER SORT TEST|YIELD ANALYSIS|LOT|ELECTRICAL PARAMETRIC TEST|WAFER SORT TEST|LOT|ELECTRICAL PARAMETRIC TEST|COAT|WAFER SORT TEST|YIELD ANALYSIS|LOT|WAFER SORT TEST|ELECTRICAL PARAMETRIC TEST|SWITCHING TEST|WAFER SORT TEST|YIELD ANALYSIS|LOT FINAL LOT FINAL LOT|PACKAGE PREPARATION|COAT TEST|COAT TEST|SWITCHING TEST|WAFER SORT TEST|YIELD ANALYSIS|LOT FINAL LOT FINAL LOT|COAT TEST|COAT TEST|COAT TEST|COAT TEST|WAFER SORT TEST|YIELD ANALYSIS|LOT WAFER SORT TEST|ELECTRICAL YIELD ANALYSIS|WAFER SORT TEST|LOT WAFER SORT TEST|ELECTRICAL YIELD ANALYSIS
valid_ic_0005_f60,STRIP RESIST|CLEAN AFTER VIA ETCH|MEASURE VIA CD INSPECTION|DEPOSIT BARRIER METAL|DEPOSIT TUNGSTEN SEED|FILL VIA TUNGSTEN|CMP METAL|MEASURE VIA RESISTANCE|DEPOSIT TOP METAL|ANNEAL METAL|SPIN COAT PHOTORESIST|SOFT BAKE|ALIGN MASK LEVEL 4|EXPOSE LITHO LEVEL 4|DEVELOP PHOTORESIST|METAL PATTERN INSPECTION|METAL ETCH DRY|STRIP RESIST|CLEAN AFTER METAL ETCH|MEASURE LINE WIDTH|DEPOSIT PASSIVATION|CURE PASSIVATION|MEASURE PASSIVATION QUALITY|OPEN PAD WINDOW|PAD WINDOW LITHO|DEVELOP PHOTORESIST|PASSIVATION ETCH|STRIP RESIST|CLEAN PAD OPENING|MEASURE PAD OPENING|BACKSIDE CLEAN|DEPOSIT BACKSIDE PROTECTION|BACKSIDE ANNEAL|FINAL CLEAN|FINAL THICKNESS MEASURE|FINAL GEOMETRY CHECK|FINAL OXIDE CHECK|FINAL PARTICLE INSPECTION|ELECTRICAL PARAMETRIC TEST|LEAKAGE TEST|PARAMETRIC TEST|SWITCHING TEST|WAFER SORT TEST|YIELD ANALYSIS|LOT|WAFER SORT TEST|ELECTRICAL PARAMETRIC TEST|SWITCHING TEST|WAFER SORT TEST|YIELD ANALYSIS|LOT|WAFER SORT TEST|LOT|COAT TEST|COAT TEST|COAT TEST|BACKSIDE ANALYSIS|SWITCHING TEST|WAFER SORT TEST|YIELD ANALYSIS|LOT WAFER SORT TEST|ELECTRICAL YIELD ANALYSIS|WAFER SORT TEST|LOT FINAL YIELD ANALYSIS|WAFER SORT TEST|LOT WAFER SORT TEST|ELECTRICAL YIELD ANALYSIS|WAFER SORT TEST|LOT FINAL LOT FINAL LOT|COAT TEST|COAT TEST|COAT TEST|WAFER ANALYSIS|ELECTRICAL YIELD ANALYSIS
valid_ic_0005_f80,OPEN PAD WINDOW|PAD WINDOW LITHO|DEVELOP PHOTORESIST|PASSIVATION ETCH|STRIP RESIST|CLEAN PAD OPENING|MEASURE PAD OPENING|BACKSIDE CLEAN|DEPOSIT BACKSIDE PROTECTION|BACKSIDE ANNEAL|FINAL CLEAN|FINAL THICKNESS MEASURE|FINAL GEOMETRY CHECK|FINAL OXIDE CHECK|FINAL PARTICLE INSPECTION|ELECTRICAL PARAMETRIC TEST|LEAKAGE TEST|PARAMETRIC TEST|SWITCHING TEST|WAFER SORT TEST|YIELD ANALYSIS|LOT|WAFER SORT TEST|ELECTRICAL PARAMETRIC TEST|SWITCHING TEST|WAFER SORT TEST|YIELD ANALYSIS|LOT|WAFER SORT TEST|ELECTRICAL PARAMETRIC TEST|SWITCHING TEST|WAFER SORT TEST|YIELD ANALYSIS|LOT FINAL LOT|PACKAGE PREPARATION|WAFER SORT TEST|YIELD ANALYSIS|LOT FINAL LOT FINAL LOT|PACKAGE PREPARATION|COAT TEST|WAFER SORT TEST|YIELD ANALYSIS|LOT FINAL LOT|COAT TEST|WAFER SORT TEST|YIELD ANALYSIS|LOT FINAL LOT FINAL LOT|PACKAGE PREPARATION|PACKAGE PREPARATION|COAT LOT FINAL YIELD ANALYSIS|WAFER SORT TEST|LOT WAFER SORT TEST
valid_ic_0006_f60,DEPOSIT BARRIER METAL|DEPOSIT TUNGSTEN SEED|FILL VIA TUNGSTEN|CMP METAL|MEASURE VIA RESISTANCE|DEPOSIT TOP METAL|ANNEAL METAL|SPIN COAT PHOTORESIST|SOFT BAKE|ALIGN MASK LEVEL 4|EXPOSE LITHO LEVEL 4|DEVELOP PHOTORESIST|METAL PATTERN INSPECTION|METAL ETCH DRY|STRIP RESIST|CLEAN AFTER METAL ETCH|MEASURE LINE WIDTH|DEPOSIT PASSIVATION|CURE PASSIVATION|MEASURE PASSIVATION THICKNESS|OPEN PAD WINDOW|PAD WINDOW LITHO|DEVELOP PAD WINDOW|PASSIVATION ETCH|STRIP RESIST|CLEAN PAD OPENING|MEASURE PAD OPENING|BACKSIDE THINNING CHECK|BACKSIDE CLEAN|DEPOSIT BACKSIDE PROTECTION|BACKSIDE ANNEAL|FINAL CLEAN|FINAL THICKNESS MEASURE|FINAL GEOMETRY CHECK|FINAL OXIDE CHECK|FINAL PARTICLE INSPECTION|ELECTRICAL PARAMETRIC TEST|LEAKAGE TEST|PARAMETRIC TEST|SWITCHING TEST|WAFER SORT TEST|YIELD ANALYSIS|LOT|WAFER SORT TEST|ELECTRICAL TEST|SWITCHING TEST|WAFER SORT TEST|YIELD ANALYSIS|LOT|WAFER SORT TEST|LOT|COAT TEST|COAT TEST|COAT TEST|BACKSIDE ANALYSIS|SWITCHING TEST|WAFER SORT TEST|YIELD ANALYSIS|LOT WAFER SORT TEST|ELECTRICAL YIELD ANALYSIS|WAFER SORT TEST|LOT FINAL YIELD ANALYSIS|WAFER SORT TEST|LOT WAFER SORT TEST|ELECTRICAL YIELD ANALYSIS|WAFER SORT TEST|LOT FINAL LOT|COAT TEST|COAT TEST|COAT TEST|ELECTRICAL YIELD ANALYSIS|WAFER ANALYSIS|LOT WAFER ANALYSIS|ELECTRICAL YIELD ANALYSIS
valid_ic_0006_f80,PAD WINDOW LITHO|DEVELOP PAD WINDOW|PASSIVATION ETCH|STRIP RESIST|CLEAN PAD OPENING|MEASURE PAD OPENING|BACKSIDE CLEAN|DEPOSIT BACKSIDE PROTECTION|BACKSIDE ANNEAL|FINAL CLEAN|FINAL THICKNESS MEASURE|FINAL GEOMETRY CHECK|FINAL OXIDE CHECK|FINAL PARTICLE INSPECTION|ELECTRICAL PARAMETRIC TEST|LEAKAGE TEST|PARAMETRIC TEST|SWITCHING TEST|WAFER SORT TEST|YIELD ANALYSIS|LOT|ELECTRICAL PARAMETRIC TEST|WAFER SORT TEST|YIELD ANALYSIS|LOT|WAFER SORT TEST|ELECTRICAL PARAMETRIC TEST|SWITCHING TEST|WAFER SORT TEST|YIELD ANALYSIS|LOT FINAL LOT FINAL LOT|PACKAGE PREPARATION|COAT TEST|COAT TEST|WAFER SORT TEST|YIELD ANALYSIS|LOT FINAL LOT FINAL LOT|WAFER SORT TEST|COAT TEST|YIELD ANALYSIS|LOT FINAL LOT FINAL LOT|COAT TEST|COAT TEST|COAT TEST|WAFER SORT TEST|YIELD ANALYSIS|LOT WAFER SORT TEST|COAT TEST|COAT TEST|ELECTRICAL YIELD ANALYSIS|WAFER SORT TEST|LOT WAFER ANALYSIS
valid_ic_0007_f60,CLEAN AFTER VIA ETCH|MEASURE VIA CD INSPECTION|DEPOSIT BARRIER METAL|DEPOSIT TUNGSTEN SEED|FILL VIA TUNGSTEN|CMP METAL|MEASURE VIA RESISTANCE|DEPOSIT TOP METAL|ANNEAL METAL|SPIN COAT PHOTORESIST|SOFT BAKE|ALIGN MASK LEVEL 4|EXPOSE LITHO LEVEL 4|DEVELOP PHOTORESIST|METAL PATTERN INSPECTION|METAL ETCH DRY|STRIP RESIST|CLEAN AFTER METAL ETCH|MEASURE LINE WIDTH|DEPOSIT PASSIVATION|CURE PASSIVATION|MEASURE PASSIVATION QUALITY|OPEN PAD WINDOW|PAD WINDOW LITHO|DEVELOP PHOTORESIST|PASSIVATION ETCH|STRIP RESIST|CLEAN PAD OPENING|MEASURE PAD OPENING|BACKSIDE CLEAN|DEPOSIT BACKSIDE PROTECTION|BACKSIDE ANNEAL|FINAL CLEAN|FINAL THICKNESS MEASURE|FINAL GEOMETRY CHECK|FINAL OXIDE CHECK|FINAL PARTICLE INSPECTION|ELECTRICAL PARAMETRIC TEST|LEAKAGE TEST|PARAMETRIC TEST|SWITCHING TEST|WAFER SORT TEST|YIELD ANALYSIS|LOT|WAFER SORT TEST|ELECTRICAL PARAMETRIC TEST|SWITCHING TEST|WAFER SORT TEST|YIELD ANALYSIS|LOT|ELECTRICAL PARAMETRIC TEST|WAFER SORT TEST|YIELD ANALYSIS|LOT FINAL LOT FINAL LOT|PACKAGE PREPARATION|PACKAGE PREPARATION|COAT TEST|WAFER SORT TEST|YIELD ANALYSIS|LOT FINAL WAFER SORT TEST|WAFER SORT TEST|YIELD ANALYSIS|LOT FINAL LOT|COAT TEST|COAT TEST|COAT TEST|COAT TEST|COAT TEST|WAFER SORT TEST|YIELD ANALYSIS|LOT WAFER SORT TEST|ELECTRICAL YIELD ANALYSIS|WAFER SORT TEST|LOT FINAL LOT WAFER ANALYSIS
valid_ic_0007_f80,PAD WINDOW LITHO|DEVELOP PHOTORESIST|PASSIVATION ETCH|STRIP RESIST|CLEAN PAD OPENING|MEASURE PAD OPENING|BACKSIDE CLEAN|DEPOSIT BACKSIDE PROTECTION|BACKSIDE ANNEAL|FINAL CLEAN|FINAL THICKNESS MEASURE|FINAL GEOMETRY CHECK|FINAL OXIDE CHECK|FINAL PARTICLE INSPECTION|ELECTRICAL PARAMETRIC TEST|LEAKAGE TEST|PARAMETRIC TEST|SWITCHING TEST|WAFER SORT TEST|YIELD ANALYSIS|LOT|WAFER SORT TEST|ELECTRICAL PARAMETRIC TEST|SWITCHING TEST|WAFER SORT TEST|YIELD ANALYSIS|LOT|WAFER SORT TEST|ELECTRICAL PARAMETRIC TEST|PRE EXPOSE LITHO|DEVELOP TEST|METAL|METAL WAFER SORT TEST|STRIP RESIST|CLEAN YIELD ANALYSIS|WAFER SORT TEST|LOT WAFER SORT TEST|ELECTRICAL YIELD ANALYSIS|WAFER SORT TEST|LOT|WAFER SORT TEST|ELECTRICAL YIELD ANALYSIS|WAFER SORT TEST|LOT FINAL YIELD ANALYSIS|WAFER SORT TEST|LOT WAFER SORT TEST|ELECTRICAL YIELD ANALYSIS|WAFER SORT TEST|LOT YIELD ANALYSIS|WAFER ANALYSIS|LOT FINAL LOT YIELD ANALYSIS|COAT ANALYSIS
valid_ic_0008_f60,CLEAN AFTER VIA ETCH|MEASURE VIA CD INSPECTION|DEPOSIT BARRIER METAL|DEPOSIT TUNGSTEN SEED|FILL VIA TUNGSTEN|CMP METAL|MEASURE VIA RESISTANCE|DEPOSIT TOP METAL|ANNEAL METAL|SPIN COAT PHOTORESIST|SOFT BAKE|ALIGN MASK LEVEL 4|EXPOSE LITHO LEVEL 4|DEVELOP PHOTORESIST|METAL PATTERN INSPECTION|METAL ETCH DRY|STRIP RESIST|CLEAN AFTER METAL ETCH|MEASURE LINE WIDTH|DEPOSIT PASSIVATION|CURE PASSIVATION|MEASURE PASSIVATION THICKNESS|OPEN PAD WINDOW|PAD WINDOW LITHO|DEVELOP PHOTORESIST|PASSIVATION ETCH|STRIP RESIST|CLEAN PAD OPENING|MEASURE PAD OPENING|BACKSIDE CLEAN|DEPOSIT BACKSIDE PROTECTION|BACKSIDE ANNEAL|FINAL CLEAN|FINAL THICKNESS MEASURE|FINAL GEOMETRY CHECK|FINAL OXIDE CHECK|FINAL PARTICLE INSPECTION|ELECTRICAL PARAMETRIC TEST|LEAKAGE TEST|PARAMETRIC TEST|SWITCHING TEST|WAFER SORT TEST|YIELD ANALYSIS|LOT|WAFER SORT TEST|ELECTRICAL PARAMETRIC TEST|SWITCHING TEST|WAFER SORT TEST|YIELD ANALYSIS|LOT|WAFER SORT TEST|LOT|COAT TEST|COAT TEST|COAT TEST|BACKSIDE ANALYSIS|SWITCHING TEST|WAFER SORT TEST|YIELD ANALYSIS|LOT FINAL LOT FINAL LOT|WAFER SORT TEST|YIELD ANALYSIS|LOT FINAL LOT FINAL LOT|COAT TEST|COAT TEST|ELECTRICAL YIELD ANALYSIS|WAFER SORT TEST|LOT FINAL LOT FINAL LOT|COAT TEST|COAT TEST|COAT TEST|WAFER SORT TEST|YIELD ANALYSIS|LOT LOT|PACKAGE PREPARATION|COAT ANALYSIS
valid_ic_0008_f80,PAD WINDOW LITHO|DEVELOP PHOTORESIST|PASSIVATION ETCH|STRIP RESIST|CLEAN PAD OPENING|MEASURE PAD OPENING|BACKSIDE CLEAN|DEPOSIT BACKSIDE PROTECTION|BACKSIDE ANNEAL|FINAL CLEAN|FINAL THICKNESS MEASURE|FINAL GEOMETRY CHECK|FINAL OXIDE CHECK|FINAL PARTICLE INSPECTION|ELECTRICAL PARAMETRIC TEST|LEAKAGE TEST|PARAMETRIC TEST|SWITCHING TEST|WAFER SORT TEST|YIELD ANALYSIS|LOT|WAFER SORT TEST|PAD OPENING|ELECTRICAL PARAMETRIC TEST|SWITCHING TEST|WAFER SORT TEST|YIELD ANALYSIS|LOT|WAFER SORT TEST|ELECTRICAL PARAMETRIC TEST|WAFER SORT TEST|YIELD ANALYSIS|LOT FINAL LOT|WAFER SORT TEST|COAT TEST|ELECTRICAL YIELD ANALYSIS|WAFER SORT TEST|LOT WAFER SORT TEST|ELECTRICAL YIELD ANALYSIS|WAFER SORT TEST|LOT|ELECTRICAL YIELD ANALYSIS|WAFER SORT TEST|LOT|ELECTRICAL YIELD ANALYSIS|WAFER SORT TEST|LOT WAFER SORT TEST|YIELD ANALYSIS|LOT WAFER ANALYSIS|ELECTRICAL YIELD ANALYSIS|WAFER ANALYSIS|LOT LOT LOT LOT|COAT ANALYSIS
valid_ic_0009_f60,MEASURE VIA CD INSPECTION|DEPOSIT BARRIER METAL|DEPOSIT TUNGSTEN SEED|FILL VIA TUNGSTEN|CMP METAL|MEASURE VIA RESISTANCE|DEPOSIT TOP METAL|ANNEAL METAL|SPIN COAT PHOTORESIST|SOFT BAKE|ALIGN MASK LEVEL 4|EXPOSE LITHO LEVEL 4|DEVELOP PHOTORESIST|METAL PATTERN INSPECTION|METAL ETCH DRY|STRIP RESIST|CLEAN AFTER METAL ETCH|MEASURE LINE WIDTH|DEPOSIT PASSIVATION|CURE PASSIVATION|MEASURE PASSIVATION QUALITY|OPEN PAD WINDOW|PAD WINDOW LITHO|DEVELOP PHOTORESIST|PASSIVATION ETCH|STRIP RESIST|CLEAN PAD OPENING|MEASURE PAD OPENING|BACKSIDE CLEAN|DEPOSIT BACKSIDE PROTECTION|BACKSIDE ANNEAL|FINAL CLEAN|FINAL THICKNESS MEASURE|FINAL GEOMETRY CHECK|FINAL OXIDE CHECK|FINAL PARTICLE INSPECTION|ELECTRICAL PARAMETRIC TEST|LEAKAGE TEST|PARAMETRIC TEST|SWITCHING TEST|WAFER SORT TEST|YIELD ANALYSIS|LOT|ELECTRICAL PARAMETRIC TEST|WAFER SORT TEST|LOT|YIELD ANALYSIS|WAFER SORT TEST|LOT|ELECTRICAL PARAMETRIC TEST|COAT|WAFER SORT TEST|YIELD ANALYSIS|LOT FINAL LOT FINAL LOT|PACKAGE PREPARATION|COAT TEST|COAT TEST|COAT TEST|WAFER SORT TEST|YIELD ANALYSIS|LOT FINAL LOT FINAL LOT|COAT TEST|COAT TEST|COAT TEST|WAFER SORT TEST|YIELD ANALYSIS|LOT FINAL LOT FINAL LOT|COAT TEST|COAT TEST|COAT TEST|COAT TEST|COAT TEST|COAT TEST|WAFER SORT TEST|YIELD ANALYSIS|LOT FINAL LOT
valid_ic_0009_f80,PASSIVATION ETCH|STRIP RESIST|CLEAN PAD OPENING|MEASURE PAD OPENING|BACKSIDE CLEAN|DEPOSIT BACKSIDE PROTECTION|BACKSIDE ANNEAL|FINAL CLEAN|FINAL THICKNESS MEASURE|FINAL GEOMETRY CHECK|FINAL OXIDE CHECK|FINAL PARTICLE INSPECTION|ELECTRICAL PARAMETRIC TEST|LEAKAGE TEST|PARAMETRIC TEST|SWITCHING TEST|WAFER SORT TEST|YIELD ANALYSIS|LOT|WAFER SORT TEST|ELECTRICAL PARAMETRIC TEST|SWITCHING TEST|WAFER SORT TEST|YIELD ANALYSIS|LOT|WAFER SORT TEST|ELECTRICAL PARAMETRIC TEST|WAFER SORT TEST|YIELD ANALYSIS|LOT FINAL LOT FINAL LOT|PACKAGE PREPARATION|COAT TEST|COAT TEST|WAFER SORT TEST|YIELD ANALYSIS|LOT FINAL LOT FINAL LOT|WAFER SORT TEST|ELECTRICAL YIELD ANALYSIS|WAFER SORT TEST|LOT FINAL YIELD ANALYSIS|WAFER SORT TEST|LOT FINAL LOT FINAL LOT|COAT TEST|COAT TEST|WAFER SORT TEST|YIELD ANALYSIS|LOT FINAL LOT|PACKAGE PREPARATION|ELECTRICAL YIELD ANALYSIS|WAFER SORT TEST|LOT LOT YIELD ANALYSIS|DIELECTRIC BAKE|DIELECTRIC BAKE
valid_ic_0010_f60,MEASURE VIA CD INSPECTION|DEPOSIT BARRIER METAL|DEPOSIT TUNGSTEN SEED|FILL VIA TUNGSTEN|CMP METAL|MEASURE VIA RESISTANCE|DEPOSIT TOP METAL|ANNEAL METAL|SPIN COAT PHOTORESIST|SOFT BAKE|ALIGN MASK LEVEL 4|EXPOSE LITHO LEVEL 4|DEVELOP PHOTORESIST|METAL PATTERN INSPECTION|METAL ETCH DRY|STRIP RESIST|CLEAN AFTER METAL ETCH|MEASURE LINE WIDTH|DEPOSIT PASSIVATION|CURE PASSIVATION|MEASURE PASSIVATION THICKNESS|OPEN PAD WINDOW|PAD WINDOW LITHO|DEVELOP PHOTORESIST|PASSIVATION ETCH|STRIP RESIST|CLEAN PAD OPENING|MEASURE PAD OPENING|BACKSIDE CLEAN|DEPOSIT BACKSIDE PROTECTION|BACKSIDE ANNEAL|FINAL CLEAN|FINAL THICKNESS MEASURE|FINAL GEOMETRY CHECK|FINAL OXIDE CHECK|FINAL PARTICLE INSPECTION|ELECTRICAL PARAMETRIC TEST|LEAKAGE TEST|PARAMETRIC TEST|SWITCHING TEST|WAFER SORT TEST|YIELD ANALYSIS|LOT|WAFER SORT TEST|ELECTRICAL TEST|WAFER SORT TEST|YIELD ANALYSIS|LOT|WAFER SORT TEST|ELECTRICAL PARAMETRIC TEST|SWITCHING TEST|WAFER SORT TEST|YIELD ANALYSIS|LOT FINAL LOT FINAL LOT|PACKAGE PREPARATION|COAT TEST|COAT TEST|WAFER SORT TEST|YIELD ANALYSIS|LOT FINAL LOT FINAL LOT|WAFER SORT TEST|ELECTRICAL YIELD ANALYSIS|WAFER SORT TEST|LOT FINAL YIELD ANALYSIS|WAFER SORT TEST|LOT|ELECTRICAL YIELD ANALYSIS|WAFER SORT TEST|LOT WAFER SORT TEST|ELECTRICAL YIELD ANALYSIS|WAFER SORT TEST|LOT WAFER ANALYSIS|ELECTRICAL YIELD ANALYSIS|WAFER ANALYSIS|LOT WAFER ANALYSIS|ELECTRICAL YIELD ANALYSIS
valid_ic_0010_f80,DEVELOP PHOTORESIST|PASSIVATION ETCH|STRIP RESIST|CLEAN PAD OPENING|MEASURE PAD OPENING|BACKSIDE CLEAN|DEPOSIT BACKSIDE PROTECTION|BACKSIDE ANNEAL|FINAL CLEAN|FINAL THICKNESS MEASURE|FINAL GEOMETRY CHECK|FINAL OXIDE CHECK|FINAL PARTICLE INSPECTION|ELECTRICAL PARAMETRIC TEST|LEAKAGE TEST|PARAMETRIC TEST|SWITCHING TEST|WAFER SORT TEST|YIELD ANALYSIS|LOT|WAFER SORT TEST|ELECTRICAL PARAMETRIC TEST|SWITCHING TEST|WAFER SORT TEST|YIELD ANALYSIS|LOT|WAFER SORT TEST|ELECTRICAL PARAMETRIC TEST|WAFER SORT TEST|YIELD ANALYSIS|LOT FINAL LOT FINAL LOT|PACKAGE PREPARATION|PACKAGE PREPARATION|COAT TEST|WAFER SORT TEST|YIELD ANALYSIS|LOT FINAL LOT FINAL LOT|COAT TEST|COAT TEST|COAT TEST|WAFER SORT TEST|YIELD ANALYSIS|LOT FINAL LOT FINAL LOT|WAFER SORT TEST|ELECTRICAL YIELD ANALYSIS|WAFER SORT TEST|LOT WAFER SORT TEST|ELECTRICAL YIELD ANALYSIS|WAFER SORT TEST|LOT WAFER ANALYSIS|ELECTRICAL YIELD ANALYSIS|WAFER ANALYSIS|LOT LOT
valid_ic_0011_f60,MEASURE VIA CD INSPECTION|DEPOSIT BARRIER METAL|DEPOSIT TUNGSTEN SEED|FILL VIA TUNGSTEN|CMP METAL|MEASURE VIA RESISTANCE|DEPOSIT TOP METAL|ANNEAL METAL|SPIN COAT PHOTORESIST|SOFT BAKE|ALIGN MASK LEVEL 4|EXPOSE LITHO LEVEL 4|DEVELOP PHOTORESIST|METAL PATTERN INSPECTION|METAL ETCH DRY|STRIP RESIST|CLEAN AFTER METAL ETCH|MEASURE LINE WIDTH|DEPOSIT PASSIVATION|CURE PASSIVATION|MEASURE PASSIVATION QUALITY|OPEN PAD WINDOW|PAD WINDOW LITHO|DEVELOP PHOTORESIST|PASSIVATION ETCH|STRIP RESIST|CLEAN PAD OPENING|MEASURE PAD OPENING|BACKSIDE CLEAN|DEPOSIT BACKSIDE PROTECTION|BACKSIDE ANNEAL|FINAL CLEAN|FINAL THICKNESS MEASURE|FINAL GEOMETRY CHECK|FINAL OXIDE CHECK|FINAL PARTICLE INSPECTION|ELECTRICAL PARAMETRIC TEST|LEAKAGE TEST|PARAMETRIC TEST|SWITCHING TEST|WAFER SORT TEST|YIELD ANALYSIS|LOT|WAFER SORT TEST|ELECTRICAL PARAMETRIC TEST|SWITCHING TEST|WAFER SORT TEST|YIELD ANALYSIS|LOT|WAFER SORT TEST|ELECTRICAL PARAMETRIC TEST|SWITCHING TEST|WAFER SORT TEST|YIELD ANALYSIS|LOT FINAL LOT FINAL LOT|PACKAGE PREPARATION|COAT TEST|COAT TEST|WAFER SORT TEST|YIELD ANALYSIS|LOT FINAL LOT FINAL LOT|WAFER SORT TEST|ELECTRICAL YIELD ANALYSIS|WAFER SORT TEST|LOT FINAL WAFER SORT TEST|ELECTRICAL YIELD ANALYSIS|WAFER SORT TEST|LOT FINAL LOT|PACKAGE PREPARATION|WAFER SORT TEST|YIELD ANALYSIS|LOT FINAL LOT WAFER ANALYSIS|ELECTRICAL YIELD ANALYSIS|WAFER ANALYSIS
valid_ic_0011_f80,DEVELOP PAD WINDOW|PASSIVATION ETCH|STRIP RESIST|CLEAN PAD OPENING|MEASURE PAD OPENING|BACKSIDE CLEAN|DEPOSIT BACKSIDE PROTECTION|BACKSIDE ANNEAL|FINAL CLEAN|FINAL THICKNESS MEASURE|FINAL GEOMETRY CHECK|FINAL OXIDE CHECK|FINAL PARTICLE INSPECTION|ELECTRICAL PARAMETRIC TEST|LEAKAGE TEST|PARAMETRIC TEST|SWITCHING TEST|WAFER SORT TEST|YIELD ANALYSIS|LOT|ELECTRICAL PARAMETRIC TEST|WAFER SORT TEST|YIELD ANALYSIS|LOT|WAFER SORT TEST|ELECTRICAL PARAMETRIC TEST|SWITCHING TEST|WAFER SORT TEST|YIELD ANALYSIS|LOT FINAL LOT FINAL LOT|PACKAGE PREPARATION|COAT|COAT TEST|COAT TEST|WAFER SORT TEST|YIELD ANALYSIS|LOT FINAL LOT FINAL LOT|PACKAGE PREPARATION|COAT TEST|COAT TEST|SWITCHING TEST|WAFER SORT TEST|YIELD ANALYSIS|LOT FINAL LOT FINAL LOT|COAT TEST|COAT TEST|COAT TEST|WAFER SORT TEST|YIELD ANALYSIS|LOT LOT LOT|WAFER SORT TEST|ELECTRICAL YIELD ANALYSIS
valid_ic_0012_f60,VIA INSPECTION|VIA ETCH|STRIP RESIST|CLEAN AFTER VIA ETCH|MEASURE VIA CD INSPECTION|DEPOSIT BARRIER METAL|DEPOSIT TUNGSTEN SEED|FILL VIA TUNGSTEN|CMP METAL|MEASURE VIA RESISTANCE|DEPOSIT TOP METAL|ANNEAL METAL|SPIN COAT PHOTORESIST|SOFT BAKE|ALIGN MASK LEVEL 4|EXPOSE LITHO LEVEL 4|DEVELOP PHOTORESIST|METAL PATTERN INSPECTION|METAL ETCH DRY|STRIP RESIST|CLEAN AFTER METAL ETCH|MEASURE LINE WIDTH|DEPOSIT PASSIVATION|CURE PASSIVATION|MEASURE PASSIVATION QUALITY|OPEN PAD WINDOW|PAD WINDOW LITHO|DEVELOP PHOTORESIST|PASSIVATION ETCH|STRIP RESIST|CLEAN PAD OPENING|MEASURE PAD OPENING|BACKSIDE THINNING CHECK|BACKSIDE CLEAN|DEPOSIT BACKSIDE PROTECTION|BACKSIDE ANNEAL|FINAL CLEAN|FINAL THICKNESS MEASURE|FINAL GEOMETRY CHECK|FINAL OXIDE CHECK|FINAL PARTICLE INSPECTION|ELECTRICAL PARAMETRIC TEST|LEAKAGE TEST|PARAMETRIC TEST|SWITCHING TEST|WAFER SORT TEST|YIELD ANALYSIS|LOT|ELECTRICAL PARAMETRIC TEST|WAFER SORT TEST|ELECTRICAL PARAMETRIC TEST|SWITCHING TEST|WAFER SORT TEST|YIELD ANALYSIS|LOT|WAFER SORT TEST|COAT TEST|COAT TEST|COAT TEST|BACKSIDE ANALYSIS|WAFER SORT TEST|YIELD ANALYSIS|LOT WAFER SORT TEST|WAFER SORT TEST|ELECTRICAL YIELD ANALYSIS|WAFER SORT TEST|LOT WAFER SORT TEST|YIELD ANALYSIS|LOT FINAL WAFER SORT TEST|ELECTRICAL YIELD ANALYSIS|WAFER SORT TEST|LOT FINAL YIELD ANALYSIS|WAFER SORT TEST|LOT FINAL YIELD ANALYSIS|WAFER ANALYSIS|LOT WAFER ANALYSIS
valid_ic_0012_f80,CURE PASSIVATION|MEASURE PASSIVATION QUALITY|OPEN PAD WINDOW|PAD WINDOW LITHO|DEVELOP PHOTORESIST|PASSIVATION ETCH|STRIP RESIST|CLEAN PAD OPENING|MEASURE PAD OPENING|BACKSIDE THINNING CHECK|BACKSIDE CLEAN|DEPOSIT BACKSIDE PROTECTION|BACKSIDE ANNEAL|FINAL CLEAN|FINAL THICKNESS MEASURE|FINAL GEOMETRY CHECK|FINAL OXIDE CHECK|FINAL PARTICLE INSPECTION|ELECTRICAL PARAMETRIC TEST|LEAKAGE TEST|PARAMETRIC TEST|SWITCHING TEST|WAFER SORT TEST|YIELD ANALYSIS|LOT|ELECTRICAL PARAMETRIC TEST|WAFER SORT TEST|LOT|ELECTRICAL PARAMETRIC TEST|COAT|WAFER SORT TEST|YIELD ANALYSIS|LOT|WAFER SORT TEST|WAFER SORT TEST|YIELD ANALYSIS|LOT|WAFER SORT TEST|WAFER SORT TEST|YIELD ANALYSIS|LOT FINAL LOT FINAL LOT|PACKAGE PREPARATION|COAT TEST|COAT TEST|COAT TEST|WAFER SORT TEST|YIELD ANALYSIS|LOT FINAL LOT FINAL LOT|COAT TEST|COAT TEST|COAT TEST|WAFER SORT TEST|YIELD ANALYSIS
valid_ic_0013_f60,STRIP RESIST|CLEAN AFTER VIA ETCH|MEASURE VIA CD INSPECTION|DEPOSIT BARRIER METAL|DEPOSIT TUNGSTEN SEED|FILL VIA TUNGSTEN|CMP METAL|MEASURE VIA RESISTANCE|DEPOSIT TOP METAL|ANNEAL METAL|SPIN COAT PHOTORESIST|SOFT BAKE|ALIGN MASK LEVEL 4|EXPOSE LITHO LEVEL 4|DEVELOP PHOTORESIST|METAL PATTERN INSPECTION|METAL ETCH DRY|STRIP RESIST|CLEAN AFTER METAL ETCH|MEASURE LINE WIDTH|DEPOSIT PASSIVATION|CURE PASSIVATION|MEASURE PASSIVATION QUALITY|OPEN PAD WINDOW|PAD WINDOW LITHO|DEVELOP PHOTORESIST|PASSIVATION ETCH|STRIP RESIST|CLEAN PAD OPENING|MEASURE PAD OPENING|BACKSIDE CLEAN|DEPOSIT BACKSIDE PROTECTION|BACKSIDE ANNEAL|FINAL CLEAN|FINAL THICKNESS MEASURE|FINAL GEOMETRY CHECK|FINAL OXIDE CHECK|FINAL PARTICLE INSPECTION|ELECTRICAL PARAMETRIC TEST|LEAKAGE TEST|PARAMETRIC TEST|SWITCHING TEST|WAFER SORT TEST|YIELD ANALYSIS|LOT|ELECTRICAL PARAMETRIC TEST|WAFER SORT TEST|LOT|ELECTRICAL PARAMETRIC TEST|COAT|WAFER SORT TEST|YIELD ANALYSIS|LOT|WAFER SORT TEST|ELECTRICAL PARAMETRIC TEST|SWITCHING TEST|WAFER SORT TEST|YIELD ANALYSIS|LOT FINAL LOT FINAL LOT|WAFER SORT TEST|ELECTRICAL YIELD ANALYSIS|WAFER SORT TEST|LOT FINAL YIELD ANALYSIS|WAFER SORT TEST|LOT FINAL YIELD ANALYSIS|WAFER SORT TEST|LOT FINAL YIELD ANALYSIS|WAFER SORT TEST|LOT WAFER SORT TEST|ELECTRICAL YIELD ANALYSIS|WAFER SORT TEST|LOT YIELD ANALYSIS|WAFER SORT TEST|LOT FINAL LOT WAFER ANALYSIS
valid_ic_0013_f80,OPEN PAD WINDOW|PAD WINDOW LITHO|DEVELOP PHOTORESIST|PASSIVATION ETCH|STRIP RESIST|CLEAN PAD OPENING|MEASURE PAD OPENING|BACKSIDE CLEAN|DEPOSIT BACKSIDE PROTECTION|BACKSIDE ANNEAL|FINAL CLEAN|FINAL THICKNESS MEASURE|FINAL GEOMETRY CHECK|FINAL PARTICLE INSPECTION|ELECTRICAL PARAMETRIC TEST|LEAKAGE TEST|PARAMETRIC TEST|SWITCHING TEST|WAFER SORT TEST|YIELD ANALYSIS|LOT|ELECTRICAL PARAMETRIC TEST|WAFER SORT TEST|LOT|ELECTRICAL PARAMETRIC TEST|COAT|ELECTRICAL PARAMETRIC TEST|SWITCHING TEST|WAFER SORT TEST|YIELD ANALYSIS|LOT FINAL LOT FINAL LOT|COAT TEST|COAT TEST|COAT TEST|SWITCHING TEST|WAFER SORT TEST|YIELD ANALYSIS|LOT|WAFER SORT TEST|ELECTRICAL SWITCHING TEST|WAFER SORT TEST|YIELD ANALYSIS|LOT|WAFER SORT TEST|LOT FINAL WAFER SORT TEST|YIELD ANALYSIS|LOT WAFER SORT TEST|LOT FINAL YIELD ANALYSIS|WAFER SORT TEST|LOT WAFER SORT TEST|ELECTRICAL YIELD ANALYSIS|WAFER ANALYSIS
valid_ic_0014_f60,STRIP RESIST|CLEAN AFTER VIA ETCH|MEASURE VIA CD INSPECTION|DEPOSIT BARRIER METAL|DEPOSIT TUNGSTEN SEED|FILL VIA TUNGSTEN|CMP METAL|MEASURE VIA RESISTANCE|DEPOSIT METAL 1|ANNEAL METAL|SPIN COAT PHOTORESIST|SOFT BAKE|ALIGN MASK LEVEL 4|EXPOSE LITHO LEVEL 4|DEVELOP PHOTORESIST|METAL PATTERN INSPECTION|METAL ETCH DRY|STRIP RESIST|CLEAN AFTER METAL ETCH|MEASURE LINE WIDTH|DEPOSIT PASSIVATION|CURE PASSIVATION|MEASURE PASSIVATION QUALITY|OPEN PAD WINDOW|PAD WINDOW LITHO|DEVELOP PHOTORESIST|PASSIVATION ETCH|STRIP RESIST|CLEAN PAD OPENING|MEASURE PAD OPENING|BACKSIDE CLEAN|DEPOSIT BACKSIDE PROTECTION|BACKSIDE ANNEAL|FINAL CLEAN|FINAL THICKNESS MEASURE|FINAL GEOMETRY CHECK|FINAL OXIDE CHECK|FINAL PARTICLE INSPECTION|ELECTRICAL PARAMETRIC TEST|LEAKAGE TEST|PARAMETRIC TEST|SWITCHING TEST|WAFER SORT TEST|YIELD ANALYSIS|LOT|WAFER SORT TEST|ELECTRICAL PARAMETRIC TEST|SWITCHING TEST|WAFER SORT TEST|YIELD ANALYSIS|LOT|WAFER SORT TEST|ELECTRICAL PARAMETRIC TEST|PRE EXPOSE LITHO|DEVELOP TEST|METAL WAFER SORT TEST|STRIP RESIST|CLEAN YIELD ANALYSIS|LOT|PACKAGE PREPARATION|PACKAGE PREPARATION|COAT TEST|COAT TEST|WAFER SORT TEST|YIELD ANALYSIS|LOT FINAL LOT|COAT TEST|WAFER SORT TEST|YIELD ANALYSIS|LOT FINAL LOT FINAL LOT|COAT TEST|COAT TEST|COAT TEST|COAT TEST|COAT TEST
valid_ic_0014_f80,OPEN PAD WINDOW|PAD WINDOW LITHO|DEVELOP PHOTORESIST|PASSIVATION ETCH|STRIP RESIST|CLEAN PAD OPENING|MEASURE PAD OPENING|BACKSIDE CLEAN|DEPOSIT BACKSIDE PROTECTION|BACKSIDE ANNEAL|FINAL CLEAN|FINAL THICKNESS MEASURE|FINAL GEOMETRY CHECK|FINAL OXIDE CHECK|FINAL PARTICLE INSPECTION|ELECTRICAL PARAMETRIC TEST|LEAKAGE TEST|PARAMETRIC TEST|SWITCHING TEST|WAFER SORT TEST|YIELD ANALYSIS|LOT|WAFER SORT TEST|ELECTRICAL PARAMETRIC TEST|SWITCHING TEST|WAFER SORT TEST|YIELD ANALYSIS|LOT|WAFER SORT TEST|ELECTRICAL PARAMETRIC TEST|SWITCHING TEST|WAFER SORT TEST|YIELD ANALYSIS|LOT FINAL LOT FINAL LOT|PACKAGE PREPARATION|COAT TEST|COAT TEST|WAFER SORT TEST|YIELD ANALYSIS|LOT FINAL LOT FINAL LOT|WAFER SORT TEST|ELECTRICAL YIELD ANALYSIS|WAFER SORT TEST|LOT FINAL WAFER SORT TEST|ELECTRICAL YIELD ANALYSIS|WAFER SORT TEST|LOT WAFER SORT TEST|ELECTRICAL YIELD ANALYSIS|WAFER SORT TEST|LOT FINAL LOT WAFER ANALYSIS|ELECTRICAL YIELD ANALYSIS|WAFER ANALYSIS
valid_ic_0015_f60,CLEAN AFTER VIA ETCH|MEASURE VIA CD INSPECTION|DEPOSIT BARRIER METAL|DEPOSIT TUNGSTEN SEED|FILL VIA TUNGSTEN|CMP METAL|MEASURE VIA RESISTANCE|DEPOSIT TOP METAL|ANNEAL METAL|SPIN COAT PHOTORESIST|SOFT BAKE|ALIGN MASK LEVEL 4|EXPOSE LITHO LEVEL 4|DEVELOP PHOTORESIST|METAL PATTERN INSPECTION|METAL ETCH DRY|STRIP RESIST|CLEAN AFTER METAL ETCH|MEASURE LINE WIDTH|DEPOSIT PASSIVATION|CURE PASSIVATION|MEASURE PASSIVATION QUALITY|OPEN PAD WINDOW|PAD WINDOW LITHO|DEVELOP PHOTORESIST|PASSIVATION ETCH|STRIP RESIST|CLEAN PAD OPENING|MEASURE PAD OPENING|BACKSIDE CLEAN|DEPOSIT BACKSIDE PROTECTION|BACKSIDE ANNEAL|FINAL CLEAN|FINAL THICKNESS MEASURE|FINAL GEOMETRY CHECK|FINAL OXIDE CHECK|FINAL PARTICLE INSPECTION|ELECTRICAL PARAMETRIC TEST|LEAKAGE TEST|PARAMETRIC TEST|SWITCHING TEST|WAFER SORT TEST|YIELD ANALYSIS|LOT|ELECTRICAL PARAMETRIC TEST|WAFER SORT TEST|LOT|ELECTRICAL PARAMETRIC TEST|COAT|ELECTRICAL PARAMETRIC TEST|SWITCHING TEST|WAFER SORT TEST|YIELD ANALYSIS|LOT FINAL LOT FINAL LOT|PACKAGE PREPARATION|COAT TEST|COAT TEST|WAFER SORT TEST|YIELD ANALYSIS|LOT WAFER SORT TEST|LOT FINAL YIELD ANALYSIS|WAFER SORT TEST|LOT FINAL LOT FINAL LOT|COAT TEST|COAT TEST|COAT TEST|WAFER SORT TEST|YIELD ANALYSIS|LOT WAFER SORT TEST|ELECTRICAL YIELD ANALYSIS|WAFER SORT TEST|LOT WAFER SORT TEST|ELECTRICAL YIELD ANALYSIS|WAFER SORT TEST|LOT YIELD ANALYSIS|WAFER SORT TEST|LOT YIELD ANALYSIS
valid_ic_0015_f80,PAD WINDOW LITHO|DEVELOP PHOTORESIST|PASSIVATION ETCH|STRIP RESIST|CLEAN PAD OPENING|MEASURE PAD OPENING|BACKSIDE CLEAN|DEPOSIT BACKSIDE PROTECTION|BACKSIDE ANNEAL|FINAL CLEAN|FINAL THICKNESS MEASURE|FINAL GEOMETRY CHECK|FINAL PARTICLE INSPECTION|ELECTRICAL PARAMETRIC TEST|LEAKAGE TEST|PARAMETRIC TEST|SWITCHING TEST|WAFER SORT TEST|YIELD ANALYSIS|LOT|ELECTRICAL PARAMETRIC TEST|WAFER SORT TEST|LOT|ELECTRICAL PARAMETRIC TEST|COAT|WAFER SORT TEST|YIELD ANALYSIS|LOT|WAFER SORT TEST|ELECTRICAL PARAMETRIC TEST|SWITCHING TEST|WAFER SORT TEST|YIELD ANALYSIS|LOT FINAL LOT FINAL LOT|PACKAGE PREPARATION|COAT TEST|COAT TEST|SWITCHING TEST|WAFER SORT TEST|YIELD ANALYSIS|LOT FINAL LOT FINAL LOT|WAFER SORT TEST|ELECTRICAL YIELD ANALYSIS|WAFER SORT TEST|LOT FINAL YIELD ANALYSIS|WAFER SORT TEST|LOT WAFER SORT TEST|WAFER SORT TEST|YIELD ANALYSIS|LOT WAFER SORT TEST|ELECTRICAL YIELD ANALYSIS|WAFER ANALYSIS|LOT LOT LOT YIELD ANALYSIS
valid_ic_0016_f60,CLEAN AFTER VIA ETCH|MEASURE VIA CD INSPECTION|DEPOSIT BARRIER METAL|DEPOSIT TUNGSTEN SEED|FILL VIA TUNGSTEN|CMP METAL|MEASURE VIA RESISTANCE|DEPOSIT TOP METAL|ANNEAL METAL|SPIN COAT PHOTORESIST|SOFT BAKE|ALIGN MASK LEVEL 4|EXPOSE LITHO LEVEL 4|DEVELOP PHOTORESIST|METAL PATTERN INSPECTION|METAL ETCH DRY|STRIP RESIST|CLEAN AFTER METAL ETCH|MEASURE LINE WIDTH|DEPOSIT PASSIVATION|CURE PASSIVATION|MEASURE PASSIVATION THICKNESS|OPEN PAD WINDOW|PAD WINDOW LITHO|DEVELOP PHOTORESIST|PASSIVATION ETCH|STRIP RESIST|CLEAN PAD OPENING|MEASURE PAD OPENING|BACKSIDE CLEAN|DEPOSIT BACKSIDE PROTECTION|BACKSIDE ANNEAL|FINAL CLEAN|FINAL THICKNESS MEASURE|FINAL GEOMETRY CHECK|FINAL OXIDE CHECK|FINAL CD INSPECTION|FINAL PARTICLE INSPECTION|ELECTRICAL PARAMETRIC TEST|LEAKAGE TEST|PARAMETRIC TEST|SWITCHING TEST|WAFER SORT TEST|YIELD ANALYSIS|LOT|WAFER SORT TEST|ELECTRICAL PARAMETRIC TEST|SWITCHING TEST|WAFER SORT TEST|YIELD ANALYSIS|LOT|WAFER SORT TEST|ELECTRICAL PARAMETRIC TEST|SWITCHING TEST|WAFER SORT TEST|YIELD ANALYSIS|LOT FINAL LOT FINAL LOT|PACKAGE PREPARATION|COAT TEST|COAT TEST|SWITCHING TEST|WAFER SORT TEST|YIELD ANALYSIS|LOT FINAL LOT FINAL LOT|COAT TEST|COAT TEST|COAT TEST|ELECTRICAL YIELD ANALYSIS|WAFER SORT TEST|LOT WAFER SORT TEST|ELECTRICAL YIELD ANALYSIS|WAFER SORT TEST|LOT YIELD ANALYSIS|WAFER SORT TEST|LOT FINAL YIELD ANALYSIS|WAFER ANALYSIS
valid_ic_0016_f80,PAD WINDOW LITHO|DEVELOP PHOTORESIST|PASSIVATION ETCH|STRIP RESIST|CLEAN PAD OPENING|MEASURE PAD OPENING|BACKSIDE THINNING CHECK|BACKSIDE CLEAN|DEPOSIT BACKSIDE PROTECTION|BACKSIDE ANNEAL|FINAL CLEAN|FINAL THICKNESS MEASURE|FINAL GEOMETRY CHECK|FINAL OXIDE CHECK|FINAL PARTICLE INSPECTION|ELECTRICAL PARAMETRIC TEST|LEAKAGE TEST|PARAMETRIC TEST|SWITCHING TEST|WAFER SORT TEST|YIELD ANALYSIS|LOT|ELECTRICAL PARAMETRIC TEST|WAFER SORT TEST|LOT|ELECTRICAL PARAMETRIC TEST|COAT|ELECTRICAL PARAMETRIC TEST|SWITCHING TEST|WAFER SORT TEST|YIELD ANALYSIS|LOT|WAFER SORT TEST|WAFER SORT TEST|YIELD ANALYSIS|LOT FINAL LOT FINAL LOT|WAFER SORT TEST|YIELD ANALYSIS|LOT FINAL LOT FINAL LOT|COAT TEST|COAT TEST|COAT TEST|WAFER SORT TEST|YIELD ANALYSIS|LOT WAFER SORT TEST|ELECTRICAL YIELD ANALYSIS|WAFER SORT TEST|LOT WAFER SORT TEST|ELECTRICAL YIELD ANALYSIS|WAFER SORT TEST|LOT WAFER ANALYSIS|EXPOSE BAKE|DEVELOP YIELD ANALYSIS
valid_ic_0017_f60,MEASURE VIA CD INSPECTION|DEPOSIT BARRIER METAL|DEPOSIT TUNGSTEN SEED|FILL VIA TUNGSTEN|CMP METAL|MEASURE VIA RESISTANCE|DEPOSIT TOP METAL|ANNEAL METAL|SPIN COAT PHOTORESIST|SOFT BAKE|ALIGN MASK LEVEL 4|EXPOSE LITHO LEVEL 4|DEVELOP PHOTORESIST|METAL PATTERN INSPECTION|METAL ETCH DRY|STRIP RESIST|CLEAN AFTER METAL ETCH|MEASURE LINE WIDTH|DEPOSIT PASSIVATION|CURE PASSIVATION|MEASURE PASSIVATION QUALITY|OPEN PAD WINDOW|PAD WINDOW LITHO|DEVELOP PHOTORESIST|PASSIVATION ETCH|STRIP RESIST|CLEAN PAD OPENING|MEASURE PAD OPENING|BACKSIDE CLEAN|DEPOSIT BACKSIDE PROTECTION|BACKSIDE ANNEAL|FINAL CLEAN|FINAL THICKNESS MEASURE|FINAL GEOMETRY CHECK|FINAL PARTICLE INSPECTION|ELECTRICAL PARAMETRIC TEST|LEAKAGE TEST|PARAMETRIC TEST|SWITCHING TEST|WAFER SORT TEST|YIELD ANALYSIS|LOT|ELECTRICAL PARAMETRIC TEST|WAFER SORT TEST|LOT|ELECTRICAL PARAMETRIC TEST|COAT|ELECTRICAL PARAMETRIC TEST|SWITCHING TEST|WAFER SORT TEST|YIELD ANALYSIS|LOT FINAL LOT FINAL LOT|PACKAGE PREPARATION|PACKAGE PREPARATION|COAT TEST|SWITCHING TEST|WAFER SORT TEST|YIELD ANALYSIS|LOT WAFER SORT TEST|LOT FINAL YIELD ANALYSIS|WAFER SORT TEST|LOT WAFER SORT TEST|WAFER SORT TEST|YIELD ANALYSIS|LOT FINAL LOT FINAL LOT|COAT TEST|COAT TEST|COAT TEST|WAFER SORT TEST|YIELD ANALYSIS|LOT|WAFER SORT TEST|ELECTRICAL YIELD ANALYSIS|WAFER ANALYSIS|LOT YIELD ANALYSIS|WAFER SORT TEST
valid_ic_0017_f80,PAD WINDOW LITHO|DEVELOP PHOTORESIST|PASSIVATION ETCH|STRIP RESIST|CLEAN PAD OPENING|MEASURE PAD OPENING|BACKSIDE CLEAN|DEPOSIT BACKSIDE PROTECTION|BACKSIDE ANNEAL|FINAL CLEAN|FINAL THICKNESS MEASURE|FINAL GEOMETRY CHECK|FINAL OXIDE CHECK|FINAL PARTICLE INSPECTION|ELECTRICAL PARAMETRIC TEST|LEAKAGE TEST|PARAMETRIC TEST|SWITCHING TEST|WAFER SORT TEST|YIELD ANALYSIS|LOT|ELECTRICAL PARAMETRIC TEST|WAFER SORT TEST|LOT|YIELD ANALYSIS|WAFER SORT TEST|LOT|ELECTRICAL PARAMETRIC TEST|COAT|WAFER SORT TEST|YIELD ANALYSIS|LOT FINAL LOT FINAL LOT|PACKAGE PREPARATION|COAT TEST|COAT TEST|COAT TEST|SWITCHING TEST|WAFER SORT TEST|YIELD ANALYSIS|LOT FINAL LOT FINAL LOT|WAFER SORT TEST|ELECTRICAL YIELD ANALYSIS|WAFER SORT TEST|LOT FINAL WAFER SORT TEST|ELECTRICAL YIELD ANALYSIS|WAFER SORT TEST|LOT FINAL YIELD ANALYSIS|WAFER SORT TEST|LOT FINAL LOT WAFER ANALYSIS|ELECTRICAL YIELD ANALYSIS|WAFER SORT TEST|LOT LOT FINAL YIELD ANALYSIS|DIELECTRIC BAKE
valid_ic_0018_f60,CLEAN AFTER VIA ETCH|MEASURE VIA CD INSPECTION|DEPOSIT BARRIER METAL|DEPOSIT TUNGSTEN SEED|FILL VIA TUNGSTEN|CMP METAL|MEASURE VIA RESISTANCE|DEPOSIT TOP METAL|ANNEAL METAL|SPIN COAT PHOTORESIST|SOFT BAKE|ALIGN MASK LEVEL 4|EXPOSE LITHO LEVEL 4|DEVELOP PHOTORESIST|METAL PATTERN INSPECTION|METAL ETCH DRY|STRIP RESIST|CLEAN AFTER METAL ETCH|MEASURE LINE WIDTH|DEPOSIT PASSIVATION|CURE PASSIVATION|MEASURE PASSIVATION QUALITY|OPEN PAD WINDOW|PAD WINDOW LITHO|DEVELOP PAD WINDOW|PASSIVATION ETCH|STRIP RESIST|CLEAN PAD OPENING|MEASURE PAD OPENING|BACKSIDE CLEAN|DEPOSIT BACKSIDE PROTECTION|BACKSIDE ANNEAL|FINAL CLEAN|FINAL THICKNESS MEASURE|FINAL GEOMETRY CHECK|FINAL OXIDE CHECK|FINAL PARTICLE INSPECTION|ELECTRICAL PARAMETRIC TEST|LEAKAGE TEST|PARAMETRIC TEST|SWITCHING TEST|WAFER SORT TEST|YIELD ANALYSIS|LOT|ELECTRICAL PARAMETRIC TEST|WAFER SORT TEST|YIELD ANALYSIS|LOT|WAFER SORT TEST|ELECTRICAL PARAMETRIC TEST|SWITCHING TEST|WAFER SORT TEST|YIELD ANALYSIS|LOT FINAL LOT FINAL LOT|PACKAGE PREPARATION|COAT|WAFER SORT TEST|YIELD ANALYSIS|LOT FINAL LOT FINAL LOT|WAFER SORT TEST|YIELD ANALYSIS|LOT FINAL LOT FINAL LOT|COAT TEST|COAT TEST|WAFER SORT TEST|YIELD ANALYSIS|LOT FINAL LOT|WAFER SORT TEST|ELECTRICAL YIELD ANALYSIS|WAFER SORT TEST|LOT WAFER SORT TEST|ELECTRICAL YIELD ANALYSIS|WAFER SORT TEST|LOT FINAL LOT YIELD ANALYSIS
valid_ic_0018_f80,MEASURE PASSIVATION THICKNESS|OPEN PAD WINDOW|PAD WINDOW LITHO|DEVELOP PHOTORESIST|PASSIVATION ETCH|STRIP RESIST|CLEAN PAD OPENING|MEASURE PAD OPENING|BACKSIDE CLEAN|DEPOSIT BACKSIDE PROTECTION|BACKSIDE ANNEAL|FINAL CLEAN|FINAL THICKNESS MEASURE|FINAL GEOMETRY CHECK|FINAL OXIDE CHECK|FINAL PARTICLE INSPECTION|ELECTRICAL PARAMETRIC TEST|LEAKAGE TEST|PARAMETRIC TEST|SWITCHING TEST|WAFER SORT TEST|YIELD ANALYSIS|LOT|ELECTRICAL PARAMETRIC TEST|WAFER SORT TEST|LOT|ELECTRICAL PARAMETRIC TEST|WAFER SORT TEST|YIELD ANALYSIS|LOT|WAFER SORT TEST|ELECTRICAL PARAMETRIC TEST|SWITCHING TEST|WAFER SORT TEST|YIELD ANALYSIS|LOT FINAL LOT FINAL LOT|PACKAGE PREPARATION|COAT TEST|COAT TEST|SWITCHING TEST|WAFER SORT TEST|YIELD ANALYSIS|LOT FINAL LOT FINAL LOT|COAT TEST|COAT TEST|COAT TEST|WAFER SORT TEST|YIELD ANALYSIS|LOT WAFER SORT TEST|ELECTRICAL YIELD ANALYSIS|WAFER SORT TEST|LOT WAFER SORT TEST
valid_ic_0019_f60,VIA ETCH|STRIP RESIST|CLEAN AFTER VIA ETCH|MEASURE VIA CD INSPECTION|DEPOSIT BARRIER METAL|DEPOSIT TUNGSTEN SEED|FILL VIA TUNGSTEN|CMP METAL|MEASURE VIA RESISTANCE|DEPOSIT TOP METAL|ANNEAL METAL|SPIN COAT PHOTORESIST|SOFT BAKE|ALIGN MASK LEVEL 4|EXPOSE LITHO LEVEL 4|DEVELOP PHOTORESIST|METAL PATTERN INSPECTION|METAL ETCH DRY|STRIP RESIST|CLEAN AFTER METAL ETCH|MEASURE LINE WIDTH|DEPOSIT PASSIVATION|CURE PASSIVATION|MEASURE PASSIVATION QUALITY|OPEN PAD WINDOW|PAD WINDOW LITHO|DEVELOP PHOTORESIST|PASSIVATION ETCH|STRIP RESIST|CLEAN PAD OPENING|MEASURE PAD OPENING|BACKSIDE CLEAN|DEPOSIT BACKSIDE PROTECTION|BACKSIDE ANNEAL|FINAL CLEAN|FINAL THICKNESS MEASURE|FINAL GEOMETRY CHECK|FINAL OXIDE CHECK|FINAL PARTICLE INSPECTION|ELECTRICAL PARAMETRIC TEST|LEAKAGE TEST|PARAMETRIC TEST|SWITCHING TEST|WAFER SORT TEST|YIELD ANALYSIS|LOT|WAFER SORT TEST|ELECTRICAL PARAMETRIC TEST|SWITCHING TEST|WAFER SORT TEST|YIELD ANALYSIS|LOT|WAFER SORT TEST|ELECTRICAL PARAMETRIC TEST|SWITCHING TEST|WAFER SORT TEST|YIELD ANALYSIS|LOT FINAL LOT|PACKAGE PREPARATION|COAT TEST|COAT TEST|WAFER SORT TEST|YIELD ANALYSIS|LOT FINAL LOT FINAL LOT|WAFER SORT TEST|ELECTRICAL YIELD ANALYSIS|WAFER SORT TEST|LOT FINAL YIELD ANALYSIS|WAFER SORT TEST|LOT FINAL LOT FINAL LOT|PACKAGE PREPARATION|ELECTRICAL YIELD ANALYSIS|WAFER SORT TEST|LOT YIELD ANALYSIS|WAFER SORT TEST
valid_ic_0019_f80,MEASURE PASSIVATION QUALITY|OPEN PAD WINDOW|PAD WINDOW LITHO|DEVELOP PHOTORESIST|PASSIVATION ETCH|STRIP RESIST|CLEAN PAD OPENING|MEASURE PAD OPENING|BACKSIDE THINNING CHECK|BACKSIDE CLEAN|DEPOSIT BACKSIDE PROTECTION|BACKSIDE ANNEAL|FINAL CLEAN|FINAL THICKNESS MEASURE|FINAL GEOMETRY CHECK|FINAL OXIDE CHECK|FINAL PARTICLE INSPECTION|ELECTRICAL PARAMETRIC TEST|LEAKAGE TEST|PARAMETRIC TEST|SWITCHING TEST|WAFER SORT TEST|YIELD ANALYSIS|LOT|ELECTRICAL PARAMETRIC TEST|WAFER SORT TEST|LOT|ELECTRICAL PARAMETRIC TEST|COAT|WAFER SORT TEST|YIELD ANALYSIS|LOT|WAFER SORT TEST|WAFER SORT TEST|YIELD ANALYSIS|LOT FINAL LOT FINAL LOT|WAFER SORT TEST|COAT TEST|WAFER SORT TEST|YIELD ANALYSIS|LOT FINAL LOT FINAL LOT|WAFER SORT TEST|ELECTRICAL YIELD ANALYSIS|WAFER SORT TEST|LOT FINAL LOT FINAL LOT|COAT TEST|COAT TEST|COAT TEST|SWITCHING TEST|WAFER SORT TEST|YIELD ANALYSIS|LOT WAFER ANALYSIS
valid_ic_0020_f60,VIA ETCH|STRIP RESIST|CLEAN AFTER VIA ETCH|MEASURE VIA CD INSPECTION|DEPOSIT BARRIER METAL|DEPOSIT TUNGSTEN SEED|FILL VIA TUNGSTEN|CMP METAL|MEASURE VIA RESISTANCE|DEPOSIT TOP METAL|ANNEAL METAL|SPIN COAT PHOTORESIST|SOFT BAKE|ALIGN MASK LEVEL 4|EXPOSE LITHO LEVEL 4|DEVELOP PHOTORESIST|METAL PATTERN INSPECTION|METAL ETCH DRY|STRIP RESIST|CLEAN AFTER METAL ETCH|MEASURE LINE WIDTH|DEPOSIT PASSIVATION|CURE PASSIVATION|MEASURE PASSIVATION THICKNESS|OPEN PAD WINDOW|PAD WINDOW LITHO|DEVELOP PHOTORESIST|PASSIVATION ETCH|STRIP RESIST|CLEAN PAD OPENING|MEASURE PAD OPENING|BACKSIDE THINNING CHECK|BACKSIDE CLEAN|DEPOSIT BACKSIDE PROTECTION|BACKSIDE ANNEAL|FINAL CLEAN|FINAL THICKNESS MEASURE|FINAL GEOMETRY CHECK|FINAL OXIDE CHECK|FINAL PARTICLE INSPECTION|ELECTRICAL PARAMETRIC TEST|LEAKAGE TEST|PARAMETRIC TEST|SWITCHING TEST|WAFER SORT TEST|YIELD ANALYSIS|LOT|WAFER SORT TEST|ELECTRICAL TEST|WAFER SORT TEST|YIELD ANALYSIS|LOT|COAT TEST|WAFER SORT TEST|ELECTRICAL PARAMETRIC TEST|SWITCHING TEST|WAFER SORT TEST|YIELD ANALYSIS|LOT FINAL LOT FINAL LOT|PACKAGE PREPARATION|COAT TEST|COAT TEST|SWITCHING TEST|WAFER SORT TEST|YIELD ANALYSIS|LOT FINAL LOT FINAL LOT|COAT TEST|COAT TEST|COAT TEST|ELECTRICAL YIELD ANALYSIS|WAFER SORT TEST|LOT WAFER SORT TEST|ELECTRICAL YIELD ANALYSIS|WAFER SORT TEST|LOT LOT FINAL YIELD ANALYSIS
valid_ic_0020_f80,OPEN PAD WINDOW|PAD WINDOW LITHO|DEVELOP PHOTORESIST|PASSIVATION ETCH|STRIP RESIST|CLEAN PAD OPENING|MEASURE PAD OPENING|BACKSIDE CLEAN|DEPOSIT BACKSIDE PROTECTION|BACKSIDE ANNEAL|FINAL CLEAN|FINAL THICKNESS MEASURE|FINAL GEOMETRY CHECK|FINAL OXIDE CHECK|FINAL PARTICLE INSPECTION|ELECTRICAL PARAMETRIC TEST|LEAKAGE TEST|PARAMETRIC TEST|SWITCHING TEST|WAFER SORT TEST|YIELD ANALYSIS|LOT|WAFER SORT TEST|WAFER SORT TEST|YIELD ANALYSIS|LOT|WAFER SORT TEST|ELECTRICAL TEST|SWITCHING TEST|WAFER SORT TEST|YIELD ANALYSIS|LOT FINAL LOT FINAL LOT|PACKAGE PREPARATION|COAT TEST|COAT TEST|SWITCHING TEST|WAFER SORT TEST|YIELD ANALYSIS|LOT FINAL LOT FINAL LOT|COAT TEST|COAT TEST|COAT TEST|SWITCHING TEST|WAFER SORT TEST|YIELD ANALYSIS|LOT|WAFER SORT TEST|ELECTRICAL YIELD ANALYSIS|WAFER SORT TEST|LOT WAFER SORT TEST|ELECTRICAL YIELD ANALYSIS|WAFER SORT TEST
valid_ic_0021_f60,VIA ETCH|STRIP RESIST|CLEAN AFTER VIA ETCH|MEASURE VIA CD INSPECTION|DEPOSIT BARRIER METAL|DEPOSIT TUNGSTEN SEED|FILL VIA TUNGSTEN|CMP METAL|MEASURE VIA RESISTANCE|DEPOSIT METAL 1|ANNEAL METAL|SPIN COAT PHOTORESIST|SOFT BAKE|ALIGN MASK LEVEL 4|EXPOSE LITHO LEVEL 4|DEVELOP PHOTORESIST|METAL PATTERN INSPECTION|METAL ETCH DRY|STRIP RESIST|CLEAN AFTER METAL ETCH|MEASURE LINE WIDTH|DEPOSIT PASSIVATION|CURE PASSIVATION|MEASURE PASSIVATION QUALITY|OPEN PAD WINDOW|PAD WINDOW LITHO|DEVELOP PHOTORESIST|PASSIVATION ETCH|STRIP RESIST|CLEAN PAD OPENING|MEASURE PAD OPENING|BACKSIDE CLEAN|DEPOSIT BACKSIDE PROTECTION|BACKSIDE ANNEAL|FINAL CLEAN|FINAL THICKNESS MEASURE|FINAL GEOMETRY CHECK|FINAL OXIDE CHECK|FINAL PARTICLE INSPECTION|ELECTRICAL PARAMETRIC TEST|LEAKAGE TEST|PARAMETRIC TEST|SWITCHING TEST|WAFER SORT TEST|YIELD ANALYSIS|LOT|WAFER SORT TEST|ELECTRICAL PARAMETRIC TEST|SWITCHING TEST|WAFER SORT TEST|YIELD ANALYSIS|LOT|WAFER SORT TEST|ELECTRICAL PARAMETRIC TEST|PRE EXPOSE LITHO|DEVELOP TEST|METAL WAFER SORT TEST|STRIP RESIST|CLEAN YIELD ANALYSIS|LOT|PACKAGE PREPARATION|PACKAGE PREPARATION|COAT TEST|COAT TEST|WAFER SORT TEST|YIELD ANALYSIS|LOT|WAFER SORT TEST|WAFER SORT TEST|ELECTRICAL YIELD ANALYSIS|WAFER SORT TEST|LOT FINAL YIELD ANALYSIS|WAFER SORT TEST|LOT WAFER SORT TEST
valid_ic_0021_f80,CURE PASSIVATION|MEASURE PASSIVATION QUALITY|OPEN PAD WINDOW|PAD WINDOW LITHO|DEVELOP PHOTORESIST|PASSIVATION ETCH|STRIP RESIST|CLEAN PAD OPENING|MEASURE PAD OPENING|BACKSIDE CLEAN|DEPOSIT BACKSIDE PROTECTION|BACKSIDE ANNEAL|FINAL CLEAN|FINAL THICKNESS MEASURE|FINAL GEOMETRY CHECK|FINAL OXIDE CHECK|FINAL PARTICLE INSPECTION|ELECTRICAL PARAMETRIC TEST|LEAKAGE TEST|PARAMETRIC TEST|SWITCHING TEST|WAFER SORT TEST|YIELD ANALYSIS|LOT|WAFER SORT TEST|ELECTRICAL PARAMETRIC TEST|SWITCHING TEST|WAFER SORT TEST|YIELD ANALYSIS|LOT|ELECTRICAL PARAMETRIC TEST|WAFER SORT TEST|ELECTRICAL PARAMETRIC TEST|SWITCHING TEST|WAFER SORT TEST|YIELD ANALYSIS|LOT FINAL LOT FINAL LOT|PACKAGE PREPARATION|COAT TEST|COAT TEST|SWITCHING TEST|WAFER SORT TEST|YIELD ANALYSIS|LOT|WAFER SORT TEST|COAT TEST|ELECTRICAL YIELD ANALYSIS|WAFER SORT TEST|LOT WAFER SORT TEST|ELECTRICAL YIELD ANALYSIS|WAFER SORT TEST|LOT WAFER ANALYSIS
valid_ic_0022_f60,CLEAN AFTER VIA ETCH|MEASURE VIA CD INSPECTION|DEPOSIT BARRIER METAL|DEPOSIT TUNGSTEN SEED|FILL VIA TUNGSTEN|CMP METAL|MEASURE VIA RESISTANCE|DEPOSIT TOP METAL|ANNEAL METAL|SPIN COAT PHOTORESIST|SOFT BAKE|ALIGN MASK LEVEL 4|EXPOSE LITHO LEVEL 4|DEVELOP PHOTORESIST|METAL PATTERN INSPECTION|METAL ETCH DRY|STRIP RESIST|CLEAN AFTER METAL ETCH|MEASURE LINE WIDTH|DEPOSIT PASSIVATION|CURE PASSIVATION|MEASURE PASSIVATION QUALITY|OPEN PAD WINDOW|PAD WINDOW LITHO|DEVELOP PHOTORESIST|PASSIVATION ETCH|STRIP RESIST|CLEAN PAD OPENING|MEASURE PAD OPENING|BACKSIDE CLEAN|DEPOSIT BACKSIDE PROTECTION|BACKSIDE ANNEAL|FINAL CLEAN|FINAL THICKNESS MEASURE|FINAL GEOMETRY CHECK|FINAL OXIDE CHECK|FINAL PARTICLE INSPECTION|ELECTRICAL PARAMETRIC TEST|LEAKAGE TEST|PARAMETRIC TEST|SWITCHING TEST|WAFER SORT TEST|YIELD ANALYSIS|LOT|WAFER SORT TEST|ELECTRICAL TEST|SWITCHING TEST|WAFER SORT TEST|YIELD ANALYSIS|LOT|WAFER SORT TEST|LOT|ELECTRICAL PARAMETRIC TEST|WAFER SORT TEST|YIELD ANALYSIS|LOT FINAL LOT FINAL LOT|PACKAGE PREPARATION|COAT TEST|COAT TEST|WAFER SORT TEST|YIELD ANALYSIS|LOT FINAL LOT FINAL LOT|WAFER SORT TEST|ELECTRICAL YIELD ANALYSIS|WAFER SORT TEST|LOT FINAL YIELD ANALYSIS|WAFER SORT TEST|LOT FINAL LOT FINAL LOT|COAT TEST|COAT TEST|WAFER SORT TEST|YIELD ANALYSIS|LOT FINAL LOT FINAL LOT|PACKAGE PREPARATION|EXPOSE BAKE|DEVELOP YIELD ANALYSIS
valid_ic_0022_f80,OPEN PAD WINDOW|PAD WINDOW LITHO|DEVELOP PHOTORESIST|PASSIVATION ETCH|STRIP RESIST|CLEAN PAD OPENING|MEASURE PAD OPENING|BACKSIDE THINNING CHECK|BACKSIDE CLEAN|DEPOSIT BACKSIDE PROTECTION|BACKSIDE ANNEAL|FINAL CLEAN|FINAL THICKNESS MEASURE|FINAL GEOMETRY CHECK|FINAL PARTICLE INSPECTION|ELECTRICAL PARAMETRIC TEST|LEAKAGE TEST|PARAMETRIC TEST|SWITCHING TEST|WAFER SORT TEST|YIELD ANALYSIS|LOT|WAFER SORT TEST|ELECTRICAL PARAMETRIC TEST|SWITCHING TEST|WAFER SORT TEST|YIELD ANALYSIS|LOT|WAFER SORT TEST|ELECTRICAL PARAMETRIC TEST|SWITCHING TEST|WAFER SORT TEST|YIELD ANALYSIS|LOT FINAL LOT FINAL LOT|WAFER SORT TEST|ELECTRICAL YIELD ANALYSIS|LOT FINAL WAFER SORT TEST|ELECTRICAL YIELD ANALYSIS|WAFER SORT TEST|LOT FINAL LOT|COAT TEST|COAT TEST|COAT TEST|WAFER SORT TEST|YIELD ANALYSIS|LOT WAFER SORT TEST|ELECTRICAL YIELD ANALYSIS|WAFER SORT TEST|LOT YIELD ANALYSIS|WAFER SORT TEST|LOT WAFER ANALYSIS|CMP DIELECTRIC CHECK|DEVELOP YIELD ANALYSIS
valid_ic_0023_f60,DEPOSIT TUNGSTEN SEED|FILL VIA TUNGSTEN|CMP METAL|MEASURE VIA RESISTANCE|DEPOSIT METAL 1|ANNEAL METAL|SPIN COAT PHOTORESIST|SOFT BAKE|ALIGN MASK LEVEL 4|EXPOSE LITHO LEVEL 4|DEVELOP PHOTORESIST|METAL PATTERN INSPECTION|METAL ETCH DRY|STRIP RESIST|CLEAN AFTER METAL ETCH|MEASURE LINE WIDTH|DEPOSIT PASSIVATION|CURE PASSIVATION|MEASURE PASSIVATION QUALITY|OPEN PAD WINDOW|PAD WINDOW LITHO|DEVELOP PHOTORESIST|PASSIVATION ETCH|STRIP RESIST|CLEAN PAD OPENING|MEASURE PAD OPENING|BACKSIDE CLEAN|DEPOSIT BACKSIDE PROTECTION|BACKSIDE ANNEAL|FINAL CLEAN|FINAL THICKNESS MEASURE|FINAL GEOMETRY CHECK|FINAL OXIDE CHECK|FINAL PARTICLE INSPECTION|ELECTRICAL PARAMETRIC TEST|LEAKAGE TEST|PARAMETRIC TEST|SWITCHING TEST|WAFER SORT TEST|YIELD ANALYSIS|LOT|WAFER SORT TEST|ELECTRICAL PARAMETRIC TEST|SWITCHING TEST|WAFER SORT TEST|YIELD ANALYSIS|LOT|WAFER SORT TEST|ELECTRICAL PARAMETRIC TEST|SWITCHING TEST|WAFER SORT TEST|YIELD ANALYSIS|LOT FINAL LOT FINAL LOT|PACKAGE PREPARATION|COAT TEST|COAT TEST|WAFER SORT TEST|YIELD ANALYSIS|LOT WAFER SORT TEST|WAFER SORT TEST|YIELD ANALYSIS|LOT WAFER SORT TEST|ELECTRICAL YIELD ANALYSIS|WAFER SORT TEST|LOT WAFER SORT TEST|ELECTRICAL YIELD ANALYSIS|WAFER SORT TEST|LOT FINAL LOT WAFER ANALYSIS|EXPOSE BAKE|DEVELOP YIELD ANALYSIS|VIA WAFER ANALYSIS|DIELECTRIC BAKE|DIELECTRIC CHECK|DIELECTRIC BAKE|VIA|DENSIFY TEST|DENSIFY TEST
valid_ic_0023_f80,DEVELOP PHOTORESIST|PASSIVATION ETCH|STRIP RESIST|CLEAN PAD OPENING|MEASURE PAD OPENING|BACKSIDE CLEAN|DEPOSIT BACKSIDE PROTECTION|BACKSIDE ANNEAL|FINAL CLEAN|FINAL THICKNESS MEASURE|FINAL GEOMETRY CHECK|FINAL PARTICLE INSPECTION|ELECTRICAL PARAMETRIC TEST|LEAKAGE TEST|PARAMETRIC TEST|SWITCHING TEST|WAFER SORT TEST|YIELD ANALYSIS|LOT|ELECTRICAL PARAMETRIC TEST|WAFER SORT TEST|LOT|ELECTRICAL PARAMETRIC TEST|COAT|ELECTRICAL PARAMETRIC TEST|SWITCHING TEST|WAFER SORT TEST|YIELD ANALYSIS|LOT FINAL LOT FINAL LOT|PACKAGE PREPARATION|COAT TEST|COAT TEST|BACKSIDE ANALYSIS|WAFER SORT TEST|YIELD ANALYSIS|LOT FINAL LOT FINAL LOT|WAFER SORT TEST|COAT TEST|YIELD ANALYSIS|LOT FINAL LOT|WAFER SORT TEST|ELECTRICAL YIELD ANALYSIS|WAFER SORT TEST|LOT WAFER SORT TEST|ELECTRICAL YIELD ANALYSIS|WAFER SORT TEST|LOT WAFER SORT TEST|CMP DIELECTRIC BAKE|ELECTRICAL YIELD ANALYSIS|WAFER ANALYSIS|LOT WAFER SORT TEST|DENSIFY TEST|DENSIFY TEST
valid_ic_0024_f60,VIA INSPECTION|VIA ETCH|STRIP RESIST|CLEAN AFTER VIA ETCH|MEASURE VIA CD INSPECTION|DEPOSIT BARRIER METAL|DEPOSIT TUNGSTEN SEED|FILL VIA TUNGSTEN|CMP METAL|MEASURE VIA RESISTANCE|DEPOSIT TOP METAL|ANNEAL METAL|SPIN COAT PHOTORESIST|SOFT BAKE|ALIGN MASK LEVEL 4|EXPOSE LITHO LEVEL 4|DEVELOP PHOTORESIST|METAL PATTERN INSPECTION|METAL ETCH DRY|STRIP RESIST|CLEAN AFTER METAL ETCH|MEASURE LINE WIDTH|DEPOSIT PASSIVATION|CURE PASSIVATION|MEASURE PASSIVATION QUALITY|OPEN PAD WINDOW|PAD WINDOW LITHO|DEVELOP PHOTORESIST|PASSIVATION ETCH|STRIP RESIST|CLEAN PAD OPENING|MEASURE PAD OPENING|BACKSIDE CLEAN|DEPOSIT BACKSIDE PROTECTION|BACKSIDE ANNEAL|FINAL CLEAN|FINAL THICKNESS MEASURE|FINAL GEOMETRY CHECK|FINAL OXIDE CHECK|FINAL PARTICLE INSPECTION|ELECTRICAL PARAMETRIC TEST|LEAKAGE TEST|PARAMETRIC TEST|SWITCHING TEST|WAFER SORT TEST|YIELD ANALYSIS|LOT|ELECTRICAL PARAMETRIC TEST|WAFER SORT TEST|LOT|ELECTRICAL PARAMETRIC TEST|COAT|ELECTRICAL PARAMETRIC TEST|SWITCHING TEST|WAFER SORT TEST|YIELD ANALYSIS|LOT FINAL LOT FINAL LOT|PACKAGE PREPARATION|COAT TEST|COAT TEST|WAFER SORT TEST|YIELD ANALYSIS|LOT WAFER SORT TEST|LOT FINAL YIELD ANALYSIS|WAFER SORT TEST|LOT FINAL LOT FINAL LOT|COAT TEST|COAT TEST|COAT TEST|WAFER SORT TEST|YIELD ANALYSIS|LOT WAFER SORT TEST|ELECTRICAL YIELD ANALYSIS|WAFER SORT TEST
valid_ic_0024_f80,DEPOSIT PASSIVATION|CURE PASSIVATION|MEASURE PASSIVATION QUALITY|OPEN PAD WINDOW|PAD WINDOW LITHO|DEVELOP PHOTORESIST|PASSIVATION ETCH|STRIP RESIST|CLEAN PAD OPENING|MEASURE PAD OPENING|BACKSIDE CLEAN|DEPOSIT BACKSIDE PROTECTION|BACKSIDE ANNEAL|FINAL CLEAN|FINAL THICKNESS MEASURE|FINAL GEOMETRY CHECK|FINAL OXIDE CHECK|FINAL PARTICLE INSPECTION|ELECTRICAL PARAMETRIC TEST|LEAKAGE TEST|PARAMETRIC TEST|SWITCHING TEST|WAFER SORT TEST|YIELD ANALYSIS|LOT|WAFER SORT TEST|ELECTRICAL PARAMETRIC TEST|SWITCHING TEST|WAFER SORT TEST|YIELD ANALYSIS|LOT|WAFER SORT TEST|ELECTRICAL PARAMETRIC TEST|SWITCHING TEST|WAFER SORT TEST|YIELD ANALYSIS|LOT FINAL LOT FINAL LOT|PACKAGE PREPARATION|COAT TEST|COAT TEST|COAT TEST|WAFER SORT TEST|YIELD ANALYSIS|LOT FINAL LOT FINAL LOT|COAT TEST|COAT TEST|COAT TEST|ELECTRICAL YIELD ANALYSIS|WAFER SORT TEST|LOT WAFER SORT TEST|ELECTRICAL YIELD ANALYSIS|WAFER SORT TEST
valid_ic_0025_f60,STRIP RESIST|CLEAN AFTER VIA ETCH|MEASURE VIA CD INSPECTION|DEPOSIT BARRIER METAL|DEPOSIT TUNGSTEN SEED|FILL VIA TUNGSTEN|CMP METAL|MEASURE VIA RESISTANCE|DEPOSIT TOP METAL|ANNEAL METAL|SPIN COAT PHOTORESIST|SOFT BAKE|ALIGN MASK LEVEL 4|EXPOSE LITHO LEVEL 4|DEVELOP PHOTORESIST|METAL PATTERN INSPECTION|METAL ETCH DRY|STRIP RESIST|CLEAN AFTER METAL ETCH|MEASURE LINE WIDTH|DEPOSIT PASSIVATION|CURE PASSIVATION|MEASURE PASSIVATION THICKNESS|OPEN PAD WINDOW|PAD WINDOW LITHO|DEVELOP PHOTORESIST|PASSIVATION ETCH|STRIP RESIST|CLEAN PAD OPENING|MEASURE PAD OPENING|BACKSIDE CLEAN|DEPOSIT BACKSIDE PROTECTION|BACKSIDE ANNEAL|FINAL CLEAN|FINAL THICKNESS MEASURE|FINAL GEOMETRY CHECK|FINAL OXIDE CHECK|FINAL CD INSPECTION|FINAL PARTICLE INSPECTION|ELECTRICAL PARAMETRIC TEST|LEAKAGE TEST|PARAMETRIC TEST|SWITCHING TEST|WAFER SORT TEST|YIELD ANALYSIS|LOT|WAFER SORT TEST|ELECTRICAL PARAMETRIC TEST|SWITCHING TEST|WAFER SORT TEST|YIELD ANALYSIS|LOT|WAFER SORT TEST|ELECTRICAL PARAMETRIC TEST|SWITCHING TEST|WAFER SORT TEST|YIELD ANALYSIS|LOT FINAL LOT FINAL LOT|PACKAGE PREPARATION|COAT TEST|COAT TEST|SWITCHING TEST|WAFER SORT TEST|YIELD ANALYSIS|LOT FINAL LOT FINAL LOT|COAT TEST|COAT TEST|COAT TEST|COAT TEST|WAFER SORT TEST|YIELD ANALYSIS|LOT WAFER SORT TEST|ELECTRICAL YIELD ANALYSIS|WAFER SORT TEST|LOT WAFER ANALYSIS
valid_ic_0025_f80,OPEN PAD WINDOW|PAD WINDOW LITHO|DEVELOP PHOTORESIST|PASSIVATION ETCH|STRIP RESIST|CLEAN PAD OPENING|MEASURE PAD OPENING|BACKSIDE CLEAN|DEPOSIT BACKSIDE PROTECTION|BACKSIDE ANNEAL|FINAL CLEAN|FINAL THICKNESS MEASURE|FINAL GEOMETRY CHECK|FINAL OXIDE CHECK|FINAL PARTICLE INSPECTION|ELECTRICAL PARAMETRIC TEST|LEAKAGE TEST|PARAMETRIC TEST|SWITCHING TEST|WAFER SORT TEST|YIELD ANALYSIS|LOT|WAFER SORT TEST|ELECTRICAL PARAMETRIC TEST|SWITCHING TEST|WAFER SORT TEST|YIELD ANALYSIS|LOT|WAFER SORT TEST|ELECTRICAL PARAMETRIC TEST|SWITCHING TEST|WAFER SORT TEST|YIELD ANALYSIS|LOT|WAFER SORT TEST|WAFER SORT TEST|YIELD ANALYSIS|LOT WAFER SORT TEST|LOT FINAL YIELD ANALYSIS|WAFER SORT TEST|LOT FINAL LOT|COAT TEST|COAT TEST|COAT TEST|ELECTRICAL YIELD ANALYSIS|WAFER SORT TEST|LOT FINAL LOT YIELD ANALYSIS|WAFER SORT TEST|LOT FINAL YIELD ANALYSIS|WAFER SORT TEST|LOT FINAL LOT WAFER ANALYSIS|ELECTRICAL YIELD ANALYSIS
valid_ic_0026_f60,MEASURE VIA CD INSPECTION|DEPOSIT BARRIER METAL|DEPOSIT TUNGSTEN SEED|FILL VIA TUNGSTEN|CMP METAL|MEASURE VIA RESISTANCE|DEPOSIT TOP METAL|ANNEAL METAL|SPIN COAT PHOTORESIST|SOFT BAKE|ALIGN MASK LEVEL 4|EXPOSE LITHO LEVEL 4|DEVELOP PHOTORESIST|METAL PATTERN INSPECTION|METAL ETCH DRY|STRIP RESIST|CLEAN AFTER METAL ETCH|MEASURE LINE WIDTH|DEPOSIT PASSIVATION|CURE PASSIVATION|MEASURE PASSIVATION QUALITY|OPEN PAD WINDOW|PAD WINDOW LITHO|DEVELOP PHOTORESIST|PASSIVATION ETCH|STRIP RESIST|CLEAN PAD OPENING|MEASURE PAD OPENING|BACKSIDE CLEAN|DEPOSIT BACKSIDE PROTECTION|BACKSIDE ANNEAL|FINAL CLEAN|FINAL THICKNESS MEASURE|FINAL GEOMETRY CHECK|FINAL OXIDE CHECK|FINAL PARTICLE INSPECTION|ELECTRICAL PARAMETRIC TEST|LEAKAGE TEST|PARAMETRIC TEST|SWITCHING TEST|WAFER SORT TEST|YIELD ANALYSIS|LOT|WAFER SORT TEST|ELECTRICAL TEST|PRE EXPOSE LITHO|DEVELOP PAD|METAL|METAL|HARD BAKE|VIA ETCH DRY|STRIP RESIST|CLEAN|CLEAN|WAFER SORT TEST|YIELD ANALYSIS|LOT FINAL LOT FINAL LOT|PACKAGE PREPARATION|COAT TEST|COAT TEST|COAT TEST|SWITCHING TEST|WAFER SORT TEST|YIELD ANALYSIS|LOT FINAL LOT FINAL LOT|WAFER SORT TEST|ELECTRICAL YIELD ANALYSIS|WAFER SORT TEST|LOT FINAL LOT FINAL LOT|COAT TEST|COAT TEST|COAT TEST|COAT TEST|COAT TEST|COAT TEST|COAT TEST
valid_ic_0026_f80,PAD WINDOW LITHO|DEVELOP PHOTORESIST|PASSIVATION ETCH|STRIP RESIST|CLEAN PAD OPENING|MEASURE PAD OPENING|BACKSIDE CLEAN|DEPOSIT BACKSIDE PROTECTION|BACKSIDE ANNEAL|FINAL CLEAN|FINAL THICKNESS MEASURE|FINAL GEOMETRY CHECK|FINAL PARTICLE INSPECTION|ELECTRICAL PARAMETRIC TEST|LEAKAGE TEST|PARAMETRIC TEST|SWITCHING TEST|WAFER SORT TEST|YIELD ANALYSIS|LOT|WAFER SORT TEST|ELECTRICAL PARAMETRIC TEST|SWITCHING TEST|WAFER SORT TEST|YIELD ANALYSIS|LOT|WAFER SORT TEST|ELECTRICAL PARAMETRIC TEST|SWITCHING TEST|WAFER SORT TEST|YIELD ANALYSIS|LOT FINAL LOT FINAL LOT|PACKAGE PREPARATION|COAT TEST|COAT TEST|COAT TEST|WAFER SORT TEST|YIELD ANALYSIS|LOT|WAFER SORT TEST|ELECTRICAL YIELD ANALYSIS|WAFER SORT TEST|LOT FINAL WAFER SORT TEST|ELECTRICAL YIELD ANALYSIS|WAFER SORT TEST|LOT WAFER SORT TEST|ELECTRICAL YIELD ANALYSIS|WAFER SORT TEST|LOT FINAL LOT WAFER ANALYSIS|ELECTRICAL YIELD ANALYSIS|WAFER ANALYSIS|LOT YIELD ANALYSIS|WAFER ANALYSIS
valid_ic_0027_f60,CLEAN AFTER VIA ETCH|MEASURE VIA CD INSPECTION|DEPOSIT BARRIER METAL|DEPOSIT TUNGSTEN SEED|FILL VIA TUNGSTEN|CMP METAL|MEASURE VIA RESISTANCE|DEPOSIT TOP METAL|ANNEAL METAL|SPIN COAT PHOTORESIST|SOFT BAKE|ALIGN MASK LEVEL 4|EXPOSE LITHO LEVEL 4|DEVELOP PHOTORESIST|METAL PATTERN INSPECTION|METAL ETCH DRY|STRIP RESIST|CLEAN AFTER METAL ETCH|MEASURE LINE WIDTH|DEPOSIT PASSIVATION|CURE PASSIVATION|MEASURE PASSIVATION THICKNESS|OPEN PAD WINDOW|PAD WINDOW LITHO|DEVELOP PHOTORESIST|PASSIVATION ETCH|STRIP RESIST|CLEAN PAD OPENING|MEASURE PAD OPENING|BACKSIDE CLEAN|DEPOSIT BACKSIDE PROTECTION|BACKSIDE ANNEAL|FINAL CLEAN|FINAL THICKNESS MEASURE|FINAL GEOMETRY CHECK|FINAL OXIDE CHECK|FINAL PARTICLE INSPECTION|ELECTRICAL PARAMETRIC TEST|LEAKAGE TEST|PARAMETRIC TEST|SWITCHING TEST|WAFER SORT TEST|YIELD ANALYSIS|LOT|WAFER SORT TEST|ELECTRICAL TEST|WAFER SORT TEST|YIELD ANALYSIS|LOT|WAFER SORT TEST|LOT|COAT|COAT TEST|COAT TEST|COAT TEST|SWITCHING TEST|WAFER SORT TEST|YIELD ANALYSIS|LOT FINAL LOT FINAL LOT|PACKAGE PREPARATION|COAT TEST|COAT TEST|COAT TEST|WAFER SORT TEST|YIELD ANALYSIS|LOT|WAFER SORT TEST|ELECTRICAL YIELD ANALYSIS|WAFER SORT TEST|LOT WAFER SORT TEST|ELECTRICAL YIELD ANALYSIS|WAFER SORT TEST|LOT WAFER SORT TEST|ELECTRICAL YIELD ANALYSIS|WAFER ANALYSIS|LOT WAFER ANALYSIS
valid_ic_0027_f80,DEVELOP PHOTORESIST|PASSIVATION ETCH|STRIP RESIST|CLEAN PAD OPENING|MEASURE PAD OPENING|BACKSIDE CLEAN|DEPOSIT BACKSIDE PROTECTION|BACKSIDE ANNEAL|FINAL CLEAN|FINAL THICKNESS MEASURE|FINAL GEOMETRY CHECK|FINAL OXIDE CHECK|FINAL PARTICLE INSPECTION|ELECTRICAL PARAMETRIC TEST|LEAKAGE TEST|PARAMETRIC TEST|SWITCHING TEST|WAFER SORT TEST|YIELD ANALYSIS|LOT|ELECTRICAL PARAMETRIC TEST|WAFER SORT TEST|LOT|ELECTRICAL PARAMETRIC TEST|COAT|ELECTRICAL PARAMETRIC TEST|SWITCHING TEST|WAFER SORT TEST|YIELD ANALYSIS|LOT FINAL LOT FINAL LOT|PACKAGE PREPARATION|COAT TEST|COAT TEST|SWITCHING TEST|WAFER SORT TEST|YIELD ANALYSIS|LOT FINAL LOT FINAL LOT|COAT TEST|COAT TEST|COAT TEST|SWITCHING TEST|WAFER SORT TEST|YIELD ANALYSIS|LOT WAFER SORT TEST|ELECTRICAL YIELD ANALYSIS|WAFER SORT TEST|LOT FINAL YIELD ANALYSIS|WAFER SORT TEST|LOT WAFER SORT TEST|ELECTRICAL YIELD ANALYSIS|WAFER SORT TEST|LOT WAFER ANALYSIS|ELECTRICAL YIELD ANALYSIS
valid_ic_0028_f60,VIA ETCH|STRIP RESIST|CLEAN AFTER VIA ETCH|MEASURE VIA CD INSPECTION|DEPOSIT BARRIER METAL|DEPOSIT TUNGSTEN SEED|FILL VIA TUNGSTEN|CMP METAL|MEASURE CONTACT RESISTANCE|DEPOSIT TOP METAL|ANNEAL METAL|SPIN COAT PHOTORESIST|SOFT BAKE|ALIGN MASK LEVEL 4|EXPOSE LITHO LEVEL 4|DEVELOP PHOTORESIST|METAL PATTERN INSPECTION|METAL ETCH DRY|STRIP RESIST|CLEAN AFTER METAL ETCH|MEASURE LINE WIDTH|DEPOSIT PASSIVATION|CURE PASSIVATION|MEASURE PASSIVATION QUALITY|OPEN PAD WINDOW|PAD WINDOW LITHO|DEVELOP PAD WINDOW|PASSIVATION ETCH|STRIP RESIST|CLEAN PAD OPENING|MEASURE PAD OPENING|BACKSIDE CLEAN|DEPOSIT BACKSIDE PROTECTION|BACKSIDE ANNEAL|FINAL CLEAN|FINAL THICKNESS MEASURE|FINAL GEOMETRY CHECK|FINAL OXIDE CHECK|FINAL PARTICLE INSPECTION|ELECTRICAL PARAMETRIC TEST|LEAKAGE TEST|PARAMETRIC TEST|SWITCHING TEST|WAFER SORT TEST|YIELD ANALYSIS|LOT|WAFER SORT TEST|ELECTRICAL PARAMETRIC TEST|SWITCHING TEST|WAFER SORT TEST|YIELD ANALYSIS|LOT|COAT|COAT|WAFER SORT TEST|YIELD ANALYSIS|LOT FINAL LOT FINAL LOT|PACKAGE PREPARATION|COAT TEST|COAT TEST|BACKSIDE ANALYSIS|WAFER SORT TEST|YIELD ANALYSIS|LOT FINAL LOT FINAL LOT|WAFER SORT TEST|WAFER SORT TEST|YIELD ANALYSIS|LOT FINAL LOT FINAL LOT|COAT TEST|COAT TEST|COAT TEST|WAFER SORT TEST|YIELD ANALYSIS
valid_ic_0028_f80,OPEN PAD WINDOW|PAD WINDOW LITHO|DEVELOP PAD WINDOW|PASSIVATION ETCH|STRIP RESIST|CLEAN PAD OPENING|MEASURE PAD OPENING|BACKSIDE THINNING CHECK|BACKSIDE CLEAN|DEPOSIT BACKSIDE PROTECTION|BACKSIDE ANNEAL|FINAL CLEAN|FINAL THICKNESS MEASURE|FINAL GEOMETRY CHECK|FINAL OXIDE CHECK|FINAL PARTICLE INSPECTION|ELECTRICAL PARAMETRIC TEST|LEAKAGE TEST|PARAMETRIC TEST|SWITCHING TEST|WAFER SORT TEST|YIELD ANALYSIS|LOT|WAFER SORT TEST|ELECTRICAL PARAMETRIC TEST|SWITCHING TEST|WAFER SORT TEST|YIELD ANALYSIS|LOT|ELECTRICAL PARAMETRIC TEST|WAFER SORT TEST|ELECTRICAL PARAMETRIC TEST|SWITCHING TEST|WAFER SORT TEST|YIELD ANALYSIS|LOT|WAFER SORT TEST|WAFER SORT TEST|YIELD ANALYSIS|LOT WAFER SORT TEST|WAFER SORT TEST|YIELD ANALYSIS|LOT|WAFER SORT TEST|ELECTRICAL YIELD ANALYSIS|WAFER SORT TEST|LOT WAFER SORT TEST|ELECTRICAL YIELD ANALYSIS|WAFER SORT TEST|LOT LOT FINAL YIELD ANALYSIS|WAFER ANALYSIS
valid_ic_0029_f60,STRIP RESIST|CLEAN AFTER VIA ETCH|MEASURE VIA CD INSPECTION|DEPOSIT BARRIER METAL|DEPOSIT TUNGSTEN SEED|FILL VIA TUNGSTEN|CMP METAL|MEASURE VIA RESISTANCE|DEPOSIT TOP METAL|ANNEAL METAL|SPIN COAT PHOTORESIST|SOFT BAKE|ALIGN MASK LEVEL 4|EXPOSE LITHO LEVEL 4|DEVELOP PHOTORESIST|METAL PATTERN INSPECTION|METAL ETCH DRY|STRIP RESIST|CLEAN AFTER METAL ETCH|MEASURE LINE WIDTH|DEPOSIT PASSIVATION|CURE PASSIVATION|MEASURE PASSIVATION QUALITY|OPEN PAD WINDOW|PAD WINDOW LITHO|DEVELOP PHOTORESIST|PASSIVATION ETCH|STRIP RESIST|CLEAN PAD OPENING|MEASURE PAD OPENING|BACKSIDE CLEAN|DEPOSIT BACKSIDE PROTECTION|BACKSIDE ANNEAL|FINAL CLEAN|FINAL THICKNESS MEASURE|FINAL GEOMETRY CHECK|FINAL OXIDE CHECK|FINAL PARTICLE INSPECTION|ELECTRICAL PARAMETRIC TEST|LEAKAGE TEST|PARAMETRIC TEST|SWITCHING TEST|WAFER SORT TEST|YIELD ANALYSIS|LOT|ELECTRICAL PARAMETRIC TEST|WAFER SORT TEST|LOT|ELECTRICAL PARAMETRIC TEST|SWITCHING TEST|WAFER SORT TEST|YIELD ANALYSIS|LOT|WAFER SORT TEST|WAFER SORT TEST|YIELD ANALYSIS|LOT FINAL LOT FINAL LOT|WAFER SORT TEST|ELECTRICAL YIELD ANALYSIS|WAFER SORT TEST|LOT FINAL LOT FINAL LOT|COAT TEST|COAT TEST|WAFER SORT TEST|YIELD ANALYSIS|LOT FINAL LOT FINAL LOT|COAT TEST|COAT TEST|COAT TEST|SWITCHING TEST|WAFER SORT TEST|YIELD ANALYSIS|LOT YIELD ANALYSIS|WAFER SORT TEST|LOT WAFER SORT TEST|ELECTRICAL YIELD ANALYSIS
valid_ic_0029_f80,OPEN PAD WINDOW|PAD WINDOW LITHO|DEVELOP PHOTORESIST|PASSIVATION ETCH|STRIP RESIST|CLEAN PAD OPENING|MEASURE PAD OPENING|BACKSIDE CLEAN|DEPOSIT BACKSIDE PROTECTION|BACKSIDE ANNEAL|FINAL CLEAN|FINAL THICKNESS MEASURE|FINAL GEOMETRY CHECK|FINAL OXIDE CHECK|FINAL PARTICLE INSPECTION|ELECTRICAL PARAMETRIC TEST|LEAKAGE TEST|PARAMETRIC TEST|SWITCHING TEST|WAFER SORT TEST|YIELD ANALYSIS|LOT|ELECTRICAL PARAMETRIC TEST|WAFER SORT TEST|LOT|ELECTRICAL PARAMETRIC TEST|COAT|ELECTRICAL PARAMETRIC TEST|SWITCHING TEST|WAFER SORT TEST|YIELD ANALYSIS|LOT|WAFER SORT TEST|ELECTRICAL SWITCHING TEST|WAFER SORT TEST|YIELD ANALYSIS|LOT WAFER SORT TEST|WAFER SORT TEST|YIELD ANALYSIS|LOT WAFER SORT TEST|ELECTRICAL YIELD ANALYSIS|WAFER SORT TEST|LOT WAFER SORT TEST|ELECTRICAL YIELD ANALYSIS|WAFER SORT TEST|LOT FINAL YIELD ANALYSIS|WAFER SORT TEST|LOT WAFER SORT TEST|ELECTRICAL YIELD ANALYSIS|WAFER ANALYSIS|LOT WAFER ANALYSIS|ELECTRICAL YIELD ANALYSIS|WAFER ANALYSIS
valid_ic_0030_f60,STRIP RESIST|CLEAN AFTER VIA ETCH|MEASURE VIA CD INSPECTION|DEPOSIT BARRIER METAL|DEPOSIT TUNGSTEN SEED|FILL VIA TUNGSTEN|CMP METAL|MEASURE VIA RESISTANCE|DEPOSIT TOP METAL|ANNEAL METAL|SPIN COAT PHOTORESIST|SOFT BAKE|ALIGN MASK LEVEL 4|EXPOSE LITHO LEVEL 4|DEVELOP PHOTORESIST|METAL PATTERN INSPECTION|METAL ETCH DRY|STRIP RESIST|CLEAN AFTER METAL ETCH|MEASURE LINE WIDTH|DEPOSIT PASSIVATION|CURE PASSIVATION|MEASURE PASSIVATION QUALITY|OPEN PAD WINDOW|PAD WINDOW LITHO|DEVELOP PHOTORESIST|PASSIVATION ETCH|STRIP RESIST|CLEAN PAD OPENING|MEASURE PAD OPENING|BACKSIDE THINNING CHECK|BACKSIDE CLEAN|DEPOSIT BACKSIDE PROTECTION|BACKSIDE ANNEAL|FINAL CLEAN|FINAL THICKNESS MEASURE|FINAL GEOMETRY CHECK|FINAL OXIDE CHECK|FINAL PARTICLE INSPECTION|ELECTRICAL PARAMETRIC TEST|LEAKAGE TEST|PARAMETRIC TEST|SWITCHING TEST|WAFER SORT TEST|YIELD ANALYSIS|LOT|WAFER SORT TEST|ELECTRICAL TEST|SWITCHING TEST|WAFER SORT TEST|YIELD ANALYSIS|LOT|WAFER SORT TEST|ELECTRICAL PARAMETRIC TEST|SWITCHING TEST|WAFER SORT TEST|YIELD ANALYSIS|LOT FINAL LOT FINAL LOT|PACKAGE PREPARATION|COAT TEST|COAT TEST|SWITCHING TEST|WAFER SORT TEST|YIELD ANALYSIS|LOT FINAL LOT FINAL LOT|COAT TEST|COAT TEST|COAT TEST|COAT TEST|WAFER SORT TEST|YIELD ANALYSIS|LOT WAFER SORT TEST|ELECTRICAL YIELD ANALYSIS|WAFER SORT TEST|LOT FINAL LOT WAFER ANALYSIS|ELECTRICAL YIELD ANALYSIS
valid_ic_0030_f80,MEASURE PASSIVATION QUALITY|OPEN PAD WINDOW|PAD WINDOW LITHO|DEVELOP PHOTORESIST|PASSIVATION ETCH|STRIP RESIST|CLEAN PAD OPENING|MEASURE PAD OPENING|BACKSIDE CLEAN|DEPOSIT BACKSIDE PROTECTION|BACKSIDE ANNEAL|FINAL CLEAN|FINAL THICKNESS MEASURE|FINAL GEOMETRY CHECK|FINAL PARTICLE INSPECTION|ELECTRICAL PARAMETRIC TEST|LEAKAGE TEST|PARAMETRIC TEST|SWITCHING TEST|WAFER SORT TEST|YIELD ANALYSIS|LOT|WAFER SORT TEST|ELECTRICAL PARAMETRIC TEST|SWITCHING TEST|WAFER SORT TEST|YIELD ANALYSIS|LOT|WAFER SORT TEST|ELECTRICAL PARAMETRIC TEST|SWITCHING TEST|WAFER SORT TEST|YIELD ANALYSIS|LOT FINAL LOT FINAL LOT|PACKAGE PREPARATION|COAT TEST|COAT TEST|SWITCHING TEST|WAFER SORT TEST|YIELD ANALYSIS|LOT FINAL LOT FINAL LOT|COAT TEST|COAT TEST|COAT TEST|ELECTRICAL YIELD ANALYSIS|WAFER SORT TEST|LOT WAFER SORT TEST|ELECTRICAL YIELD ANALYSIS|WAFER SORT TEST|LOT WAFER SORT TEST|ELECTRICAL YIELD ANALYSIS|WAFER SORT TEST|LOT WAFER ANALYSIS
valid_ic_0031_f60,CLEAN AFTER VIA ETCH|MEASURE VIA CD INSPECTION|DEPOSIT BARRIER METAL|DEPOSIT TUNGSTEN SEED|FILL VIA TUNGSTEN|CMP METAL|MEASURE VIA RESISTANCE|DEPOSIT TOP METAL|ANNEAL METAL|SPIN COAT PHOTORESIST|SOFT BAKE|ALIGN MASK LEVEL 4|EXPOSE LITHO LEVEL 4|DEVELOP PHOTORESIST|METAL PATTERN INSPECTION|METAL ETCH DRY|STRIP RESIST|CLEAN AFTER METAL ETCH|MEASURE LINE WIDTH|DEPOSIT PASSIVATION|CURE PASSIVATION|MEASURE PASSIVATION THICKNESS|OPEN PAD WINDOW|PAD WINDOW LITHO|DEVELOP PHOTORESIST|PASSIVATION ETCH|STRIP RESIST|CLEAN PAD OPENING|MEASURE PAD OPENING|BACKSIDE CLEAN|DEPOSIT BACKSIDE PROTECTION|BACKSIDE ANNEAL|FINAL CLEAN|FINAL THICKNESS MEASURE|FINAL GEOMETRY CHECK|FINAL OXIDE CHECK|FINAL PARTICLE INSPECTION|ELECTRICAL PARAMETRIC TEST|LEAKAGE TEST|PARAMETRIC TEST|SWITCHING TEST|WAFER SORT TEST|YIELD ANALYSIS|LOT|ELECTRICAL PARAMETRIC TEST|WAFER SORT TEST|LOT|ELECTRICAL PARAMETRIC TEST|COAT|ELECTRICAL PARAMETRIC TEST|SWITCHING TEST|WAFER SORT TEST|YIELD ANALYSIS|LOT|WAFER SORT TEST|WAFER SORT TEST|ELECTRICAL YIELD ANALYSIS|WAFER SORT TEST|LOT WAFER SORT TEST|ELECTRICAL YIELD ANALYSIS|WAFER SORT TEST|LOT WAFER SORT TEST|ELECTRICAL YIELD ANALYSIS|WAFER SORT TEST|LOT FINAL YIELD ANALYSIS|WAFER SORT TEST|LOT WAFER SORT TEST|ELECTRICAL YIELD ANALYSIS|WAFER SORT TEST|LOT WAFER SORT TEST|ELECTRICAL YIELD ANALYSIS|WAFER ANALYSIS|LOT WAFER ANALYSIS|ELECTRICAL YIELD ANALYSIS
valid_ic_0031_f80,PAD WINDOW LITHO|DEVELOP PHOTORESIST|PASSIVATION ETCH|STRIP RESIST|CLEAN PAD OPENING|MEASURE PAD OPENING|BACKSIDE CLEAN|DEPOSIT BACKSIDE PROTECTION|BACKSIDE ANNEAL|FINAL CLEAN|FINAL THICKNESS MEASURE|FINAL GEOMETRY CHECK|FINAL OXIDE CHECK|FINAL PARTICLE INSPECTION|ELECTRICAL PARAMETRIC TEST|LEAKAGE TEST|PARAMETRIC TEST|SWITCHING TEST|WAFER SORT TEST|YIELD ANALYSIS|LOT|WAFER SORT TEST|ELECTRICAL PARAMETRIC TEST|SWITCHING TEST|WAFER SORT TEST|YIELD ANALYSIS|LOT|WAFER SORT TEST|ELECTRICAL PARAMETRIC TEST|SWITCHING TEST|WAFER SORT TEST|YIELD ANALYSIS|LOT FINAL LOT FINAL LOT|PACKAGE PREPARATION|COAT TEST|COAT TEST|WAFER SORT TEST|YIELD ANALYSIS|LOT FINAL LOT FINAL LOT|COAT TEST|COAT TEST|COAT TEST|ELECTRICAL YIELD ANALYSIS|WAFER SORT TEST|LOT FINAL LOT FINAL LOT|COAT TEST|COAT TEST|COAT TEST|WAFER SORT TEST|YIELD ANALYSIS|LOT FINAL LOT FINAL LOT|WAFER SORT TEST
valid_ic_0032_f60,DEPOSIT BARRIER METAL|DEPOSIT TUNGSTEN SEED|FILL VIA TUNGSTEN|CMP METAL|MEASURE VIA RESISTANCE|DEPOSIT METAL 1|ANNEAL METAL|SPIN COAT PHOTORESIST|SOFT BAKE|ALIGN MASK LEVEL 4|EXPOSE LITHO LEVEL 4|DEVELOP PHOTORESIST|METAL PATTERN INSPECTION|METAL ETCH DRY|STRIP RESIST|CLEAN AFTER METAL ETCH|MEASURE LINE WIDTH|DEPOSIT PASSIVATION|CURE PASSIVATION|MEASURE PASSIVATION QUALITY|OPEN PAD WINDOW|PAD WINDOW LITHO|DEVELOP PAD WINDOW|PASSIVATION ETCH|STRIP RESIST|CLEAN PAD OPENING|MEASURE PAD OPENING|BACKSIDE CLEAN|DEPOSIT BACKSIDE PROTECTION|BACKSIDE ANNEAL|FINAL CLEAN|FINAL THICKNESS MEASURE|FINAL GEOMETRY CHECK|FINAL OXIDE CHECK|FINAL PARTICLE INSPECTION|ELECTRICAL PARAMETRIC TEST|LEAKAGE TEST|PARAMETRIC TEST|SWITCHING TEST|WAFER SORT TEST|YIELD ANALYSIS|LOT|ELECTRICAL PARAMETRIC TEST|WAFER SORT TEST|YIELD ANALYSIS|LOT|WAFER SORT TEST|ELECTRICAL PARAMETRIC TEST|SWITCHING TEST|WAFER SORT TEST|YIELD ANALYSIS|LOT FINAL LOT FINAL LOT|PACKAGE PREPARATION|PACKAGE PREPARATION|COAT TEST|SWITCHING TEST|WAFER SORT TEST|YIELD ANALYSIS|LOT FINAL LOT FINAL LOT|WAFER SORT TEST|ELECTRICAL YIELD ANALYSIS|WAFER SORT TEST|LOT FINAL YIELD ANALYSIS|WAFER SORT TEST|LOT FINAL LOT FINAL LOT|COAT TEST|COAT TEST|ELECTRICAL YIELD ANALYSIS|WAFER SORT TEST|LOT WAFER SORT TEST|ELECTRICAL YIELD ANALYSIS|WAFER SORT TEST|LOT FINAL YIELD ANALYSIS|DENSIFY TEST|WAFER ANALYSIS
valid_ic_0032_f80,DEVELOP PHOTORESIST|PASSIVATION ETCH|STRIP RESIST|CLEAN PAD OPENING|MEASURE PAD OPENING|BACKSIDE CLEAN|DEPOSIT BACKSIDE PROTECTION|BACKSIDE ANNEAL|FINAL CLEAN|FINAL THICKNESS MEASURE|FINAL GEOMETRY CHECK|FINAL OXIDE CHECK|FINAL PARTICLE INSPECTION|ELECTRICAL PARAMETRIC TEST|LEAKAGE TEST|PARAMETRIC TEST|SWITCHING TEST|WAFER SORT TEST|YIELD ANALYSIS|LOT|WAFER SORT TEST|ELECTRICAL PARAMETRIC TEST|SWITCHING TEST|WAFER SORT TEST|YIELD ANALYSIS|LOT|WAFER SORT TEST|LOT|ELECTRICAL PARAMETRIC TEST|COAT|WAFER SORT TEST|YIELD ANALYSIS|LOT FINAL LOT FINAL LOT|PACKAGE PREPARATION|COAT TEST|COAT TEST|COAT TEST|SWITCHING TEST|WAFER SORT TEST|YIELD ANALYSIS|LOT|WAFER SORT TEST|ELECTRICAL YIELD ANALYSIS|WAFER SORT TEST|LOT WAFER SORT TEST|ELECTRICAL YIELD ANALYSIS|WAFER SORT TEST|LOT WAFER SORT TEST|ELECTRICAL YIELD ANALYSIS|WAFER SORT TEST|LOT WAFER ANALYSIS|WAFER ANALYSIS
valid_ic_0033_f60,VIA ETCH|STRIP RESIST|CLEAN AFTER VIA ETCH|MEASURE VIA CD INSPECTION|DEPOSIT BARRIER METAL|DEPOSIT TUNGSTEN SEED|FILL VIA TUNGSTEN|CMP METAL|MEASURE VIA RESISTANCE|DEPOSIT TOP METAL|ANNEAL METAL|SPIN COAT PHOTORESIST|SOFT BAKE|ALIGN MASK LEVEL 4|EXPOSE LITHO LEVEL 4|DEVELOP PHOTORESIST|METAL PATTERN INSPECTION|METAL ETCH DRY|STRIP RESIST|CLEAN AFTER METAL ETCH|MEASURE LINE WIDTH|DEPOSIT PASSIVATION|CURE PASSIVATION|MEASURE PASSIVATION QUALITY|OPEN PAD WINDOW|PAD WINDOW LITHO|DEVELOP PHOTORESIST|PASSIVATION ETCH|STRIP RESIST|CLEAN PAD OPENING|MEASURE PAD OPENING|BACKSIDE THINNING CHECK|BACKSIDE CLEAN|DEPOSIT BACKSIDE PROTECTION|BACKSIDE ANNEAL|FINAL CLEAN|FINAL THICKNESS MEASURE|FINAL GEOMETRY CHECK|FINAL PARTICLE INSPECTION|ELECTRICAL PARAMETRIC TEST|LEAKAGE TEST|PARAMETRIC TEST|SWITCHING TEST|WAFER SORT TEST|YIELD ANALYSIS|LOT|WAFER SORT TEST|ELECTRICAL PARAMETRIC TEST|SWITCHING TEST|WAFER SORT TEST|YIELD ANALYSIS|LOT|WAFER SORT TEST|LOT|COAT TEST|COAT TEST|COAT TEST|BACKSIDE ANALYSIS|SWITCHING TEST|WAFER SORT TEST|YIELD ANALYSIS|LOT WAFER SORT TEST|ELECTRICAL YIELD ANALYSIS|WAFER SORT TEST|LOT FINAL YIELD ANALYSIS|WAFER SORT TEST|LOT WAFER SORT TEST|ELECTRICAL YIELD ANALYSIS|WAFER SORT TEST|LOT WAFER SORT TEST|ELECTRICAL YIELD ANALYSIS|WAFER SORT TEST|LOT FINAL LOT WAFER ANALYSIS|ELECTRICAL YIELD ANALYSIS|WAFER ANALYSIS|LOT FINAL LOT WAFER ANALYSIS
valid_ic_0033_f80,MEASURE PASSIVATION QUALITY|OPEN PAD WINDOW|PAD WINDOW LITHO|DEVELOP PHOTORESIST|PASSIVATION ETCH|STRIP RESIST|CLEAN PAD OPENING|MEASURE PAD OPENING|BACKSIDE THINNING CHECK|BACKSIDE CLEAN|DEPOSIT BACKSIDE PROTECTION|BACKSIDE ANNEAL|FINAL CLEAN|FINAL THICKNESS MEASURE|FINAL GEOMETRY CHECK|FINAL PARTICLE INSPECTION|ELECTRICAL PARAMETRIC TEST|LEAKAGE TEST|PARAMETRIC TEST|SWITCHING TEST|WAFER SORT TEST|YIELD ANALYSIS|LOT|ELECTRICAL PARAMETRIC TEST|WAFER SORT TEST|LOT|ELECTRICAL PARAMETRIC TEST|SWITCHING TEST|WAFER SORT TEST|YIELD ANALYSIS|LOT|WAFER SORT TEST|WAFER SORT TEST|YIELD ANALYSIS|LOT FINAL LOT FINAL LOT|PACKAGE PREPARATION|COAT TEST|COAT TEST|WAFER SORT TEST|YIELD ANALYSIS|LOT FINAL LOT|COAT TEST|COAT TEST|COAT TEST|WAFER SORT TEST|YIELD ANALYSIS|LOT FINAL LOT FINAL LOT|COAT TEST|COAT TEST|COAT TEST|COAT TEST|WAFER SORT TEST|YIELD ANALYSIS
valid_ic_0034_f60,DEPOSIT BARRIER METAL|DEPOSIT TUNGSTEN SEED|FILL VIA TUNGSTEN|CMP METAL|MEASURE VIA RESISTANCE|DEPOSIT TOP METAL|ANNEAL METAL|SPIN COAT PHOTORESIST|SOFT BAKE|ALIGN MASK LEVEL 4|EXPOSE LITHO LEVEL 4|DEVELOP PHOTORESIST|METAL PATTERN INSPECTION|METAL ETCH DRY|STRIP RESIST|CLEAN AFTER METAL ETCH|MEASURE LINE WIDTH|DEPOSIT PASSIVATION|CURE PASSIVATION|MEASURE PASSIVATION QUALITY|OPEN PAD WINDOW|PAD WINDOW LITHO|DEVELOP PAD WINDOW|PASSIVATION ETCH|STRIP RESIST|CLEAN PAD OPENING|MEASURE PAD OPENING|BACKSIDE CLEAN|DEPOSIT BACKSIDE PROTECTION|BACKSIDE ANNEAL|FINAL CLEAN|FINAL THICKNESS MEASURE|FINAL GEOMETRY CHECK|FINAL OXIDE CHECK|FINAL PARTICLE INSPECTION|ELECTRICAL PARAMETRIC TEST|LEAKAGE TEST|PARAMETRIC TEST|SWITCHING TEST|WAFER SORT TEST|YIELD ANALYSIS|LOT|WAFER SORT TEST|ELECTRICAL PARAMETRIC TEST|SWITCHING TEST|WAFER SORT TEST|YIELD ANALYSIS|LOT|ELECTRICAL PARAMETRIC TEST|WAFER SORT TEST|YIELD ANALYSIS|LOT FINAL LOT FINAL LOT|PACKAGE PREPARATION|COAT|COAT TEST|WAFER SORT TEST|YIELD ANALYSIS|LOT FINAL LOT FINAL LOT|PACKAGE PREPARATION|COAT TEST|COAT TEST|WAFER SORT TEST|YIELD ANALYSIS|LOT FINAL LOT FINAL LOT|WAFER SORT TEST|ELECTRICAL YIELD ANALYSIS|WAFER SORT TEST|LOT FINAL LOT|WAFER SORT TEST|YIELD ANALYSIS|LOT WAFER SORT TEST|WAFER SORT TEST|YIELD ANALYSIS|LOT LOT
valid_ic_0034_f80,DEVELOP PHOTORESIST|PASSIVATION ETCH|STRIP RESIST|CLEAN PAD OPENING|MEASURE PAD OPENING|BACKSIDE CLEAN|DEPOSIT BACKSIDE PROTECTION|BACKSIDE ANNEAL|FINAL CLEAN|FINAL THICKNESS MEASURE|FINAL GEOMETRY CHECK|FINAL OXIDE CHECK|FINAL PARTICLE INSPECTION|ELECTRICAL PARAMETRIC TEST|LEAKAGE TEST|PARAMETRIC TEST|SWITCHING TEST|WAFER SORT TEST|YIELD ANALYSIS|LOT|WAFER SORT TEST|ELECTRICAL TEST|SWITCHING TEST|WAFER SORT TEST|YIELD ANALYSIS|LOT|WAFER SORT TEST|LOT|COAT|COAT TEST|COAT TEST|BACKSIDE ANALYSIS|WAFER SORT TEST|YIELD ANALYSIS|LOT FINAL LOT FINAL LOT|WAFER SORT TEST|ELECTRICAL YIELD ANALYSIS|WAFER SORT TEST|LOT FINAL YIELD ANALYSIS|WAFER SORT TEST|LOT FINAL LOT|COAT TEST|COAT TEST|COAT TEST|SWITCHING TEST|WAFER SORT TEST|YIELD ANALYSIS|LOT WAFER SORT TEST|ELECTRICAL YIELD ANALYSIS|WAFER SORT TEST|LOT FINAL LOT WAFER ANALYSIS|ELECTRICAL YIELD ANALYSIS
valid_ic_0035_f60,CLEAN AFTER VIA ETCH|MEASURE VIA CD INSPECTION|DEPOSIT BARRIER METAL|DEPOSIT TUNGSTEN SEED|FILL VIA TUNGSTEN|CMP METAL|MEASURE VIA RESISTANCE|DEPOSIT TOP METAL|ANNEAL METAL|SPIN COAT PHOTORESIST|SOFT BAKE|ALIGN MASK LEVEL 4|EXPOSE LITHO LEVEL 4|DEVELOP PHOTORESIST|METAL PATTERN INSPECTION|METAL ETCH DRY|STRIP RESIST|CLEAN AFTER METAL ETCH|MEASURE LINE WIDTH|DEPOSIT PASSIVATION|CURE PASSIVATION|MEASURE PASSIVATION QUALITY|OPEN PAD WINDOW|PAD WINDOW LITHO|DEVELOP PHOTORESIST|PASSIVATION ETCH|STRIP RESIST|CLEAN PAD OPENING|MEASURE PAD OPENING|BACKSIDE CLEAN|DEPOSIT BACKSIDE PROTECTION|BACKSIDE ANNEAL|FINAL CLEAN|FINAL THICKNESS MEASURE|FINAL GEOMETRY CHECK|FINAL OXIDE CHECK|FINAL PARTICLE INSPECTION|ELECTRICAL PARAMETRIC TEST|LEAKAGE TEST|PARAMETRIC TEST|SWITCHING TEST|WAFER SORT TEST|YIELD ANALYSIS|LOT|WAFER SORT TEST|ELECTRICAL PARAMETRIC TEST|SWITCHING TEST|WAFER SORT TEST|YIELD ANALYSIS|LOT|WAFER SORT TEST|ELECTRICAL PARAMETRIC TEST|SWITCHING TEST|WAFER SORT TEST|YIELD ANALYSIS|LOT FINAL LOT FINAL LOT|PACKAGE PREPARATION|COAT TEST|COAT TEST|WAFER SORT TEST|YIELD ANALYSIS|LOT FINAL LOT FINAL LOT|COAT TEST|COAT TEST|COAT TEST|ELECTRICAL YIELD ANALYSIS|WAFER SORT TEST|LOT WAFER SORT TEST|ELECTRICAL YIELD ANALYSIS|WAFER SORT TEST|LOT WAFER SORT TEST|ELECTRICAL YIELD ANALYSIS|WAFER SORT TEST|LOT WAFER ANALYSIS|ELECTRICAL YIELD ANALYSIS|WAFER ANALYSIS
valid_ic_0035_f80,MEASURE PASSIVATION THICKNESS|OPEN PAD WINDOW|PAD WINDOW LITHO|DEVELOP PHOTORESIST|PASSIVATION ETCH|STRIP RESIST|CLEAN PAD OPENING|MEASURE PAD OPENING|BACKSIDE CLEAN|DEPOSIT BACKSIDE PROTECTION|BACKSIDE ANNEAL|FINAL CLEAN|FINAL THICKNESS MEASURE|FINAL GEOMETRY CHECK|FINAL PARTICLE INSPECTION|ELECTRICAL PARAMETRIC TEST|LEAKAGE TEST|PARAMETRIC TEST|SWITCHING TEST|WAFER SORT TEST|YIELD ANALYSIS|LOT|ELECTRICAL PARAMETRIC TEST|WAFER SORT TEST|LOT|ELECTRICAL PARAMETRIC TEST|COAT|WAFER SORT TEST|YIELD ANALYSIS|LOT|WAFER SORT TEST|ELECTRICAL PARAMETRIC TEST|SWITCHING TEST|WAFER SORT TEST|YIELD ANALYSIS|LOT FINAL LOT FINAL LOT|WAFER SORT TEST|YIELD ANALYSIS|LOT FINAL LOT FINAL LOT|COAT TEST|COAT TEST|COAT TEST|WAFER SORT TEST|YIELD ANALYSIS|LOT FINAL WAFER SORT TEST|ELECTRICAL YIELD ANALYSIS|WAFER SORT TEST|LOT WAFER SORT TEST|ELECTRICAL YIELD ANALYSIS|WAFER SORT TEST|LOT YIELD ANALYSIS|WAFER SORT TEST|LOT YIELD ANALYSIS
valid_ic_0036_f60,MEASURE VIA CD INSPECTION|DEPOSIT BARRIER METAL|DEPOSIT TUNGSTEN SEED|FILL VIA TUNGSTEN|CMP METAL|MEASURE VIA RESISTANCE|DEPOSIT TOP METAL|ANNEAL METAL|SPIN COAT PHOTORESIST|SOFT BAKE|ALIGN MASK LEVEL 4|EXPOSE LITHO LEVEL 4|DEVELOP PHOTORESIST|METAL PATTERN INSPECTION|METAL ETCH DRY|STRIP RESIST|CLEAN AFTER METAL ETCH|MEASURE LINE WIDTH|DEPOSIT PASSIVATION|CURE PASSIVATION|MEASURE PASSIVATION QUALITY|OPEN PAD WINDOW|PAD WINDOW LITHO|DEVELOP PHOTORESIST|PASSIVATION ETCH|STRIP RESIST|CLEAN PAD OPENING|MEASURE PAD OPENING|BACKSIDE CLEAN|DEPOSIT BACKSIDE PROTECTION|BACKSIDE ANNEAL|FINAL CLEAN|FINAL THICKNESS MEASURE|FINAL GEOMETRY CHECK|FINAL OXIDE CHECK|FINAL PARTICLE INSPECTION|ELECTRICAL PARAMETRIC TEST|LEAKAGE TEST|PARAMETRIC TEST|SWITCHING TEST|WAFER SORT TEST|YIELD ANALYSIS|LOT|WAFER SORT TEST|ELECTRICAL PARAMETRIC TEST|SWITCHING TEST|WAFER SORT TEST|YIELD ANALYSIS|LOT|WAFER SORT TEST|ELECTRICAL PARAMETRIC TEST|SWITCHING TEST|WAFER SORT TEST|YIELD ANALYSIS|LOT|WAFER SORT TEST|WAFER SORT TEST|YIELD ANALYSIS|LOT WAFER SORT TEST|LOT FINAL YIELD ANALYSIS|WAFER SORT TEST|LOT FINAL LOT|COAT TEST|COAT TEST|COAT TEST|ELECTRICAL YIELD ANALYSIS|WAFER SORT TEST|LOT FINAL LOT YIELD ANALYSIS|WAFER SORT TEST|LOT FINAL YIELD ANALYSIS|WAFER SORT TEST|LOT FINAL LOT WAFER ANALYSIS|ELECTRICAL YIELD ANALYSIS|WAFER ANALYSIS|LOT LOT FINAL YIELD ANALYSIS|DIELECTRIC BAKE
valid_ic_0036_f80,DEVELOP PHOTORESIST|PASSIVATION ETCH|STRIP RESIST|CLEAN PAD OPENING|MEASURE PAD OPENING|BACKSIDE CLEAN|DEPOSIT BACKSIDE PROTECTION|BACKSIDE ANNEAL|FINAL CLEAN|FINAL THICKNESS MEASURE|FINAL GEOMETRY CHECK|FINAL OXIDE CHECK|FINAL PARTICLE INSPECTION|ELECTRICAL PARAMETRIC TEST|LEAKAGE TEST|PARAMETRIC TEST|SWITCHING TEST|WAFER SORT TEST|YIELD ANALYSIS|LOT|WAFER SORT TEST|ELECTRICAL PARAMETRIC TEST|SWITCHING TEST|WAFER SORT TEST|YIELD ANALYSIS|LOT|ELECTRICAL PARAMETRIC TEST|WAFER SORT TEST|YIELD ANALYSIS|LOT FINAL LOT FINAL LOT|PACKAGE PREPARATION|COAT|COAT TEST|WAFER SORT TEST|YIELD ANALYSIS|LOT FINAL LOT FINAL LOT|PACKAGE PREPARATION|COAT TEST|COAT TEST|WAFER SORT TEST|YIELD ANALYSIS|LOT FINAL LOT FINAL LOT|WAFER SORT TEST|ELECTRICAL YIELD ANALYSIS|WAFER SORT TEST|LOT WAFER SORT TEST|ELECTRICAL YIELD ANALYSIS|WAFER SORT TEST|LOT WAFER SORT TEST|ELECTRICAL YIELD ANALYSIS|WAFER SORT TEST|LOT LOT FINAL YIELD ANALYSIS|DENSIFY TEST
valid_ic_0037_f60,CLEAN AFTER VIA ETCH|MEASURE VIA CD INSPECTION|DEPOSIT BARRIER METAL|DEPOSIT TUNGSTEN SEED|FILL VIA TUNGSTEN|CMP METAL|MEASURE VIA RESISTANCE|DEPOSIT TOP METAL|ANNEAL METAL|SPIN COAT PHOTORESIST|SOFT BAKE|ALIGN MASK LEVEL 4|EXPOSE LITHO LEVEL 4|DEVELOP PHOTORESIST|METAL PATTERN INSPECTION|METAL ETCH DRY|STRIP RESIST|CLEAN AFTER METAL ETCH|MEASURE LINE WIDTH|DEPOSIT PASSIVATION|CURE PASSIVATION|MEASURE PASSIVATION THICKNESS|OPEN PAD WINDOW|PAD WINDOW LITHO|DEVELOP PAD WINDOW|PASSIVATION ETCH|STRIP RESIST|CLEAN PAD OPENING|MEASURE PAD OPENING|BACKSIDE CLEAN|DEPOSIT BACKSIDE PROTECTION|BACKSIDE ANNEAL|FINAL CLEAN|FINAL THICKNESS MEASURE|FINAL GEOMETRY CHECK|FINAL OXIDE CHECK|FINAL PARTICLE INSPECTION|ELECTRICAL PARAMETRIC TEST|LEAKAGE TEST|PARAMETRIC TEST|SWITCHING TEST|WAFER SORT TEST|YIELD ANALYSIS|LOT|ELECTRICAL PARAMETRIC TEST|WAFER SORT TEST|YIELD ANALYSIS|LOT|WAFER SORT TEST|ELECTRICAL PARAMETRIC TEST|SWITCHING TEST|WAFER SORT TEST|YIELD ANALYSIS|LOT FINAL LOT FINAL LOT|PACKAGE PREPARATION|PACKAGE PREPARATION|COAT TEST|SWITCHING TEST|WAFER SORT TEST|YIELD ANALYSIS|LOT FINAL LOT FINAL LOT|WAFER SORT TEST|ELECTRICAL YIELD ANALYSIS|WAFER SORT TEST|LOT FINAL YIELD ANALYSIS|WAFER SORT TEST|LOT FINAL LOT|COAT TEST|COAT TEST|WAFER SORT TEST|YIELD ANALYSIS|LOT FINAL LOT LOT|PACKAGE PREPARATION|WAFER SORT TEST|YIELD ANALYSIS|LOT LOT LOT LOT
valid_ic_0037_f80,PAD WINDOW LITHO|DEVELOP PAD WINDOW|PASSIVATION ETCH|STRIP RESIST|CLEAN PAD OPENING|MEASURE PAD OPENING|BACKSIDE CLEAN|DEPOSIT BACKSIDE PROTECTION|BACKSIDE ANNEAL|FINAL CLEAN|FINAL THICKNESS MEASURE|FINAL GEOMETRY CHECK|FINAL OXIDE CHECK|FINAL PARTICLE INSPECTION|ELECTRICAL PARAMETRIC TEST|LEAKAGE TEST|PARAMETRIC TEST|SWITCHING TEST|WAFER SORT TEST|YIELD ANALYSIS|LOT|ELECTRICAL PARAMETRIC TEST|WAFER SORT TEST|YIELD ANALYSIS|LOT|WAFER SORT TEST|ELECTRICAL PARAMETRIC TEST|SWITCHING TEST|WAFER SORT TEST|YIELD ANALYSIS|LOT FINAL LOT FINAL LOT|PACKAGE PREPARATION|COAT TEST|COAT TEST|WAFER SORT TEST|YIELD ANALYSIS|LOT FINAL LOT FINAL LOT|WAFER SORT TEST|COAT TEST|YIELD ANALYSIS|LOT|WAFER SORT TEST|ELECTRICAL YIELD ANALYSIS|WAFER SORT TEST|LOT FINAL LOT|COAT TEST|COAT TEST|COAT TEST|WAFER SORT TEST|YIELD ANALYSIS|LOT YIELD ANALYSIS|ELECTRICAL YIELD ANALYSIS|WAFER SORT TEST YIELD ANALYSIS
valid_ic_0038_f60,STRIP RESIST|CLEAN AFTER VIA ETCH|MEASURE VIA CD INSPECTION|DEPOSIT BARRIER METAL|DEPOSIT TUNGSTEN SEED|FILL VIA TUNGSTEN|CMP METAL|MEASURE VIA RESISTANCE|DEPOSIT TOP METAL|ANNEAL METAL|SPIN COAT PHOTORESIST|SOFT BAKE|ALIGN MASK LEVEL 4|EXPOSE LITHO LEVEL 4|DEVELOP PHOTORESIST|METAL PATTERN INSPECTION|METAL ETCH DRY|STRIP RESIST|CLEAN AFTER METAL ETCH|MEASURE LINE WIDTH|DEPOSIT PASSIVATION|CURE PASSIVATION|MEASURE PASSIVATION QUALITY|OPEN PAD WINDOW|PAD WINDOW LITHO|DEVELOP PHOTORESIST|PASSIVATION ETCH|STRIP RESIST|CLEAN PAD OPENING|MEASURE PAD OPENING|BACKSIDE THINNING CHECK|BACKSIDE CLEAN|DEPOSIT BACKSIDE PROTECTION|BACKSIDE ANNEAL|FINAL CLEAN|FINAL THICKNESS MEASURE|FINAL GEOMETRY CHECK|FINAL PARTICLE INSPECTION|ELECTRICAL PARAMETRIC TEST|LEAKAGE TEST|PARAMETRIC TEST|SWITCHING TEST|WAFER SORT TEST|YIELD ANALYSIS|LOT|ELECTRICAL PARAMETRIC TEST|WAFER SORT TEST|LOT|ELECTRICAL PARAMETRIC TEST|SWITCHING TEST|WAFER SORT TEST|YIELD ANALYSIS|LOT|WAFER SORT TEST|WAFER SORT TEST|YIELD ANALYSIS|LOT FINAL LOT FINAL LOT|WAFER SORT TEST|ELECTRICAL YIELD ANALYSIS|WAFER SORT TEST|LOT FINAL LOT FINAL LOT|COAT TEST|COAT TEST|WAFER SORT TEST|YIELD ANALYSIS|LOT FINAL LOT FINAL LOT|COAT TEST|COAT TEST|COAT TEST|SWITCHING TEST|WAFER SORT TEST|YIELD ANALYSIS|LOT|WAFER SORT TEST|ELECTRICAL YIELD ANALYSIS|WAFER SORT TEST
valid_ic_0038_f80,OPEN PAD WINDOW|PAD WINDOW LITHO|DEVELOP PHOTORESIST|PASSIVATION ETCH|STRIP RESIST|CLEAN PAD OPENING|MEASURE PAD OPENING|BACKSIDE THINNING CHECK|BACKSIDE CLEAN|DEPOSIT BACKSIDE PROTECTION|BACKSIDE ANNEAL|FINAL CLEAN|FINAL THICKNESS MEASURE|FINAL GEOMETRY CHECK|FINAL PARTICLE INSPECTION|ELECTRICAL PARAMETRIC TEST|LEAKAGE TEST|PARAMETRIC TEST|SWITCHING TEST|WAFER SORT TEST|YIELD ANALYSIS|LOT|WAFER SORT TEST|ELECTRICAL PARAMETRIC TEST|SWITCHING TEST|WAFER SORT TEST|YIELD ANALYSIS|LOT|WAFER SORT TEST|ELECTRICAL PARAMETRIC TEST|SWITCHING TEST|WAFER SORT TEST|YIELD ANALYSIS|LOT|WAFER SORT TEST|ELECTRICAL YIELD ANALYSIS|WAFER SORT TEST|LOT WAFER SORT TEST|ELECTRICAL YIELD ANALYSIS|WAFER SORT TEST|LOT WAFER SORT TEST|ELECTRICAL YIELD ANALYSIS|WAFER SORT TEST|LOT FINAL WAFER ANALYSIS|COAT TEST|COAT TEST|ELECTRICAL YIELD ANALYSIS|WAFER SORT TEST|LOT FINAL LOT YIELD ANALYSIS|WAFER ANALYSIS|LOT WAFER ANALYSIS|ELECTRICAL YIELD ANALYSIS|WAFER ANALYSIS
valid_ic_0039_f60,CLEAN AFTER VIA ETCH|MEASURE VIA CD INSPECTION|DEPOSIT BARRIER METAL|DEPOSIT TUNGSTEN SEED|FILL VIA TUNGSTEN|CMP METAL|MEASURE VIA RESISTANCE|DEPOSIT TOP METAL|ANNEAL METAL|SPIN COAT PHOTORESIST|SOFT BAKE|ALIGN MASK LEVEL 4|EXPOSE LITHO LEVEL 4|DEVELOP PHOTORESIST|METAL PATTERN INSPECTION|METAL ETCH DRY|STRIP RESIST|CLEAN AFTER METAL ETCH|MEASURE LINE WIDTH|DEPOSIT PASSIVATION|CURE PASSIVATION|MEASURE PASSIVATION QUALITY|OPEN PAD WINDOW|PAD WINDOW LITHO|DEVELOP PHOTORESIST|PASSIVATION ETCH|STRIP RESIST|CLEAN PAD OPENING|MEASURE PAD OPENING|BACKSIDE CLEAN|DEPOSIT BACKSIDE PROTECTION|BACKSIDE ANNEAL|FINAL CLEAN|FINAL THICKNESS MEASURE|FINAL GEOMETRY CHECK|FINAL OXIDE CHECK|FINAL PARTICLE INSPECTION|ELECTRICAL PARAMETRIC TEST|LEAKAGE TEST|PARAMETRIC TEST|SWITCHING TEST|WAFER SORT TEST|YIELD ANALYSIS|LOT|ELECTRICAL PARAMETRIC TEST|WAFER SORT TEST|LOT|ELECTRICAL PARAMETRIC TEST|SWITCHING TEST|WAFER SORT TEST|YIELD ANALYSIS|LOT|WAFER SORT TEST|WAFER SORT TEST|ELECTRICAL YIELD ANALYSIS|WAFER SORT TEST|LOT FINAL YIELD ANALYSIS|WAFER SORT TEST|LOT WAFER SORT TEST|YIELD ANALYSIS|LOT FINAL LOT FINAL LOT|WAFER SORT TEST|YIELD ANALYSIS|LOT|WAFER SORT TEST|ELECTRICAL YIELD ANALYSIS|WAFER SORT TEST|LOT WAFER SORT TEST|ELECTRICAL YIELD ANALYSIS|WAFER SORT TEST|LOT FINAL LOT WAFER ANALYSIS|COAT LOT FINAL YIELD ANALYSIS|WAFER ANALYSIS|LOT WAFER ANALYSIS|ELECTRICAL YIELD ANALYSIS|WAFER ANALYSIS
valid_ic_0039_f80,PAD WINDOW LITHO|DEVELOP PHOTORESIST|PASSIVATION ETCH|STRIP RESIST|CLEAN PAD OPENING|MEASURE PAD OPENING|BACKSIDE CLEAN|DEPOSIT BACKSIDE PROTECTION|BACKSIDE ANNEAL|FINAL CLEAN|FINAL THICKNESS MEASURE|FINAL GEOMETRY CHECK|FINAL OXIDE CHECK|FINAL PARTICLE INSPECTION|ELECTRICAL PARAMETRIC TEST|LEAKAGE TEST|PARAMETRIC TEST|SWITCHING TEST|WAFER SORT TEST|YIELD ANALYSIS|LOT|ELECTRICAL PARAMETRIC TEST|WAFER SORT TEST|LOT|ELECTRICAL PARAMETRIC TEST|COAT|ELECTRICAL PARAMETRIC TEST|SWITCHING TEST|WAFER SORT TEST|YIELD ANALYSIS|LOT FINAL LOT FINAL LOT|PACKAGE PREPARATION|PACKAGE PREPARATION|WAFER SORT TEST|YIELD ANALYSIS|LOT FINAL LOT FINAL LOT|WAFER SORT TEST|YIELD ANALYSIS|LOT FINAL LOT FINAL LOT|COAT TEST|COAT TEST|WAFER SORT TEST|YIELD ANALYSIS|LOT FINAL LOT FINAL LOT|COAT TEST|COAT TEST|COAT TEST|COAT TEST|WAFER SORT TEST|YIELD ANALYSIS|LOT FINAL LOT FINAL LOT|WAFER SORT TEST|ELECTRICAL YIELD ANALYSIS
valid_ic_0040_f60,STRIP RESIST|CLEAN AFTER VIA ETCH|MEASURE VIA CD INSPECTION|DEPOSIT BARRIER METAL|DEPOSIT TUNGSTEN SEED|FILL VIA TUNGSTEN|CMP METAL|MEASURE VIA RESISTANCE|DEPOSIT TOP METAL|ANNEAL METAL|SPIN COAT PHOTORESIST|SOFT BAKE|ALIGN MASK LEVEL 4|EXPOSE LITHO LEVEL 4|DEVELOP PHOTORESIST|METAL PATTERN INSPECTION|METAL ETCH DRY|STRIP RESIST|CLEAN AFTER METAL ETCH|MEASURE LINE WIDTH|DEPOSIT PASSIVATION|CURE PASSIVATION|MEASURE PASSIVATION QUALITY|OPEN PAD WINDOW|PAD WINDOW LITHO|DEVELOP PHOTORESIST|PASSIVATION ETCH|STRIP RESIST|CLEAN PAD OPENING|MEASURE PAD OPENING|BACKSIDE CLEAN|DEPOSIT BACKSIDE PROTECTION|BACKSIDE ANNEAL|FINAL CLEAN|FINAL THICKNESS MEASURE|FINAL GEOMETRY CHECK|FINAL OXIDE CHECK|FINAL PARTICLE INSPECTION|ELECTRICAL PARAMETRIC TEST|LEAKAGE TEST|PARAMETRIC TEST|SWITCHING TEST|WAFER SORT TEST|YIELD ANALYSIS|LOT|WAFER SORT TEST|ELECTRICAL TEST|DIELECTRIC CHECK|WAFER SORT TEST|YIELD ANALYSIS|LOT|WAFER SORT TEST|ELECTRICAL PARAMETRIC TEST|WAFER SORT TEST|YIELD ANALYSIS|LOT FINAL LOT FINAL LOT|PACKAGE PREPARATION|PACKAGE PREPARATION|COAT TEST|WAFER SORT TEST|YIELD ANALYSIS|LOT FINAL LOT FINAL LOT|WAFER SORT TEST|ELECTRICAL YIELD ANALYSIS|WAFER SORT TEST|LOT FINAL LOT FINAL LOT|COAT TEST|COAT TEST|COAT TEST|SWITCHING TEST|WAFER SORT TEST|YIELD ANALYSIS|LOT FINAL LOT FINAL LOT|PACKAGE PREPARATION
valid_ic_0040_f80,MEASURE PASSIVATION QUALITY|OPEN PAD WINDOW|PAD WINDOW LITHO|DEVELOP PHOTORESIST|PASSIVATION ETCH|STRIP RESIST|CLEAN PAD OPENING|MEASURE PAD OPENING|BACKSIDE CLEAN|DEPOSIT BACKSIDE PROTECTION|BACKSIDE ANNEAL|FINAL CLEAN|FINAL THICKNESS MEASURE|FINAL GEOMETRY CHECK|FINAL OXIDE CHECK|FINAL PARTICLE INSPECTION|ELECTRICAL PARAMETRIC TEST|LEAKAGE TEST|PARAMETRIC TEST|SWITCHING TEST|WAFER SORT TEST|YIELD ANALYSIS|LOT|WAFER SORT TEST|ELECTRICAL TEST|SWITCHING TEST|WAFER SORT TEST|YIELD ANALYSIS|LOT FINAL LOT FINAL LOT|PACKAGE PREPARATION|COAT TEST|COAT TEST|BACKSIDE ANALYSIS|WAFER SORT TEST|YIELD ANALYSIS|LOT FINAL LOT FINAL LOT|WAFER SORT TEST|ELECTRICAL YIELD ANALYSIS|WAFER SORT TEST|LOT FINAL YIELD ANALYSIS|WAFER SORT TEST|LOT|WAFER SORT TEST|YIELD ANALYSIS|LOT FINAL LOT FINAL LOT|COAT TEST|COAT TEST|COAT TEST|COAT TEST|COAT TEST|WAFER ANALYSIS|ELECTRICAL YIELD ANALYSIS
valid_ic_0041_f60,DEPOSIT BARRIER METAL|DEPOSIT TUNGSTEN SEED|FILL VIA TUNGSTEN|CMP METAL|MEASURE VIA RESISTANCE|DEPOSIT TOP METAL|ANNEAL METAL|SPIN COAT PHOTORESIST|SOFT BAKE|ALIGN MASK LEVEL 4|EXPOSE LITHO LEVEL 4|DEVELOP PHOTORESIST|METAL PATTERN INSPECTION|METAL ETCH DRY|STRIP RESIST|CLEAN AFTER METAL ETCH|MEASURE LINE WIDTH|DEPOSIT PASSIVATION|CURE PASSIVATION|MEASURE PASSIVATION QUALITY|OPEN PAD WINDOW|PAD WINDOW LITHO|DEVELOP PAD WINDOW|PASSIVATION ETCH|STRIP RESIST|CLEAN PAD OPENING|MEASURE PAD OPENING|BACKSIDE CLEAN|DEPOSIT BACKSIDE PROTECTION|BACKSIDE ANNEAL|FINAL CLEAN|FINAL THICKNESS MEASURE|FINAL GEOMETRY CHECK|FINAL OXIDE CHECK|FINAL PARTICLE INSPECTION|ELECTRICAL PARAMETRIC TEST|LEAKAGE TEST|PARAMETRIC TEST|SWITCHING TEST|WAFER SORT TEST|YIELD ANALYSIS|LOT|ELECTRICAL PARAMETRIC TEST|WAFER SORT TEST|YIELD ANALYSIS|LOT|WAFER SORT TEST|ELECTRICAL PARAMETRIC TEST|SWITCHING TEST|WAFER SORT TEST|YIELD ANALYSIS|LOT FINAL LOT FINAL LOT|PACKAGE PREPARATION|COAT|WAFER SORT TEST|YIELD ANALYSIS|LOT FINAL LOT FINAL LOT|WAFER SORT TEST|ELECTRICAL YIELD ANALYSIS|WAFER SORT TEST|LOT|WAFER SORT TEST|ELECTRICAL YIELD ANALYSIS|WAFER SORT TEST|LOT FINAL LOT FINAL LOT|COAT TEST|COAT TEST|COAT TEST|WAFER SORT TEST|YIELD ANALYSIS|LOT WAFER SORT TEST|ELECTRICAL YIELD ANALYSIS|WAFER SORT TEST|LOT YIELD ANALYSIS|WAFER ANALYSIS
valid_ic_0041_f80,DEVELOP PHOTORESIST|PASSIVATION ETCH|STRIP RESIST|CLEAN PAD OPENING|MEASURE PAD OPENING|BACKSIDE CLEAN|DEPOSIT BACKSIDE PROTECTION|BACKSIDE ANNEAL|FINAL CLEAN|FINAL THICKNESS MEASURE|FINAL GEOMETRY CHECK|FINAL OXIDE CHECK|FINAL PARTICLE INSPECTION|ELECTRICAL PARAMETRIC TEST|LEAKAGE TEST|PARAMETRIC TEST|SWITCHING TEST|WAFER SORT TEST|YIELD ANALYSIS|LOT|WAFER SORT TEST|ELECTRICAL PARAMETRIC TEST|SWITCHING TEST|WAFER SORT TEST|YIELD ANALYSIS|LOT|WAFER SORT TEST|LOT|COAT TEST|COAT|COAT TEST|COAT TEST|WAFER SORT TEST|YIELD ANALYSIS|LOT FINAL LOT FINAL LOT|PACKAGE PREPARATION|COAT TEST|COAT TEST|ELECTRICAL YIELD ANALYSIS|WAFER SORT TEST|LOT|ELECTRICAL YIELD ANALYSIS|WAFER SORT TEST|LOT WAFER SORT TEST|ELECTRICAL YIELD ANALYSIS|WAFER SORT TEST|LOT WAFER SORT TEST|ELECTRICAL YIELD ANALYSIS|WAFER SORT TEST|LOT FINAL LOT WAFER ANALYSIS|COAT ANALYSIS|ELECTRICAL YIELD ANALYSIS
valid_ic_0042_f60,MEASURE VIA CD INSPECTION|DEPOSIT BARRIER METAL|DEPOSIT TUNGSTEN SEED|FILL VIA TUNGSTEN|CMP METAL|MEASURE VIA RESISTANCE|DEPOSIT TOP METAL|ANNEAL METAL|SPIN COAT PHOTORESIST|SOFT BAKE|ALIGN MASK LEVEL 4|EXPOSE LITHO LEVEL 4|DEVELOP PHOTORESIST|METAL PATTERN INSPECTION|METAL ETCH DRY|STRIP RESIST|CLEAN AFTER METAL ETCH|MEASURE LINE WIDTH|DEPOSIT PASSIVATION|CURE PASSIVATION|MEASURE PASSIVATION QUALITY|OPEN PAD WINDOW|PAD WINDOW LITHO|DEVELOP PHOTORESIST|PASSIVATION ETCH|STRIP RESIST|CLEAN PAD OPENING|MEASURE PAD OPENING|BACKSIDE CLEAN|DEPOSIT BACKSIDE PROTECTION|BACKSIDE ANNEAL|FINAL CLEAN|FINAL THICKNESS MEASURE|FINAL GEOMETRY CHECK|FINAL OXIDE CHECK|FINAL PARTICLE INSPECTION|ELECTRICAL PARAMETRIC TEST|LEAKAGE TEST|PARAMETRIC TEST|SWITCHING TEST|WAFER SORT TEST|YIELD ANALYSIS|LOT|WAFER SORT TEST|ELECTRICAL PARAMETRIC TEST|SWITCHING TEST|WAFER SORT TEST|YIELD ANALYSIS|LOT|ELECTRICAL PARAMETRIC TEST|WAFER SORT TEST|ELECTRICAL PARAMETRIC TEST|SWITCHING TEST|WAFER SORT TEST|YIELD ANALYSIS|LOT FINAL LOT FINAL LOT|PACKAGE PREPARATION|COAT TEST|COAT TEST|SWITCHING TEST|WAFER SORT TEST|YIELD ANALYSIS|LOT|WAFER SORT TEST|ELECTRICAL YIELD ANALYSIS|WAFER SORT TEST|LOT WAFER SORT TEST|ELECTRICAL YIELD ANALYSIS|WAFER SORT TEST|LOT WAFER SORT TEST|ELECTRICAL YIELD ANALYSIS|WAFER SORT TEST|LOT WAFER ANALYSIS|ELECTRICAL YIELD ANALYSIS|WAFER ANALYSIS|LOT LOT LOT LOT LOT
valid_ic_0042_f80,DEVELOP PHOTORESIST|PASSIVATION ETCH|STRIP RESIST|CLEAN PAD OPENING|MEASURE PAD OPENING|BACKSIDE CLEAN|DEPOSIT BACKSIDE PROTECTION|BACKSIDE ANNEAL|FINAL CLEAN|FINAL THICKNESS MEASURE|FINAL GEOMETRY CHECK|FINAL OXIDE CHECK|FINAL CD INSPECTION|FINAL PARTICLE INSPECTION|ELECTRICAL PARAMETRIC TEST|LEAKAGE TEST|PARAMETRIC TEST|SWITCHING TEST|WAFER SORT TEST|YIELD ANALYSIS|LOT|WAFER SORT TEST|ELECTRICAL PARAMETRIC TEST|SWITCHING TEST|WAFER SORT TEST|YIELD ANALYSIS|LOT|WAFER SORT TEST|ELECTRICAL PARAMETRIC TEST|SWITCHING TEST|WAFER SORT TEST|YIELD ANALYSIS|LOT FINAL LOT FINAL LOT|PACKAGE PREPARATION|COAT TEST|COAT TEST|SWITCHING TEST|WAFER SORT TEST|YIELD ANALYSIS|LOT FINAL LOT FINAL LOT|COAT TEST|COAT TEST|COAT TEST|COAT TEST|WAFER SORT TEST|YIELD ANALYSIS|LOT WAFER SORT TEST|ELECTRICAL YIELD ANALYSIS|WAFER SORT TEST|LOT WAFER ANALYSIS|ELECTRICAL YIELD ANALYSIS|WAFER SORT TEST|LOT YIELD ANALYSIS
valid_ic_0043_f60,CLEAN AFTER VIA ETCH|MEASURE VIA CD INSPECTION|DEPOSIT BARRIER METAL|DEPOSIT TUNGSTEN SEED|FILL VIA TUNGSTEN|CMP METAL|MEASURE VIA RESISTANCE|DEPOSIT METAL 1|ANNEAL METAL|SPIN COAT PHOTORESIST|SOFT BAKE|ALIGN MASK LEVEL 4|EXPOSE LITHO LEVEL 4|DEVELOP PHOTORESIST|METAL PATTERN INSPECTION|METAL ETCH DRY|STRIP RESIST|CLEAN AFTER METAL ETCH|MEASURE LINE WIDTH|DEPOSIT PASSIVATION|CURE PASSIVATION|MEASURE PASSIVATION QUALITY|OPEN PAD WINDOW|PAD WINDOW LITHO|DEVELOP PHOTORESIST|PASSIVATION ETCH|STRIP RESIST|CLEAN PAD OPENING|MEASURE PAD OPENING|BACKSIDE CLEAN|DEPOSIT BACKSIDE PROTECTION|BACKSIDE ANNEAL|FINAL CLEAN|FINAL THICKNESS MEASURE|FINAL GEOMETRY CHECK|FINAL OXIDE CHECK|FINAL PARTICLE INSPECTION|ELECTRICAL PARAMETRIC TEST|LEAKAGE TEST|PARAMETRIC TEST|SWITCHING TEST|WAFER SORT TEST|YIELD ANALYSIS|LOT|WAFER SORT TEST|ELECTRICAL PARAMETRIC TEST|SWITCHING TEST|WAFER SORT TEST|YIELD ANALYSIS|LOT|WAFER SORT TEST|ELECTRICAL PARAMETRIC TEST|SWITCHING TEST|WAFER SORT TEST|YIELD ANALYSIS|LOT FINAL LOT FINAL LOT|PACKAGE PREPARATION|COAT TEST|COAT TEST|WAFER SORT TEST|YIELD ANALYSIS|LOT FINAL LOT FINAL LOT|WAFER SORT TEST|ELECTRICAL YIELD ANALYSIS|WAFER SORT TEST|LOT FINAL WAFER SORT TEST|ELECTRICAL YIELD ANALYSIS|WAFER SORT TEST|LOT FINAL LOT|PACKAGE PREPARATION|WAFER SORT TEST|YIELD ANALYSIS|LOT FINAL LOT WAFER ANALYSIS|ELECTRICAL YIELD ANALYSIS
valid_ic_0043_f80,PAD WINDOW LITHO|DEVELOP PHOTORESIST|PASSIVATION ETCH|STRIP RESIST|CLEAN PAD OPENING|MEASURE PAD OPENING|BACKSIDE CLEAN|DEPOSIT BACKSIDE PROTECTION|BACKSIDE ANNEAL|FINAL CLEAN|FINAL THICKNESS MEASURE|FINAL GEOMETRY CHECK|FINAL OXIDE CHECK|FINAL PARTICLE INSPECTION|ELECTRICAL PARAMETRIC TEST|LEAKAGE TEST|PARAMETRIC TEST|SWITCHING TEST|WAFER SORT TEST|YIELD ANALYSIS|LOT|WAFER SORT TEST|ELECTRICAL PARAMETRIC TEST|SWITCHING TEST|WAFER SORT TEST|YIELD ANALYSIS|LOT|WAFER SORT TEST|ELECTRICAL PARAMETRIC TEST|SWITCHING TEST|WAFER SORT TEST|YIELD ANALYSIS|LOT FINAL LOT|PACKAGE PREPARATION|WAFER SORT TEST|YIELD ANALYSIS|LOT WAFER SORT TEST|WAFER SORT TEST|YIELD ANALYSIS|LOT FINAL LOT FINAL LOT|WAFER SORT TEST|ELECTRICAL YIELD ANALYSIS|WAFER SORT TEST|LOT FINAL YIELD ANALYSIS|WAFER SORT TEST|LOT WAFER SORT TEST|ELECTRICAL YIELD ANALYSIS|WAFER SORT TEST|LOT FINAL LOT WAFER ANALYSIS|COAT YIELD ANALYSIS|LOT LOT LOT|WAFER ANALYSIS
valid_ic_0044_f60,STRIP RESIST|CLEAN AFTER VIA ETCH|MEASURE VIA CD INSPECTION|DEPOSIT BARRIER METAL|DEPOSIT TUNGSTEN SEED|FILL VIA TUNGSTEN|CMP METAL|MEASURE VIA RESISTANCE|DEPOSIT METAL 1|ANNEAL METAL|SPIN COAT PHOTORESIST|SOFT BAKE|ALIGN MASK LEVEL 4|EXPOSE LITHO LEVEL 4|DEVELOP PHOTORESIST|METAL PATTERN INSPECTION|METAL ETCH DRY|STRIP RESIST|CLEAN AFTER METAL ETCH|MEASURE LINE WIDTH|DEPOSIT PASSIVATION|CURE PASSIVATION|MEASURE PASSIVATION QUALITY|OPEN PAD WINDOW|PAD WINDOW LITHO|DEVELOP PHOTORESIST|PASSIVATION ETCH|STRIP RESIST|CLEAN PAD OPENING|MEASURE PAD OPENING|BACKSIDE THINNING CHECK|BACKSIDE CLEAN|DEPOSIT BACKSIDE PROTECTION|BACKSIDE ANNEAL|FINAL CLEAN|FINAL THICKNESS MEASURE|FINAL GEOMETRY CHECK|FINAL OXIDE CHECK|FINAL PARTICLE INSPECTION|ELECTRICAL PARAMETRIC TEST|LEAKAGE TEST|PARAMETRIC TEST|SWITCHING TEST|WAFER SORT TEST|YIELD ANALYSIS|LOT|ELECTRICAL PARAMETRIC TEST|WAFER SORT TEST|LOT|ELECTRICAL PARAMETRIC TEST|SWITCHING TEST|WAFER SORT TEST|YIELD ANALYSIS|LOT|WAFER SORT TEST|WAFER SORT TEST|YIELD ANALYSIS|LOT FINAL LOT FINAL LOT|WAFER SORT TEST|YIELD ANALYSIS|LOT FINAL LOT FINAL LOT|WAFER SORT TEST|YIELD ANALYSIS|LOT FINAL LOT FINAL LOT|COAT TEST|COAT TEST|WAFER SORT TEST|YIELD ANALYSIS|LOT FINAL LOT FINAL LOT|COAT TEST|COAT TEST|COAT TEST|COAT TEST|COAT TEST|COAT TEST|SWITCHING TEST YIELD ANALYSIS
valid_ic_0044_f80,DEVELOP PHOTORESIST|PASSIVATION ETCH|STRIP RESIST|CLEAN PAD OPENING|MEASURE PAD OPENING|BACKSIDE CLEAN|DEPOSIT BACKSIDE PROTECTION|BACKSIDE ANNEAL|FINAL CLEAN|FINAL THICKNESS MEASURE|FINAL GEOMETRY CHECK|FINAL OXIDE CHECK|FINAL PARTICLE INSPECTION|ELECTRICAL PARAMETRIC TEST|LEAKAGE TEST|PARAMETRIC TEST|SWITCHING TEST|WAFER SORT TEST|YIELD ANALYSIS|LOT|WAFER SORT TEST|ELECTRICAL PARAMETRIC TEST|SWITCHING TEST|WAFER SORT TEST|YIELD ANALYSIS|LOT|ELECTRICAL PARAMETRIC TEST|WAFER SORT TEST|ELECTRICAL PARAMETRIC TEST|SWITCHING TEST|WAFER SORT TEST|YIELD ANALYSIS|LOT FINAL LOT FINAL LOT|COAT TEST|COAT TEST|COAT TEST|SWITCHING TEST|WAFER SORT TEST|YIELD ANALYSIS|LOT|WAFER SORT TEST|COAT TEST|ELECTRICAL YIELD ANALYSIS|LOT FINAL WAFER SORT TEST|WAFER SORT TEST|YIELD ANALYSIS|LOT WAFER SORT TEST|ELECTRICAL YIELD ANALYSIS|WAFER SORT TEST|LOT WAFER ANALYSIS|COAT YIELD ANALYSIS|LOT YIELD ANALYSIS|COAT ANALYSIS
valid_ic_0045_f60,CLEAN AFTER VIA ETCH|MEASURE VIA CD INSPECTION|DEPOSIT BARRIER METAL|DEPOSIT TUNGSTEN SEED|FILL VIA TUNGSTEN|CMP METAL|MEASURE VIA RESISTANCE|DEPOSIT TOP METAL|ANNEAL METAL|SPIN COAT PHOTORESIST|SOFT BAKE|ALIGN MASK LEVEL 4|EXPOSE LITHO LEVEL 4|DEVELOP PHOTORESIST|METAL PATTERN INSPECTION|METAL ETCH DRY|STRIP RESIST|CLEAN AFTER METAL ETCH|MEASURE LINE WIDTH|DEPOSIT PASSIVATION|CURE PASSIVATION|MEASURE PASSIVATION QUALITY|OPEN PAD WINDOW|PAD WINDOW LITHO|DEVELOP PHOTORESIST|PASSIVATION ETCH|STRIP RESIST|CLEAN PAD OPENING|MEASURE PAD OPENING|BACKSIDE CLEAN|DEPOSIT BACKSIDE PROTECTION|BACKSIDE ANNEAL|FINAL CLEAN|FINAL THICKNESS MEASURE|FINAL GEOMETRY CHECK|FINAL PARTICLE INSPECTION|ELECTRICAL PARAMETRIC TEST|LEAKAGE TEST|PARAMETRIC TEST|SWITCHING TEST|WAFER SORT TEST|YIELD ANALYSIS|LOT|ELECTRICAL PARAMETRIC TEST|WAFER SORT TEST|LOT|ELECTRICAL PARAMETRIC TEST|SWITCHING TEST|WAFER SORT TEST|YIELD ANALYSIS|LOT|WAFER SORT TEST|COAT TEST|COAT TEST|BACKSIDE ANALYSIS|BACKSIDE ANNEAL|WAFER SORT TEST|YIELD ANALYSIS|LOT WAFER SORT TEST|WAFER SORT TEST|YIELD ANALYSIS|LOT FINAL LOT FINAL LOT|COAT TEST|COAT TEST|COAT TEST|WAFER SORT TEST|YIELD ANALYSIS|LOT FINAL LOT FINAL LOT|COAT TEST|COAT TEST|COAT TEST|COAT TEST|COAT TEST|COAT TEST YIELD ANALYSIS|LOT YIELD ANALYSIS|ELECTRICAL YIELD ANALYSIS|WAFER SORT TEST YIELD ANALYSIS
valid_ic_0045_f80,PAD WINDOW LITHO|DEVELOP PHOTORESIST|PASSIVATION ETCH|STRIP RESIST|CLEAN PAD OPENING|MEASURE PAD OPENING|BACKSIDE CLEAN|DEPOSIT BACKSIDE PROTECTION|BACKSIDE ANNEAL|FINAL CLEAN|FINAL THICKNESS MEASURE|FINAL GEOMETRY CHECK|FINAL PARTICLE INSPECTION|ELECTRICAL PARAMETRIC TEST|LEAKAGE TEST|PARAMETRIC TEST|SWITCHING TEST|WAFER SORT TEST|YIELD ANALYSIS|LOT|WAFER SORT TEST|ELECTRICAL PARAMETRIC TEST|SWITCHING TEST|WAFER SORT TEST|YIELD ANALYSIS|LOT|WAFER SORT TEST|ELECTRICAL PARAMETRIC TEST|SWITCHING TEST|WAFER SORT TEST|YIELD ANALYSIS|LOT FINAL LOT FINAL LOT|PACKAGE PREPARATION|COAT TEST|COAT TEST|COAT TEST|WAFER SORT TEST|YIELD ANALYSIS|LOT FINAL LOT FINAL LOT|COAT TEST|COAT TEST|COAT TEST|COAT TEST|ELECTRICAL YIELD ANALYSIS|WAFER SORT TEST|LOT WAFER SORT TEST|ELECTRICAL YIELD ANALYSIS|WAFER SORT TEST|LOT LOT FINAL YIELD ANALYSIS|WAFER SORT TEST|LOT|ELECTRICAL YIELD ANALYSIS|WAFER SORT TEST
valid_ic_0046_f60,DEPOSIT BARRIER METAL|DEPOSIT TUNGSTEN SEED|FILL VIA TUNGSTEN|CMP METAL|MEASURE VIA RESISTANCE|DEPOSIT TOP METAL|ANNEAL METAL|SPIN COAT PHOTORESIST|SOFT BAKE|ALIGN MASK LEVEL 4|EXPOSE LITHO LEVEL 4|DEVELOP PHOTORESIST|METAL PATTERN INSPECTION|METAL ETCH DRY|STRIP RESIST|CLEAN AFTER METAL ETCH|MEASURE LINE WIDTH|DEPOSIT PASSIVATION|CURE PASSIVATION|MEASURE PASSIVATION QUALITY|OPEN PAD WINDOW|PAD WINDOW LITHO|DEVELOP PHOTORESIST|PASSIVATION ETCH|STRIP RESIST|CLEAN PAD OPENING|MEASURE PAD OPENING|BACKSIDE CLEAN|DEPOSIT BACKSIDE PROTECTION|BACKSIDE ANNEAL|FINAL CLEAN|FINAL THICKNESS MEASURE|FINAL GEOMETRY CHECK|FINAL OXIDE CHECK|FINAL PARTICLE INSPECTION|ELECTRICAL PARAMETRIC TEST|LEAKAGE TEST|PARAMETRIC TEST|SWITCHING TEST|WAFER SORT TEST|YIELD ANALYSIS|LOT|ELECTRICAL PARAMETRIC TEST|WAFER SORT TEST|YIELD ANALYSIS|LOT|WAFER SORT TEST|ELECTRICAL PARAMETRIC TEST|SWITCHING TEST|WAFER SORT TEST|YIELD ANALYSIS|LOT FINAL LOT FINAL LOT|PACKAGE PREPARATION|COAT TEST|COAT TEST|BACKSIDE ANALYSIS|WAFER SORT TEST|YIELD ANALYSIS|LOT FINAL LOT FINAL LOT|WAFER SORT TEST|ELECTRICAL YIELD ANALYSIS|WAFER SORT TEST|LOT FINAL LOT FINAL LOT|COAT TEST|COAT TEST|COAT TEST|SWITCHING TEST|WAFER SORT TEST|YIELD ANALYSIS|LOT|WAFER SORT TEST|ELECTRICAL YIELD ANALYSIS|WAFER SORT TEST|LOT WAFER ANALYSIS|COAT ANALYSIS|CMP DIELECTRIC BAKE
valid_ic_0046_f80,PAD WINDOW LITHO|DEVELOP PHOTORESIST|PASSIVATION ETCH|STRIP RESIST|CLEAN PAD OPENING|MEASURE PAD OPENING|BACKSIDE THINNING CHECK|BACKSIDE CLEAN|DEPOSIT BACKSIDE PROTECTION|BACKSIDE ANNEAL|FINAL CLEAN|FINAL THICKNESS MEASURE|FINAL GEOMETRY CHECK|FINAL PARTICLE INSPECTION|ELECTRICAL PARAMETRIC TEST|LEAKAGE TEST|PARAMETRIC TEST|SWITCHING TEST|WAFER SORT TEST|YIELD ANALYSIS|LOT|WAFER SORT TEST|ELECTRICAL PARAMETRIC TEST|SWITCHING TEST|WAFER SORT TEST|YIELD ANALYSIS|LOT|WAFER SORT TEST|LOT|COAT TEST|COAT TEST|COAT TEST|BACKSIDE ANALYSIS|SWITCHING TEST|WAFER SORT TEST|YIELD ANALYSIS|LOT FINAL LOT FINAL LOT|WAFER SORT TEST|YIELD ANALYSIS|LOT FINAL LOT FINAL LOT|COAT TEST|COAT TEST|COAT TEST|COAT TEST|WAFER SORT TEST|YIELD ANALYSIS|LOT WAFER SORT TEST|ELECTRICAL YIELD ANALYSIS|WAFER SORT TEST|LOT FINAL LOT WAFER ANALYSIS|COAT ANALYSIS|COAT ANALYSIS|CMP DIELECTRIC BAKE
valid_ic_0047_f60,CLEAN AFTER VIA ETCH|MEASURE VIA CD INSPECTION|DEPOSIT BARRIER METAL|DEPOSIT TUNGSTEN SEED|FILL VIA TUNGSTEN|CMP METAL|MEASURE VIA RESISTANCE|DEPOSIT TOP METAL|ANNEAL METAL|SPIN COAT PHOTORESIST|SOFT BAKE|ALIGN MASK LEVEL 4|EXPOSE LITHO LEVEL 4|DEVELOP PHOTORESIST|METAL PATTERN INSPECTION|METAL ETCH DRY|STRIP RESIST|CLEAN AFTER METAL ETCH|MEASURE LINE WIDTH|DEPOSIT PASSIVATION|CURE PASSIVATION|MEASURE PASSIVATION QUALITY|OPEN PAD WINDOW|PAD WINDOW LITHO|DEVELOP PHOTORESIST|PASSIVATION ETCH|STRIP RESIST|CLEAN PAD OPENING|MEASURE PAD OPENING|BACKSIDE CLEAN|DEPOSIT BACKSIDE PROTECTION|BACKSIDE ANNEAL|FINAL CLEAN|FINAL THICKNESS MEASURE|FINAL GEOMETRY CHECK|FINAL OXIDE CHECK|FINAL PARTICLE INSPECTION|ELECTRICAL PARAMETRIC TEST|LEAKAGE TEST|PARAMETRIC TEST|SWITCHING TEST|WAFER SORT TEST|YIELD ANALYSIS|LOT|ELECTRICAL PARAMETRIC TEST|WAFER SORT TEST|LOT|ELECTRICAL PARAMETRIC TEST|COAT|ELECTRICAL PARAMETRIC TEST|SWITCHING TEST|WAFER SORT TEST|YIELD ANALYSIS|LOT FINAL LOT FINAL LOT|PACKAGE PREPARATION|COAT TEST|WAFER SORT TEST|YIELD ANALYSIS|LOT FINAL LOT FINAL LOT|WAFER SORT TEST|YIELD ANALYSIS|LOT FINAL LOT FINAL LOT|COAT TEST|COAT TEST|WAFER SORT TEST|YIELD ANALYSIS|LOT FINAL LOT FINAL LOT|COAT TEST|COAT TEST|COAT TEST|COAT TEST|WAFER SORT TEST|YIELD ANALYSIS|LOT FINAL LOT FINAL LOT|WAFER SORT TEST|ELECTRICAL YIELD ANALYSIS|WAFER SORT TEST
valid_ic_0047_f80,PAD WINDOW LITHO|DEVELOP PHOTORESIST|PASSIVATION ETCH|STRIP RESIST|CLEAN PAD OPENING|MEASURE PAD OPENING|BACKSIDE CLEAN|DEPOSIT BACKSIDE PROTECTION|BACKSIDE ANNEAL|FINAL CLEAN|FINAL THICKNESS MEASURE|FINAL GEOMETRY CHECK|FINAL PARTICLE INSPECTION|ELECTRICAL PARAMETRIC TEST|LEAKAGE TEST|PARAMETRIC TEST|SWITCHING TEST|WAFER SORT TEST|YIELD ANALYSIS|LOT|ELECTRICAL PARAMETRIC TEST|WAFER SORT TEST|LOT|ELECTRICAL PARAMETRIC TEST|COAT|WAFER SORT TEST|YIELD ANALYSIS|LOT|WAFER SORT TEST|ELECTRICAL PARAMETRIC TEST|SWITCHING TEST|WAFER SORT TEST|YIELD ANALYSIS|LOT FINAL LOT FINAL LOT|PACKAGE PREPARATION|COAT TEST|COAT TEST|SWITCHING TEST|WAFER SORT TEST|YIELD ANALYSIS|LOT FINAL LOT FINAL LOT|COAT TEST|COAT TEST|COAT TEST|COAT TEST|WAFER SORT TEST|YIELD ANALYSIS|LOT YIELD ANALYSIS|WAFER SORT TEST|LOT FINAL LOT LOT FINAL|PACKAGE PREPARATION|ELECTRICAL YIELD ANALYSIS|WAFER SORT TEST
valid_ic_0048_f60,FILL VIA TUNGSTEN|CMP METAL|MEASURE VIA RESISTANCE|DEPOSIT METAL 1|ANNEAL METAL|SPIN COAT PHOTORESIST|SOFT BAKE|ALIGN MASK LEVEL 4|EXPOSE LITHO LEVEL 4|DEVELOP PHOTORESIST|METAL PATTERN INSPECTION|METAL ETCH DRY|STRIP RESIST|CLEAN AFTER METAL ETCH|MEASURE LINE WIDTH|DEPOSIT PASSIVATION|CURE PASSIVATION|MEASURE PASSIVATION QUALITY|OPEN PAD WINDOW|PAD WINDOW LITHO|DEVELOP PAD WINDOW|PASSIVATION ETCH|STRIP RESIST|CLEAN PAD OPENING|MEASURE PAD OPENING|BACKSIDE CLEAN|DEPOSIT BACKSIDE PROTECTION|BACKSIDE ANNEAL|FINAL CLEAN|FINAL THICKNESS MEASURE|FINAL GEOMETRY CHECK|FINAL OXIDE CHECK|FINAL PARTICLE INSPECTION|ELECTRICAL PARAMETRIC TEST|LEAKAGE TEST|PARAMETRIC TEST|SWITCHING TEST|WAFER SORT TEST|YIELD ANALYSIS|LOT|WAFER SORT TEST|ELECTRICAL PARAMETRIC TEST|SWITCHING TEST|WAFER SORT TEST|YIELD ANALYSIS|LOT|WAFER SORT TEST|ELECTRICAL PARAMETRIC TEST|SWITCHING TEST|WAFER SORT TEST|YIELD ANALYSIS|LOT FINAL LOT FINAL LOT|PACKAGE PREPARATION|COAT TEST|COAT TEST|WAFER SORT TEST|YIELD ANALYSIS|LOT FINAL LOT FINAL LOT|WAFER SORT TEST|ELECTRICAL YIELD ANALYSIS|WAFER SORT TEST|LOT FINAL WAFER SORT TEST|ELECTRICAL YIELD ANALYSIS|WAFER SORT TEST|LOT WAFER SORT TEST|ELECTRICAL YIELD ANALYSIS|WAFER SORT TEST|LOT FINAL LOT WAFER ANALYSIS|ELECTRICAL YIELD ANALYSIS|WAFER ANALYSIS|LOT LOT LOT LOT LOT|DENSIFY TEST|DENSIFY TEST|DENSIFY TEST
valid_ic_0048_f80,DEVELOP PHOTORESIST|PASSIVATION ETCH|STRIP RESIST|CLEAN PAD OPENING|MEASURE PAD OPENING|BACKSIDE CLEAN|DEPOSIT BACKSIDE PROTECTION|BACKSIDE ANNEAL|FINAL CLEAN|FINAL THICKNESS MEASURE|FINAL GEOMETRY CHECK|FINAL PARTICLE INSPECTION|ELECTRICAL PARAMETRIC TEST|LEAKAGE TEST|PARAMETRIC TEST|SWITCHING TEST|WAFER SORT TEST|YIELD ANALYSIS|LOT|WAFER SORT TEST|ELECTRICAL PARAMETRIC TEST|SWITCHING TEST|WAFER SORT TEST|YIELD ANALYSIS|LOT|ELECTRICAL PARAMETRIC TEST|WAFER SORT TEST|YIELD ANALYSIS|LOT FINAL LOT FINAL LOT|PACKAGE PREPARATION|COAT TEST|COAT TEST|BACKSIDE ANALYSIS|WAFER SORT TEST|YIELD ANALYSIS|LOT FINAL LOT FINAL LOT|WAFER SORT TEST|COAT TEST|YIELD ANALYSIS|LOT FINAL LOT FINAL LOT|COAT TEST|COAT TEST|COAT TEST|COAT TEST|COAT TEST|WAFER SORT TEST|YIELD ANALYSIS|LOT|WAFER SORT TEST|ELECTRICAL YIELD ANALYSIS|WAFER SORT TEST|LOT LOT YIELD ANALYSIS
valid_ic_0049_f60,CLEAN AFTER VIA ETCH|MEASURE VIA CD INSPECTION|DEPOSIT BARRIER METAL|DEPOSIT TUNGSTEN SEED|FILL VIA TUNGSTEN|CMP METAL|MEASURE VIA RESISTANCE|DEPOSIT TOP METAL|ANNEAL METAL|SPIN COAT PHOTORESIST|SOFT BAKE|ALIGN MASK LEVEL 4|EXPOSE LITHO LEVEL 4|DEVELOP PHOTORESIST|METAL PATTERN INSPECTION|METAL ETCH DRY|STRIP RESIST|CLEAN AFTER METAL ETCH|MEASURE LINE WIDTH|DEPOSIT PASSIVATION|CURE PASSIVATION|MEASURE PASSIVATION QUALITY|OPEN PAD WINDOW|PAD WINDOW LITHO|DEVELOP PHOTORESIST|PASSIVATION ETCH|STRIP RESIST|CLEAN PAD OPENING|MEASURE PAD OPENING|BACKSIDE CLEAN|DEPOSIT BACKSIDE PROTECTION|BACKSIDE ANNEAL|FINAL CLEAN|FINAL THICKNESS MEASURE|FINAL GEOMETRY CHECK|FINAL OXIDE CHECK|FINAL PARTICLE INSPECTION|ELECTRICAL PARAMETRIC TEST|LEAKAGE TEST|PARAMETRIC TEST|SWITCHING TEST|WAFER SORT TEST|YIELD ANALYSIS|LOT|ELECTRICAL PARAMETRIC TEST|WAFER SORT TEST|YIELD ANALYSIS|LOT|WAFER SORT TEST|ELECTRICAL PARAMETRIC TEST|SWITCHING TEST|WAFER SORT TEST|YIELD ANALYSIS|LOT FINAL LOT FINAL LOT|PACKAGE PREPARATION|PACKAGE PREPARATION|COAT TEST|WAFER SORT TEST|YIELD ANALYSIS|LOT FINAL WAFER SORT TEST|WAFER SORT TEST|YIELD ANALYSIS|LOT FINAL LOT|COAT TEST|COAT TEST|COAT TEST|COAT TEST|ELECTRICAL YIELD ANALYSIS|WAFER SORT TEST|LOT WAFER SORT TEST|ELECTRICAL YIELD ANALYSIS|WAFER SORT TEST|LOT YIELD ANALYSIS|WAFER SORT TEST|LOT WAFER ANALYSIS
valid_ic_0049_f80,DEVELOP PHOTORESIST|PASSIVATION ETCH|STRIP RESIST|CLEAN PAD OPENING|MEASURE PAD OPENING|BACKSIDE CLEAN|DEPOSIT BACKSIDE PROTECTION|BACKSIDE ANNEAL|FINAL CLEAN|FINAL THICKNESS MEASURE|FINAL GEOMETRY CHECK|FINAL OXIDE CHECK|FINAL PARTICLE INSPECTION|ELECTRICAL PARAMETRIC TEST|LEAKAGE TEST|PARAMETRIC TEST|SWITCHING TEST|WAFER SORT TEST|YIELD ANALYSIS|LOT|ELECTRICAL PARAMETRIC TEST|WAFER SORT TEST|YIELD ANALYSIS|LOT|WAFER SORT TEST|ELECTRICAL PARAMETRIC TEST|SWITCHING TEST|WAFER SORT TEST|YIELD ANALYSIS|LOT FINAL LOT FINAL LOT|PACKAGE PREPARATION|PACKAGE PREPARATION|COAT TEST|SWITCHING TEST|WAFER SORT TEST|YIELD ANALYSIS|LOT FINAL LOT FINAL LOT|COAT TEST|COAT TEST|COAT TEST|COAT TEST|WAFER SORT TEST|YIELD ANALYSIS|LOT WAFER SORT TEST|ELECTRICAL YIELD ANALYSIS|WAFER SORT TEST|LOT WAFER SORT TEST|ELECTRICAL YIELD ANALYSIS|WAFER SORT TEST|LOT FINAL LOT WAFER ANALYSIS|EXPOSE BAKE|DEVELOP YIELD ANALYSIS
valid_ic_0050_f60,MEASURE VIA CD INSPECTION|DEPOSIT BARRIER METAL|DEPOSIT TUNGSTEN SEED|FILL VIA TUNGSTEN|CMP METAL|MEASURE VIA RESISTANCE|DEPOSIT TOP METAL|ANNEAL METAL|SPIN COAT PHOTORESIST|SOFT BAKE|ALIGN MASK LEVEL 4|EXPOSE LITHO LEVEL 4|DEVELOP PHOTORESIST|METAL PATTERN INSPECTION|METAL ETCH DRY|STRIP RESIST|CLEAN AFTER METAL ETCH|MEASURE LINE WIDTH|DEPOSIT PASSIVATION|CURE PASSIVATION|MEASURE PASSIVATION QUALITY|OPEN PAD WINDOW|PAD WINDOW LITHO|DEVELOP PHOTORESIST|PASSIVATION ETCH|STRIP RESIST|CLEAN PAD OPENING|MEASURE PAD OPENING|BACKSIDE CLEAN|DEPOSIT BACKSIDE PROTECTION|BACKSIDE ANNEAL|FINAL CLEAN|FINAL THICKNESS MEASURE|FINAL GEOMETRY CHECK|FINAL OXIDE CHECK|FINAL PARTICLE INSPECTION|ELECTRICAL PARAMETRIC TEST|LEAKAGE TEST|PARAMETRIC TEST|SWITCHING TEST|WAFER SORT TEST|YIELD ANALYSIS|LOT|WAFER SORT TEST|ELECTRICAL PARAMETRIC TEST|SWITCHING TEST|WAFER SORT TEST|YIELD ANALYSIS|LOT|WAFER SORT TEST|ELECTRICAL PARAMETRIC TEST|SWITCHING TEST|WAFER SORT TEST|YIELD ANALYSIS|LOT FINAL LOT FINAL LOT|PACKAGE PREPARATION|COAT TEST|COAT TEST|WAFER SORT TEST|YIELD ANALYSIS|LOT FINAL LOT FINAL LOT|WAFER SORT TEST|ELECTRICAL YIELD ANALYSIS|WAFER SORT TEST|LOT FINAL WAFER SORT TEST|ELECTRICAL YIELD ANALYSIS|WAFER SORT TEST|LOT FINAL LOT|PACKAGE PREPARATION|WAFER SORT TEST|YIELD ANALYSIS|LOT FINAL LOT WAFER ANALYSIS|ELECTRICAL YIELD ANALYSIS|WAFER ANALYSIS|LOT LOT LOT LOT|DENSIFY TEST
valid_ic_0050_f80,DEVELOP PHOTORESIST|PASSIVATION ETCH|STRIP RESIST|CLEAN PAD OPENING|MEASURE PAD OPENING|BACKSIDE CLEAN|DEPOSIT BACKSIDE PROTECTION|BACKSIDE ANNEAL|FINAL CLEAN|FINAL THICKNESS MEASURE|FINAL GEOMETRY CHECK|FINAL OXIDE CHECK|FINAL PARTICLE INSPECTION|ELECTRICAL PARAMETRIC TEST|LEAKAGE TEST|PARAMETRIC TEST|SWITCHING TEST|WAFER SORT TEST|YIELD ANALYSIS|LOT|ELECTRICAL PARAMETRIC TEST|WAFER SORT TEST|ELECTRICAL PARAMETRIC TEST|SWITCHING TEST|WAFER SORT TEST|YIELD ANALYSIS|LOT|WAFER SORT TEST|ELECTRICAL PARAMETRIC TEST|SWITCHING TEST|WAFER SORT TEST|YIELD ANALYSIS|LOT FINAL LOT FINAL LOT|PACKAGE PREPARATION|COAT TEST|COAT TEST|SWITCHING TEST|WAFER SORT TEST|YIELD ANALYSIS|LOT FINAL LOT FINAL LOT|COAT TEST|COAT TEST|COAT TEST|COAT TEST|WAFER SORT TEST|YIELD ANALYSIS|LOT WAFER SORT TEST|ELECTRICAL YIELD ANALYSIS|WAFER ANALYSIS|LOT FINAL LOT FINAL LOT|COAT ANALYSIS|CMP DIELECTRIC BAKE|DENSIFY TEST
valid_ic_0051_f60,MEASURE VIA CD INSPECTION|DEPOSIT BARRIER METAL|DEPOSIT TUNGSTEN SEED|FILL VIA TUNGSTEN|CMP METAL|MEASURE VIA RESISTANCE|DEPOSIT TOP METAL|ANNEAL METAL|SPIN COAT PHOTORESIST|SOFT BAKE|ALIGN MASK LEVEL 4|EXPOSE LITHO LEVEL 4|DEVELOP PHOTORESIST|METAL PATTERN INSPECTION|METAL ETCH DRY|STRIP RESIST|CLEAN AFTER METAL ETCH|MEASURE LINE WIDTH|DEPOSIT PASSIVATION|CURE PASSIVATION|MEASURE PASSIVATION QUALITY|OPEN PAD WINDOW|PAD WINDOW LITHO|DEVELOP PHOTORESIST|PASSIVATION ETCH|STRIP RESIST|CLEAN PAD OPENING|MEASURE PAD OPENING|BACKSIDE CLEAN|DEPOSIT BACKSIDE PROTECTION|BACKSIDE ANNEAL|FINAL CLEAN|FINAL THICKNESS MEASURE|FINAL GEOMETRY CHECK|FINAL OXIDE CHECK|FINAL PARTICLE INSPECTION|ELECTRICAL PARAMETRIC TEST|LEAKAGE TEST|PARAMETRIC TEST|SWITCHING TEST|WAFER SORT TEST|YIELD ANALYSIS|LOT|WAFER SORT TEST|ELECTRICAL PARAMETRIC TEST|SWITCHING TEST|WAFER SORT TEST|YIELD ANALYSIS|LOT|WAFER SORT TEST|ELECTRICAL PARAMETRIC TEST|SWITCHING TEST|WAFER SORT TEST|YIELD ANALYSIS|LOT|WAFER SORT TEST|WAFER SORT TEST|YIELD ANALYSIS|LOT WAFER SORT TEST|LOT FINAL YIELD ANALYSIS|WAFER SORT TEST|LOT FINAL LOT|COAT TEST|COAT TEST|COAT TEST|ELECTRICAL YIELD ANALYSIS|WAFER SORT TEST|LOT FINAL LOT YIELD ANALYSIS|WAFER SORT TEST|LOT FINAL YIELD ANALYSIS|WAFER SORT TEST|LOT FINAL LOT WAFER ANALYSIS|ELECTRICAL YIELD ANALYSIS|WAFER ANALYSIS|LOT LOT FINAL YIELD ANALYSIS|DIELECTRIC BAKE
valid_ic_0051_f80,DEVELOP PHOTORESIST|PASSIVATION ETCH|STRIP RESIST|CLEAN PAD OPENING|MEASURE PAD OPENING|BACKSIDE CLEAN|DEPOSIT BACKSIDE PROTECTION|BACKSIDE ANNEAL|FINAL CLEAN|FINAL THICKNESS MEASURE|FINAL GEOMETRY CHECK|FINAL OXIDE CHECK|FINAL PARTICLE INSPECTION|ELECTRICAL PARAMETRIC TEST|LEAKAGE TEST|PARAMETRIC TEST|SWITCHING TEST|WAFER SORT TEST|YIELD ANALYSIS|LOT|WAFER SORT TEST|ELECTRICAL PARAMETRIC TEST|SWITCHING TEST|WAFER SORT TEST|YIELD ANALYSIS|LOT|WAFER SORT TEST|LOT|ELECTRICAL PARAMETRIC TEST|WAFER SORT TEST|YIELD ANALYSIS|LOT FINAL LOT FINAL LOT|PACKAGE PREPARATION|PACKAGE PREPARATION|COAT TEST|WAFER SORT TEST|YIELD ANALYSIS|LOT FINAL LOT FINAL LOT|WAFER SORT TEST|ELECTRICAL YIELD ANALYSIS|WAFER SORT TEST|LOT FINAL YIELD ANALYSIS|WAFER SORT TEST|LOT|ELECTRICAL YIELD ANALYSIS|WAFER SORT TEST|LOT FINAL LOT|PACKAGE PREPARATION|WAFER SORT TEST|YIELD ANALYSIS|LOT|WAFER SORT TEST|ELECTRICAL YIELD ANALYSIS
valid_ic_0052_f60,CLEAN AFTER VIA ETCH|MEASURE VIA CD INSPECTION|DEPOSIT BARRIER METAL|DEPOSIT TUNGSTEN SEED|FILL VIA TUNGSTEN|CMP METAL|MEASURE VIA RESISTANCE|DEPOSIT METAL 1|ANNEAL METAL|SPIN COAT PHOTORESIST|SOFT BAKE|ALIGN MASK LEVEL 4|EXPOSE LITHO LEVEL 4|DEVELOP PHOTORESIST|METAL PATTERN INSPECTION|METAL ETCH DRY|STRIP RESIST|CLEAN AFTER METAL ETCH|MEASURE LINE WIDTH|DEPOSIT PASSIVATION|CURE PASSIVATION|MEASURE PASSIVATION QUALITY|OPEN PAD WINDOW|PAD WINDOW LITHO|DEVELOP PAD WINDOW|PASSIVATION ETCH|STRIP RESIST|CLEAN PAD OPENING|MEASURE PAD OPENING|BACKSIDE CLEAN|DEPOSIT BACKSIDE PROTECTION|BACKSIDE ANNEAL|FINAL CLEAN|FINAL THICKNESS MEASURE|FINAL GEOMETRY CHECK|FINAL OXIDE CHECK|FINAL PARTICLE INSPECTION|ELECTRICAL PARAMETRIC TEST|LEAKAGE TEST|PARAMETRIC TEST|SWITCHING TEST|WAFER SORT TEST|YIELD ANALYSIS|LOT|WAFER SORT TEST|ELECTRICAL PARAMETRIC TEST|SWITCHING TEST|WAFER SORT TEST|YIELD ANALYSIS|LOT|WAFER SORT TEST|ELECTRICAL PARAMETRIC TEST|PRE EXPOSE LITHO|DEVELOP TEST|METAL WAFER SORT TEST|STRIP RESIST|CLEAN YIELD ANALYSIS|LOT|PACKAGE PREPARATION|PACKAGE PREPARATION|COAT TEST|COAT TEST|WAFER SORT TEST|YIELD ANALYSIS|LOT|WAFER SORT TEST|ELECTRICAL YIELD ANALYSIS|WAFER SORT TEST|LOT WAFER SORT TEST|ELECTRICAL YIELD ANALYSIS|WAFER SORT TEST|LOT WAFER SORT TEST|ELECTRICAL YIELD ANALYSIS|WAFER SORT TEST
valid_ic_0052_f80,DEVELOP PAD WINDOW|PASSIVATION ETCH|STRIP RESIST|CLEAN PAD OPENING|MEASURE PAD OPENING|BACKSIDE THINNING CHECK|BACKSIDE CLEAN|DEPOSIT BACKSIDE PROTECTION|BACKSIDE ANNEAL|FINAL CLEAN|FINAL THICKNESS MEASURE|FINAL GEOMETRY CHECK|FINAL OXIDE CHECK|FINAL PARTICLE INSPECTION|ELECTRICAL PARAMETRIC TEST|LEAKAGE TEST|PARAMETRIC TEST|SWITCHING TEST|WAFER SORT TEST|YIELD ANALYSIS|LOT|WAFER SORT TEST|ELECTRICAL PARAMETRIC TEST|SWITCHING TEST|WAFER SORT TEST|YIELD ANALYSIS|LOT|WAFER SORT TEST|ELECTRICAL PARAMETRIC TEST|PRE EXPOSE LITHO|DEVELOP TEST|METAL WAFER SORT TEST|STRIP RESIST|CLEAN WAFER SORT TEST|ELECTRICAL YIELD ANALYSIS|WAFER SORT TEST|LOT WAFER SORT TEST|ELECTRICAL YIELD ANALYSIS|WAFER SORT TEST|LOT|WAFER SORT TEST|ELECTRICAL YIELD ANALYSIS|WAFER SORT TEST|LOT FINAL YIELD ANALYSIS|WAFER SORT TEST|LOT FINAL YIELD ANALYSIS|WAFER SORT TEST|LOT FINAL LOT WAFER ANALYSIS|ELECTRICAL YIELD ANALYSIS|WAFER SORT TEST|LOT LOT FINAL YIELD ANALYSIS|WAFER ANALYSIS
valid_ic_0053_f60,CLEAN AFTER VIA ETCH|MEASURE VIA CD INSPECTION|DEPOSIT BARRIER METAL|DEPOSIT TUNGSTEN SEED|FILL VIA TUNGSTEN|CMP METAL|MEASURE VIA RESISTANCE|DEPOSIT TOP METAL|ANNEAL METAL|SPIN COAT PHOTORESIST|SOFT BAKE|ALIGN MASK LEVEL 4|EXPOSE LITHO LEVEL 4|DEVELOP PHOTORESIST|METAL PATTERN INSPECTION|METAL ETCH DRY|STRIP RESIST|CLEAN AFTER METAL ETCH|MEASURE LINE WIDTH|DEPOSIT PASSIVATION|CURE PASSIVATION|MEASURE PASSIVATION QUALITY|OPEN PAD WINDOW|PAD WINDOW LITHO|DEVELOP PHOTORESIST|PASSIVATION ETCH|STRIP RESIST|CLEAN PAD OPENING|MEASURE PAD OPENING|BACKSIDE CLEAN|DEPOSIT BACKSIDE PROTECTION|BACKSIDE ANNEAL|FINAL CLEAN|FINAL THICKNESS MEASURE|FINAL GEOMETRY CHECK|FINAL OXIDE CHECK|FINAL PARTICLE INSPECTION|ELECTRICAL PARAMETRIC TEST|LEAKAGE TEST|PARAMETRIC TEST|SWITCHING TEST|WAFER SORT TEST|YIELD ANALYSIS|LOT|WAFER SORT TEST|ELECTRICAL PARAMETRIC TEST|SWITCHING TEST|WAFER SORT TEST|YIELD ANALYSIS|LOT|WAFER SORT TEST|LOT|COAT TEST|COAT TEST|COAT TEST|BACKSIDE ANALYSIS|SWITCHING TEST|WAFER SORT TEST|YIELD ANALYSIS|LOT WAFER SORT TEST|WAFER SORT TEST|YIELD ANALYSIS|LOT FINAL LOT FINAL LOT|COAT TEST|COAT TEST|COAT TEST|ELECTRICAL YIELD ANALYSIS|WAFER SORT TEST|LOT WAFER SORT TEST|ELECTRICAL YIELD ANALYSIS|WAFER SORT TEST|LOT FINAL YIELD ANALYSIS|WAFER SORT TEST|LOT FINAL LOT WAFER ANALYSIS|ELECTRICAL YIELD ANALYSIS
valid_ic_0053_f80,PAD WINDOW LITHO|DEVELOP PHOTORESIST|PASSIVATION ETCH|STRIP RESIST|CLEAN PAD OPENING|MEASURE PAD OPENING|BACKSIDE CLEAN|DEPOSIT BACKSIDE PROTECTION|BACKSIDE ANNEAL|FINAL CLEAN|FINAL THICKNESS MEASURE|FINAL GEOMETRY CHECK|FINAL OXIDE CHECK|FINAL PARTICLE INSPECTION|ELECTRICAL PARAMETRIC TEST|LEAKAGE TEST|PARAMETRIC TEST|SWITCHING TEST|WAFER SORT TEST|YIELD ANALYSIS|LOT|WAFER SORT TEST|ELECTRICAL PARAMETRIC TEST|DEPOSIT WAFER SORT TEST|YIELD ANALYSIS|LOT|WAFER SORT TEST|COAT|ELECTRICAL PARAMETRIC TEST|SWITCHING TEST|WAFER SORT TEST|YIELD ANALYSIS|LOT|WAFER SORT TEST|WAFER SORT TEST|YIELD ANALYSIS|LOT FINAL LOT FINAL LOT|COAT TEST|COAT TEST|COAT TEST|WAFER SORT TEST|YIELD ANALYSIS|LOT WAFER SORT TEST|ELECTRICAL YIELD ANALYSIS|WAFER SORT TEST|LOT FINAL YIELD ANALYSIS|WAFER SORT TEST|LOT WAFER SORT TEST|ELECTRICAL YIELD ANALYSIS|WAFER ANALYSIS|LOT FINAL LOT WAFER ANALYSIS|ELECTRICAL YIELD ANALYSIS
valid_ic_0054_f60,CLEAN AFTER VIA ETCH|MEASURE VIA CD INSPECTION|DEPOSIT BARRIER METAL|DEPOSIT TUNGSTEN SEED|FILL VIA TUNGSTEN|CMP METAL|MEASURE VIA RESISTANCE|DEPOSIT TOP METAL|ANNEAL METAL|SPIN COAT PHOTORESIST|SOFT BAKE|ALIGN MASK LEVEL 4|EXPOSE LITHO LEVEL 4|DEVELOP PHOTORESIST|METAL PATTERN INSPECTION|METAL ETCH DRY|STRIP RESIST|CLEAN AFTER METAL ETCH|MEASURE LINE WIDTH|DEPOSIT PASSIVATION|CURE PASSIVATION|MEASURE PASSIVATION QUALITY|OPEN PAD WINDOW|PAD WINDOW LITHO|DEVELOP PHOTORESIST|PASSIVATION ETCH|STRIP RESIST|CLEAN PAD OPENING|MEASURE PAD OPENING|BACKSIDE CLEAN|DEPOSIT BACKSIDE PROTECTION|BACKSIDE ANNEAL|FINAL CLEAN|FINAL THICKNESS MEASURE|FINAL GEOMETRY CHECK|FINAL OXIDE CHECK|FINAL PARTICLE INSPECTION|ELECTRICAL PARAMETRIC TEST|LEAKAGE TEST|PARAMETRIC TEST|SWITCHING TEST|WAFER SORT TEST|YIELD ANALYSIS|LOT|WAFER SORT TEST|ELECTRICAL PARAMETRIC TEST|SWITCHING TEST|WAFER SORT TEST|YIELD ANALYSIS|LOT|WAFER SORT TEST|ELECTRICAL PARAMETRIC TEST|SWITCHING TEST|WAFER SORT TEST|YIELD ANALYSIS|LOT|WAFER SORT TEST|WAFER SORT TEST|YIELD ANALYSIS|LOT WAFER SORT TEST|LOT FINAL YIELD ANALYSIS|WAFER SORT TEST|LOT FINAL LOT|COAT TEST|COAT TEST|COAT TEST|ELECTRICAL YIELD ANALYSIS|WAFER SORT TEST|LOT WAFER SORT TEST|ELECTRICAL YIELD ANALYSIS|WAFER SORT TEST|LOT FINAL YIELD ANALYSIS|WAFER ANALYSIS|LOT WAFER ANALYSIS|ELECTRICAL YIELD ANALYSIS|WAFER ANALYSIS
valid_ic_0054_f80,DEVELOP PHOTORESIST|PASSIVATION ETCH|STRIP RESIST|CLEAN PAD OPENING|MEASURE PAD OPENING|BACKSIDE CLEAN|DEPOSIT BACKSIDE PROTECTION|BACKSIDE ANNEAL|FINAL CLEAN|FINAL THICKNESS MEASURE|FINAL GEOMETRY CHECK|FINAL OXIDE CHECK|FINAL PARTICLE INSPECTION|ELECTRICAL PARAMETRIC TEST|LEAKAGE TEST|PARAMETRIC TEST|SWITCHING TEST|WAFER SORT TEST|YIELD ANALYSIS|LOT|WAFER SORT TEST|ELECTRICAL PARAMETRIC TEST|SWITCHING TEST|WAFER SORT TEST|YIELD ANALYSIS|LOT|WAFER SORT TEST|ELECTRICAL PARAMETRIC TEST|SWITCHING TEST|WAFER SORT TEST|YIELD ANALYSIS|LOT FINAL LOT|PACKAGE PREPARATION|WAFER SORT TEST|YIELD ANALYSIS|LOT WAFER SORT TEST|LOT FINAL YIELD ANALYSIS|WAFER SORT TEST|LOT|WAFER SORT TEST|YIELD ANALYSIS|LOT FINAL LOT FINAL LOT|COAT TEST|COAT TEST|COAT TEST|WAFER SORT TEST|YIELD ANALYSIS|LOT WAFER SORT TEST|ELECTRICAL YIELD ANALYSIS|WAFER SORT TEST|LOT FINAL LOT YIELD ANALYSIS|WAFER ANALYSIS|LOT LOT LOT LOT
valid_ic_0055_f60,CLEAN AFTER VIA ETCH|MEASURE VIA CD INSPECTION|DEPOSIT BARRIER METAL|DEPOSIT TUNGSTEN SEED|FILL VIA TUNGSTEN|CMP METAL|MEASURE VIA RESISTANCE|DEPOSIT TOP METAL|ANNEAL METAL|SPIN COAT PHOTORESIST|SOFT BAKE|ALIGN MASK LEVEL 4|EXPOSE LITHO LEVEL 4|DEVELOP PHOTORESIST|METAL PATTERN INSPECTION|METAL ETCH DRY|STRIP RESIST|CLEAN AFTER METAL ETCH|MEASURE LINE WIDTH|DEPOSIT PASSIVATION|CURE PASSIVATION|MEASURE PASSIVATION THICKNESS|OPEN PAD WINDOW|PAD WINDOW LITHO|DEVELOP PHOTORESIST|PASSIVATION ETCH|STRIP RESIST|CLEAN PAD OPENING|MEASURE PAD OPENING|BACKSIDE THINNING CHECK|BACKSIDE CLEAN|DEPOSIT BACKSIDE PROTECTION|BACKSIDE ANNEAL|FINAL CLEAN|FINAL THICKNESS MEASURE|FINAL GEOMETRY CHECK|FINAL OXIDE CHECK|FINAL PARTICLE INSPECTION|ELECTRICAL PARAMETRIC TEST|LEAKAGE TEST|PARAMETRIC TEST|SWITCHING TEST|WAFER SORT TEST|YIELD ANALYSIS|LOT|WAFER SORT TEST|ELECTRICAL TEST|SWITCHING TEST|WAFER SORT TEST|YIELD ANALYSIS|LOT|WAFER SORT TEST|LOT|ELECTRICAL ANALYSIS|COAT TEST|WAFER SORT TEST|YIELD ANALYSIS|LOT FINAL LOT FINAL LOT|WAFER SORT TEST|YIELD ANALYSIS|LOT FINAL LOT FINAL LOT|WAFER SORT TEST|YIELD ANALYSIS|LOT FINAL LOT|COAT TEST|WAFER SORT TEST|YIELD ANALYSIS|LOT FINAL LOT FINAL LOT|COAT TEST|COAT TEST|COAT TEST|COAT TEST|COAT TEST|WAFER SORT TEST|YIELD ANALYSIS|LOT FINAL LOT FINAL LOT|DENSIFY TEST|EXPOSE BAKE
valid_ic_0055_f80,OPEN PAD WINDOW|PAD WINDOW LITHO|DEVELOP PHOTORESIST|PASSIVATION ETCH|STRIP RESIST|CLEAN PAD OPENING|MEASURE PAD OPENING|BACKSIDE CLEAN|DEPOSIT BACKSIDE PROTECTION|BACKSIDE ANNEAL|FINAL CLEAN|FINAL THICKNESS MEASURE|FINAL GEOMETRY CHECK|FINAL PARTICLE INSPECTION|ELECTRICAL PARAMETRIC TEST|LEAKAGE TEST|PARAMETRIC TEST|SWITCHING TEST|WAFER SORT TEST|YIELD ANALYSIS|LOT|ELECTRICAL PARAMETRIC TEST|WAFER SORT TEST|LOT|ELECTRICAL PARAMETRIC TEST|COAT|WAFER SORT TEST|YIELD ANALYSIS|LOT|WAFER SORT TEST|ELECTRICAL PARAMETRIC TEST|SWITCHING TEST|WAFER SORT TEST|YIELD ANALYSIS|LOT FINAL LOT FINAL LOT|COAT TEST|COAT TEST|COAT TEST|WAFER SORT TEST|YIELD ANALYSIS|LOT|WAFER SORT TEST|ELECTRICAL YIELD ANALYSIS|WAFER SORT TEST|LOT WAFER SORT TEST|ELECTRICAL YIELD ANALYSIS|WAFER SORT TEST|LOT WAFER SORT TEST|ELECTRICAL YIELD ANALYSIS|WAFER SORT TEST|LOT WAFER ANALYSIS|ELECTRICAL YIELD ANALYSIS|WAFER ANALYSIS|LOT YIELD ANALYSIS
valid_ic_0056_f60,CLEAN AFTER VIA ETCH|MEASURE VIA CD INSPECTION|DEPOSIT BARRIER METAL|DEPOSIT TUNGSTEN SEED|FILL VIA TUNGSTEN|CMP METAL|MEASURE VIA RESISTANCE|DEPOSIT METAL 1|ANNEAL METAL|SPIN COAT PHOTORESIST|SOFT BAKE|ALIGN MASK LEVEL 4|EXPOSE LITHO LEVEL 4|DEVELOP PHOTORESIST|METAL PATTERN INSPECTION|METAL ETCH DRY|STRIP RESIST|CLEAN AFTER METAL ETCH|MEASURE LINE WIDTH|DEPOSIT PASSIVATION|CURE PASSIVATION|MEASURE PASSIVATION THICKNESS|OPEN PAD WINDOW|PAD WINDOW LITHO|DEVELOP PHOTORESIST|PASSIVATION ETCH|STRIP RESIST|CLEAN PAD OPENING|MEASURE PAD OPENING|BACKSIDE CLEAN|DEPOSIT BACKSIDE PROTECTION|BACKSIDE ANNEAL|FINAL CLEAN|FINAL THICKNESS MEASURE|FINAL GEOMETRY CHECK|FINAL PARTICLE INSPECTION|ELECTRICAL PARAMETRIC TEST|LEAKAGE TEST|PARAMETRIC TEST|SWITCHING TEST|WAFER SORT TEST|YIELD ANALYSIS|LOT|WAFER SORT TEST|ELECTRICAL PARAMETRIC TEST|SWITCHING TEST|WAFER SORT TEST|YIELD ANALYSIS|LOT|WAFER SORT TEST|ELECTRICAL PARAMETRIC TEST|SWITCHING TEST|WAFER SORT TEST|YIELD ANALYSIS|LOT FINAL LOT FINAL LOT|PACKAGE PREPARATION|PACKAGE PREPARATION|COAT TEST|SWITCHING TEST|WAFER SORT TEST|YIELD ANALYSIS|LOT FINAL LOT FINAL LOT|WAFER SORT TEST|ELECTRICAL YIELD ANALYSIS|LOT FINAL WAFER SORT TEST|ELECTRICAL YIELD ANALYSIS|WAFER SORT TEST|LOT WAFER SORT TEST|ELECTRICAL YIELD ANALYSIS|WAFER SORT TEST|LOT WAFER SORT TEST|ELECTRICAL YIELD ANALYSIS|WAFER SORT TEST|LOT FINAL LOT WAFER ANALYSIS|EXPOSE BAKE
valid_ic_0056_f80,OPEN PAD WINDOW|PAD WINDOW LITHO|DEVELOP PHOTORESIST|PASSIVATION ETCH|STRIP RESIST|CLEAN PAD OPENING|MEASURE PAD OPENING|BACKSIDE CLEAN|DEPOSIT BACKSIDE PROTECTION|BACKSIDE ANNEAL|FINAL CLEAN|FINAL THICKNESS MEASURE|FINAL GEOMETRY CHECK|FINAL OXIDE CHECK|FINAL PARTICLE INSPECTION|ELECTRICAL PARAMETRIC TEST|LEAKAGE TEST|PARAMETRIC TEST|SWITCHING TEST|WAFER SORT TEST|YIELD ANALYSIS|LOT|ELECTRICAL PARAMETRIC TEST|WAFER SORT TEST|LOT|ELECTRICAL PARAMETRIC TEST|COAT|ELECTRICAL PARAMETRIC TEST|SWITCHING TEST|WAFER SORT TEST|YIELD ANALYSIS|LOT FINAL LOT FINAL LOT|PACKAGE PREPARATION|PACKAGE PREPARATION|COAT TEST|BACKSIDE ANALYSIS|WAFER SORT TEST|YIELD ANALYSIS|LOT FINAL LOT FINAL LOT|WAFER SORT TEST|YIELD ANALYSIS|LOT FINAL LOT FINAL LOT|WAFER SORT TEST|YIELD ANALYSIS|LOT FINAL LOT FINAL LOT|COAT TEST|COAT TEST|COAT TEST|COAT TEST|WAFER SORT TEST|YIELD ANALYSIS|LOT FINAL LOT LOT LOT
valid_ic_0057_f60,STRIP RESIST|CLEAN AFTER VIA ETCH|MEASURE VIA CD INSPECTION|DEPOSIT BARRIER METAL|DEPOSIT TUNGSTEN SEED|FILL VIA TUNGSTEN|CMP METAL|MEASURE VIA RESISTANCE|DEPOSIT TOP METAL|ANNEAL METAL|SPIN COAT PHOTORESIST|SOFT BAKE|ALIGN MASK LEVEL 4|EXPOSE LITHO LEVEL 4|DEVELOP PHOTORESIST|METAL PATTERN INSPECTION|METAL ETCH DRY|STRIP RESIST|CLEAN AFTER METAL ETCH|MEASURE LINE WIDTH|DEPOSIT PASSIVATION|CURE PASSIVATION|MEASURE PASSIVATION QUALITY|OPEN PAD WINDOW|PAD WINDOW LITHO|DEVELOP PHOTORESIST|PASSIVATION ETCH|STRIP RESIST|CLEAN PAD OPENING|MEASURE PAD OPENING|BACKSIDE CLEAN|DEPOSIT BACKSIDE PROTECTION|BACKSIDE ANNEAL|FINAL CLEAN|FINAL THICKNESS MEASURE|FINAL GEOMETRY CHECK|FINAL OXIDE CHECK|FINAL PARTICLE INSPECTION|ELECTRICAL PARAMETRIC TEST|LEAKAGE TEST|PARAMETRIC TEST|SWITCHING TEST|WAFER SORT TEST|YIELD ANALYSIS|LOT|ELECTRICAL PARAMETRIC TEST|WAFER SORT TEST|LOT|ELECTRICAL PARAMETRIC TEST|COAT|ELECTRICAL PARAMETRIC TEST|SWITCHING TEST|WAFER SORT TEST|YIELD ANALYSIS|LOT FINAL LOT FINAL LOT|PACKAGE PREPARATION|COAT TEST|COAT TEST|WAFER SORT TEST|YIELD ANALYSIS|LOT WAFER SORT TEST|LOT FINAL YIELD ANALYSIS|WAFER SORT TEST|LOT FINAL LOT FINAL LOT|COAT TEST|COAT TEST|COAT TEST|WAFER SORT TEST|YIELD ANALYSIS|LOT WAFER SORT TEST|ELECTRICAL YIELD ANALYSIS|WAFER SORT TEST|LOT WAFER SORT TEST|ELECTRICAL YIELD ANALYSIS|WAFER SORT TEST|LOT YIELD ANALYSIS
valid_ic_0057_f80,OPEN PAD WINDOW|PAD WINDOW LITHO|DEVELOP PHOTORESIST|PASSIVATION ETCH|STRIP RESIST|CLEAN PAD OPENING|MEASURE PAD OPENING|BACKSIDE CLEAN|DEPOSIT BACKSIDE PROTECTION|BACKSIDE ANNEAL|FINAL CLEAN|FINAL THICKNESS MEASURE|FINAL GEOMETRY CHECK|FINAL OXIDE CHECK|FINAL PARTICLE INSPECTION|ELECTRICAL PARAMETRIC TEST|LEAKAGE TEST|PARAMETRIC TEST|SWITCHING TEST|WAFER SORT TEST|YIELD ANALYSIS|LOT|ELECTRICAL PARAMETRIC TEST|WAFER SORT TEST|LOT|YIELD ANALYSIS|WAFER SORT TEST|LOT|ELECTRICAL PARAMETRIC TEST|COAT|WAFER SORT TEST|YIELD ANALYSIS|LOT FINAL LOT FINAL LOT|PACKAGE PREPARATION|COAT TEST|COAT TEST|WAFER SORT TEST|YIELD ANALYSIS|LOT LOT FINAL LOT|COAT TEST|COAT TEST|COAT TEST|WAFER SORT TEST|YIELD ANALYSIS|LOT FINAL LOT FINAL LOT|COAT TEST|COAT TEST|COAT TEST|COAT TEST|WAFER SORT TEST|YIELD ANALYSIS|LOT LOT LOT LOT|PACKAGE PREPARATION
valid_ic_0058_f60,MEASURE VIA CD INSPECTION|DEPOSIT BARRIER METAL|DEPOSIT TUNGSTEN SEED|FILL VIA TUNGSTEN|CMP METAL|MEASURE VIA RESISTANCE|DEPOSIT TOP METAL|ANNEAL METAL|SPIN COAT PHOTORESIST|SOFT BAKE|ALIGN MASK LEVEL 4|EXPOSE LITHO LEVEL 4|DEVELOP PHOTORESIST|METAL PATTERN INSPECTION|METAL ETCH DRY|STRIP RESIST|CLEAN AFTER METAL ETCH|MEASURE LINE WIDTH|DEPOSIT PASSIVATION|CURE PASSIVATION|MEASURE PASSIVATION QUALITY|OPEN PAD WINDOW|PAD WINDOW LITHO|DEVELOP PHOTORESIST|PASSIVATION ETCH|STRIP RESIST|CLEAN PAD OPENING|MEASURE PAD OPENING|BACKSIDE CLEAN|DEPOSIT BACKSIDE PROTECTION|BACKSIDE ANNEAL|FINAL CLEAN|FINAL THICKNESS MEASURE|FINAL GEOMETRY CHECK|FINAL OXIDE CHECK|FINAL PARTICLE INSPECTION|ELECTRICAL PARAMETRIC TEST|LEAKAGE TEST|PARAMETRIC TEST|SWITCHING TEST|WAFER SORT TEST|YIELD ANALYSIS|LOT|ELECTRICAL PARAMETRIC TEST|WAFER SORT TEST|LOT|ELECTRICAL PARAMETRIC TEST|COAT|ELECTRICAL PARAMETRIC TEST|SWITCHING TEST|WAFER SORT TEST|YIELD ANALYSIS|LOT FINAL LOT FINAL LOT|PACKAGE PREPARATION|COAT TEST|COAT TEST|WAFER SORT TEST|YIELD ANALYSIS|LOT WAFER SORT TEST|LOT FINAL YIELD ANALYSIS|WAFER SORT TEST|LOT FINAL LOT FINAL LOT|COAT TEST|COAT TEST|COAT TEST|WAFER SORT TEST|YIELD ANALYSIS|LOT WAFER SORT TEST|ELECTRICAL YIELD ANALYSIS|WAFER SORT TEST|LOT WAFER SORT TEST|ELECTRICAL YIELD ANALYSIS|WAFER SORT TEST|LOT YIELD ANALYSIS|WAFER SORT TEST|LOT YIELD ANALYSIS
valid_ic_0058_f80,DEVELOP PHOTORESIST|PASSIVATION ETCH|STRIP RESIST|CLEAN PAD OPENING|MEASURE PAD OPENING|BACKSIDE CLEAN|DEPOSIT BACKSIDE PROTECTION|BACKSIDE ANNEAL|FINAL CLEAN|FINAL THICKNESS MEASURE|FINAL GEOMETRY CHECK|FINAL PARTICLE INSPECTION|ELECTRICAL PARAMETRIC TEST|LEAKAGE TEST|PARAMETRIC TEST|SWITCHING TEST|WAFER SORT TEST|YIELD ANALYSIS|LOT|ELECTRICAL PARAMETRIC TEST|WAFER SORT TEST|LOT|ELECTRICAL PARAMETRIC TEST|COAT|WAFER SORT TEST|YIELD ANALYSIS|LOT|WAFER SORT TEST|COAT|ELECTRICAL PARAMETRIC TEST|SWITCHING TEST|WAFER SORT TEST|YIELD ANALYSIS|LOT FINAL WAFER SORT TEST|WAFER SORT TEST|YIELD ANALYSIS|LOT FINAL LOT FINAL LOT|COAT TEST|COAT TEST|COAT TEST|WAFER SORT TEST|YIELD ANALYSIS|LOT WAFER SORT TEST|LOT FINAL YIELD ANALYSIS|WAFER SORT TEST|LOT WAFER SORT TEST|ELECTRICAL YIELD ANALYSIS|WAFER ANALYSIS|LOT FINAL LOT FINAL LOT|CMP DIELECTRIC BAKE|COAT ANALYSIS|CMP DIELECTRIC CHECK|RAPID EXPOSE BAKE
valid_ic_0059_f60,CLEAN AFTER VIA ETCH|MEASURE VIA CD INSPECTION|DEPOSIT BARRIER METAL|DEPOSIT TUNGSTEN SEED|FILL VIA TUNGSTEN|CMP METAL|MEASURE VIA RESISTANCE|DEPOSIT TOP METAL|ANNEAL METAL|SPIN COAT PHOTORESIST|SOFT BAKE|ALIGN MASK LEVEL 4|EXPOSE LITHO LEVEL 4|DEVELOP PHOTORESIST|METAL PATTERN INSPECTION|METAL ETCH DRY|STRIP RESIST|CLEAN AFTER METAL ETCH|MEASURE LINE WIDTH|DEPOSIT PASSIVATION|CURE PASSIVATION|MEASURE PASSIVATION THICKNESS|OPEN PAD WINDOW|PAD WINDOW LITHO|DEVELOP PHOTORESIST|PASSIVATION ETCH|STRIP RESIST|CLEAN PAD OPENING|MEASURE PAD OPENING|BACKSIDE CLEAN|DEPOSIT BACKSIDE PROTECTION|BACKSIDE ANNEAL|FINAL CLEAN|FINAL THICKNESS MEASURE|FINAL GEOMETRY CHECK|FINAL OXIDE CHECK|FINAL PARTICLE INSPECTION|ELECTRICAL PARAMETRIC TEST|LEAKAGE TEST|PARAMETRIC TEST|SWITCHING TEST|WAFER SORT TEST|YIELD ANALYSIS|LOT|WAFER SORT TEST|ELECTRICAL TEST|SWITCHING TEST|WAFER SORT TEST|YIELD ANALYSIS|LOT|WAFER SORT TEST|LOT|COAT TEST|COAT TEST|COAT TEST|COAT TEST|SWITCHING TEST|WAFER SORT TEST|YIELD ANALYSIS|LOT FINAL LOT FINAL LOT|COAT TEST|COAT TEST|COAT TEST|ELECTRICAL YIELD ANALYSIS|WAFER SORT TEST|LOT|ELECTRICAL YIELD ANALYSIS|WAFER SORT TEST|LOT WAFER SORT TEST|ELECTRICAL YIELD ANALYSIS|WAFER SORT TEST|LOT FINAL YIELD ANALYSIS|WAFER SORT TEST|LOT YIELD ANALYSIS|WAFER ANALYSIS|LOT FINAL LOT FINAL LOT|COAT ANALYSIS
valid_ic_0059_f80,DEVELOP PHOTORESIST|PASSIVATION ETCH|STRIP RESIST|CLEAN PAD OPENING|MEASURE PAD OPENING|BACKSIDE THINNING CHECK|BACKSIDE CLEAN|DEPOSIT BACKSIDE PROTECTION|BACKSIDE ANNEAL|FINAL CLEAN|FINAL THICKNESS MEASURE|FINAL GEOMETRY CHECK|FINAL OXIDE CHECK|FINAL PARTICLE INSPECTION|ELECTRICAL PARAMETRIC TEST|LEAKAGE TEST|PARAMETRIC TEST|SWITCHING TEST|WAFER SORT TEST|YIELD ANALYSIS|LOT|ELECTRICAL PARAMETRIC TEST|WAFER SORT TEST|LOT|ELECTRICAL PARAMETRIC TEST|COAT|ELECTRICAL PARAMETRIC TEST|SWITCHING TEST|WAFER SORT TEST|YIELD ANALYSIS|LOT FINAL LOT FINAL LOT|WAFER SORT TEST|COAT TEST|COAT TEST|COAT TEST|WAFER SORT TEST|YIELD ANALYSIS|LOT FINAL LOT FINAL LOT|COAT TEST|COAT TEST|COAT TEST|SWITCHING TEST|WAFER SORT TEST|YIELD ANALYSIS|LOT WAFER SORT TEST|ELECTRICAL YIELD ANALYSIS|WAFER SORT TEST|LOT FINAL YIELD ANALYSIS|WAFER SORT TEST|LOT WAFER ANALYSIS|CMP DIELECTRIC BAKE|ELECTRICAL YIELD ANALYSIS|WAFER SORT TEST YIELD ANALYSIS
valid_ic_0060_f60,DEPOSIT TUNGSTEN SEED|FILL VIA TUNGSTEN|CMP METAL|MEASURE VIA RESISTANCE|DEPOSIT METAL 1|ANNEAL METAL|SPIN COAT PHOTORESIST|SOFT BAKE|ALIGN MASK LEVEL 4|EXPOSE LITHO LEVEL 4|DEVELOP PHOTORESIST|METAL PATTERN INSPECTION|METAL ETCH DRY|STRIP RESIST|CLEAN AFTER METAL ETCH|MEASURE LINE WIDTH|DEPOSIT PASSIVATION|CURE PASSIVATION|MEASURE PASSIVATION QUALITY|OPEN PAD WINDOW|PAD WINDOW LITHO|DEVELOP PAD WINDOW|PASSIVATION ETCH|STRIP RESIST|CLEAN PAD OPENING|MEASURE PAD OPENING|BACKSIDE CLEAN|DEPOSIT BACKSIDE PROTECTION|BACKSIDE ANNEAL|FINAL CLEAN|FINAL THICKNESS MEASURE|FINAL GEOMETRY CHECK|FINAL OXIDE CHECK|FINAL PARTICLE INSPECTION|ELECTRICAL PARAMETRIC TEST|LEAKAGE TEST|PARAMETRIC TEST|SWITCHING TEST|WAFER SORT TEST|YIELD ANALYSIS|LOT|ELECTRICAL PARAMETRIC TEST|WAFER SORT TEST|YIELD ANALYSIS|LOT|WAFER SORT TEST|ELECTRICAL PARAMETRIC TEST|SWITCHING TEST|WAFER SORT TEST|YIELD ANALYSIS|LOT FINAL LOT FINAL LOT|PACKAGE PREPARATION|PACKAGE PREPARATION|COAT TEST|COAT TEST|WAFER SORT TEST|YIELD ANALYSIS|LOT FINAL LOT FINAL LOT|PACKAGE PREPARATION|COAT TEST|COAT TEST|WAFER SORT TEST|YIELD ANALYSIS|LOT FINAL LOT FINAL LOT|COAT TEST|COAT TEST|COAT TEST|COAT TEST|COAT TEST|WAFER SORT TEST|YIELD ANALYSIS|LOT FINAL LOT FINAL LOT|EXPOSE BAKE|COAT SORT TEST|DEVELOP YIELD ANALYSIS|VIA DEPOSIT
valid_ic_0060_f80,PAD WINDOW LITHO|DEVELOP PHOTORESIST|PASSIVATION ETCH|STRIP RESIST|CLEAN PAD OPENING|MEASURE PAD OPENING|BACKSIDE CLEAN|DEPOSIT BACKSIDE PROTECTION|BACKSIDE ANNEAL|FINAL CLEAN|FINAL THICKNESS MEASURE|FINAL GEOMETRY CHECK|FINAL OXIDE CHECK|FINAL PARTICLE INSPECTION|ELECTRICAL PARAMETRIC TEST|LEAKAGE TEST|PARAMETRIC TEST|SWITCHING TEST|WAFER SORT TEST|YIELD ANALYSIS|LOT|WAFER SORT TEST|ELECTRICAL TEST|SWITCHING TEST|WAFER SORT TEST|YIELD ANALYSIS|LOT|WAFER SORT TEST|ELECTRICAL PARAMETRIC TEST|SWITCHING TEST|WAFER SORT TEST|YIELD ANALYSIS|LOT FINAL LOT FINAL LOT|PACKAGE PREPARATION|COAT TEST|COAT TEST|COAT TEST|WAFER SORT TEST|YIELD ANALYSIS|LOT FINAL LOT FINAL LOT|COAT TEST|COAT TEST|COAT TEST|WAFER SORT TEST|YIELD ANALYSIS|LOT FINAL LOT|COAT TEST|COAT TEST|COAT TEST|ELECTRICAL YIELD ANALYSIS|WAFER SORT TEST|LOT YIELD ANALYSIS|WAFER ANALYSIS
valid_ic_0061_f60,CLEAN AFTER VIA ETCH|MEASURE VIA CD INSPECTION|DEPOSIT BARRIER METAL|DEPOSIT TUNGSTEN SEED|FILL VIA TUNGSTEN|CMP METAL|MEASURE VIA RESISTANCE|DEPOSIT TOP METAL|ANNEAL METAL|SPIN COAT PHOTORESIST|SOFT BAKE|ALIGN MASK LEVEL 4|EXPOSE LITHO LEVEL 4|DEVELOP PHOTORESIST|METAL PATTERN INSPECTION|METAL ETCH DRY|STRIP RESIST|CLEAN AFTER METAL ETCH|MEASURE LINE WIDTH|DEPOSIT PASSIVATION|CURE PASSIVATION|MEASURE PASSIVATION QUALITY|OPEN PAD WINDOW|PAD WINDOW LITHO|DEVELOP PHOTORESIST|PASSIVATION ETCH|STRIP RESIST|CLEAN PAD OPENING|MEASURE PAD OPENING|BACKSIDE CLEAN|DEPOSIT BACKSIDE PROTECTION|BACKSIDE ANNEAL|FINAL CLEAN|FINAL THICKNESS MEASURE|FINAL GEOMETRY CHECK|FINAL OXIDE CHECK|FINAL PARTICLE INSPECTION|ELECTRICAL PARAMETRIC TEST|LEAKAGE TEST|PARAMETRIC TEST|SWITCHING TEST|WAFER SORT TEST|YIELD ANALYSIS|LOT|WAFER SORT TEST|ELECTRICAL PARAMETRIC TEST|SWITCHING TEST|WAFER SORT TEST|YIELD ANALYSIS|LOT|ELECTRICAL PARAMETRIC TEST|WAFER SORT TEST|YIELD ANALYSIS|LOT FINAL LOT FINAL LOT|PACKAGE PREPARATION|COAT TEST|COAT TEST|WAFER SORT TEST|YIELD ANALYSIS|LOT FINAL WAFER SORT TEST|ELECTRICAL YIELD ANALYSIS|WAFER SORT TEST|LOT|COAT TEST|COAT TEST|WAFER SORT TEST|YIELD ANALYSIS|LOT FINAL LOT FINAL LOT|COAT TEST|COAT TEST|COAT TEST|WAFER SORT TEST|YIELD ANALYSIS|LOT|WAFER SORT TEST|ELECTRICAL YIELD ANALYSIS
valid_ic_0061_f80,PAD WINDOW LITHO|DEVELOP PHOTORESIST|PASSIVATION ETCH|STRIP RESIST|CLEAN PAD OPENING|MEASURE PAD OPENING|BACKSIDE CLEAN|DEPOSIT BACKSIDE PROTECTION|BACKSIDE ANNEAL|FINAL CLEAN|FINAL THICKNESS MEASURE|FINAL GEOMETRY CHECK|FINAL OXIDE CHECK|FINAL PARTICLE INSPECTION|ELECTRICAL PARAMETRIC TEST|LEAKAGE TEST|PARAMETRIC TEST|SWITCHING TEST|WAFER SORT TEST|YIELD ANALYSIS|LOT|WAFER SORT TEST|ELECTRICAL PARAMETRIC TEST|SWITCHING TEST|WAFER SORT TEST|YIELD ANALYSIS|LOT|WAFER SORT TEST|LOT|COAT TEST|COAT TEST|COAT TEST|BACKSIDE ANALYSIS|SWITCHING TEST|WAFER SORT TEST|YIELD ANALYSIS|LOT WAFER SORT TEST|ELECTRICAL YIELD ANALYSIS|WAFER SORT TEST|LOT FINAL YIELD ANALYSIS|WAFER SORT TEST|LOT FINAL LOT|COAT TEST|COAT TEST|COAT TEST|ELECTRICAL YIELD ANALYSIS|WAFER SORT TEST|LOT|ELECTRICAL YIELD ANALYSIS|WAFER SORT TEST|LOT WAFER ANALYSIS|EXPOSE BAKE|DEVELOP YIELD ANALYSIS
valid_ic_0062_f60,CLEAN AFTER VIA ETCH|MEASURE VIA CD INSPECTION|DEPOSIT BARRIER METAL|DEPOSIT TUNGSTEN SEED|FILL VIA TUNGSTEN|CMP METAL|MEASURE VIA RESISTANCE|DEPOSIT TOP METAL|ANNEAL METAL|SPIN COAT PHOTORESIST|SOFT BAKE|ALIGN MASK LEVEL 4|EXPOSE LITHO LEVEL 4|DEVELOP PHOTORESIST|METAL PATTERN INSPECTION|METAL ETCH DRY|STRIP RESIST|CLEAN AFTER METAL ETCH|MEASURE LINE WIDTH|DEPOSIT PASSIVATION|CURE PASSIVATION|MEASURE PASSIVATION QUALITY|OPEN PAD WINDOW|PAD WINDOW LITHO|DEVELOP PHOTORESIST|PASSIVATION ETCH|STRIP RESIST|CLEAN PAD OPENING|MEASURE PAD OPENING|BACKSIDE THINNING CHECK|BACKSIDE CLEAN|DEPOSIT BACKSIDE PROTECTION|BACKSIDE ANNEAL|FINAL CLEAN|FINAL THICKNESS MEASURE|FINAL GEOMETRY CHECK|FINAL OXIDE CHECK|FINAL PARTICLE INSPECTION|ELECTRICAL PARAMETRIC TEST|LEAKAGE TEST|PARAMETRIC TEST|SWITCHING TEST|WAFER SORT TEST|YIELD ANALYSIS|LOT|WAFER SORT TEST|ELECTRICAL TEST|SWITCHING TEST|WAFER SORT TEST|YIELD ANALYSIS|LOT|WAFER SORT TEST|LOT|ELECTRICAL ANALYSIS|COAT TEST|WAFER SORT TEST|YIELD ANALYSIS|LOT FINAL LOT FINAL LOT|WAFER SORT TEST|YIELD ANALYSIS|LOT FINAL LOT FINAL LOT|WAFER SORT TEST|YIELD ANALYSIS|LOT FINAL LOT FINAL LOT|WAFER SORT TEST|ELECTRICAL YIELD ANALYSIS|WAFER SORT TEST|LOT FINAL LOT FINAL LOT|COAT TEST|COAT TEST|COAT TEST|SWITCHING TEST|WAFER SORT TEST|YIELD ANALYSIS|LOT FINAL LOT FINAL LOT|DENSIFY TEST
valid_ic_0062_f80,PAD WINDOW LITHO|DEVELOP PHOTORESIST|PASSIVATION ETCH|STRIP RESIST|CLEAN PAD OPENING|MEASURE PAD OPENING|BACKSIDE CLEAN|DEPOSIT BACKSIDE PROTECTION|BACKSIDE ANNEAL|FINAL CLEAN|FINAL THICKNESS MEASURE|FINAL GEOMETRY CHECK|FINAL OXIDE CHECK|FINAL PARTICLE INSPECTION|ELECTRICAL PARAMETRIC TEST|LEAKAGE TEST|PARAMETRIC TEST|SWITCHING TEST|WAFER SORT TEST|YIELD ANALYSIS|LOT|ELECTRICAL PARAMETRIC TEST|WAFER SORT TEST|LOT|YIELD ANALYSIS|WAFER SORT TEST|LOT|ELECTRICAL PARAMETRIC TEST|WAFER SORT TEST|YIELD ANALYSIS|LOT FINAL LOT FINAL LOT|PACKAGE PREPARATION|COAT TEST|COAT TEST|WAFER SORT TEST|YIELD ANALYSIS|LOT FINAL LOT FINAL LOT|COAT TEST|COAT TEST|COAT TEST|WAFER SORT TEST|YIELD ANALYSIS|LOT FINAL LOT FINAL LOT|COAT TEST|COAT TEST|COAT TEST|WAFER SORT TEST|YIELD ANALYSIS|LOT FINAL LOT|PACKAGE PREPARATION|COAT TEST|ELECTRICAL YIELD ANALYSIS|WAFER SORT TEST
valid_ic_0063_f60,CLEAN AFTER VIA ETCH|MEASURE VIA CD INSPECTION|DEPOSIT BARRIER METAL|DEPOSIT TUNGSTEN SEED|FILL VIA TUNGSTEN|CMP METAL|MEASURE VIA RESISTANCE|DEPOSIT TOP METAL|ANNEAL METAL|SPIN COAT PHOTORESIST|SOFT BAKE|ALIGN MASK LEVEL 4|EXPOSE LITHO LEVEL 4|DEVELOP PHOTORESIST|METAL PATTERN INSPECTION|METAL ETCH DRY|STRIP RESIST|CLEAN AFTER METAL ETCH|MEASURE LINE WIDTH|DEPOSIT PASSIVATION|CURE PASSIVATION|MEASURE PASSIVATION QUALITY|OPEN PAD WINDOW|PAD WINDOW LITHO|DEVELOP PHOTORESIST|PASSIVATION ETCH|STRIP RESIST|CLEAN PAD OPENING|MEASURE PAD OPENING|BACKSIDE CLEAN|DEPOSIT BACKSIDE PROTECTION|BACKSIDE ANNEAL|FINAL CLEAN|FINAL THICKNESS MEASURE|FINAL GEOMETRY CHECK|FINAL OXIDE CHECK|FINAL PARTICLE INSPECTION|ELECTRICAL PARAMETRIC TEST|LEAKAGE TEST|PARAMETRIC TEST|SWITCHING TEST|WAFER SORT TEST|YIELD ANALYSIS|LOT|WAFER SORT TEST|ELECTRICAL TEST|SWITCHING TEST|WAFER SORT TEST|YIELD ANALYSIS|LOT|WAFER SORT TEST|LOT|ELECTRICAL PARAMETRIC TEST|COAT TEST|WAFER SORT TEST|YIELD ANALYSIS|LOT|WAFER SORT TEST|WAFER SORT TEST|YIELD ANALYSIS|LOT FINAL LOT|COAT TEST|COAT TEST|COAT TEST|COAT TEST|COAT TEST|WAFER SORT TEST|YIELD ANALYSIS|LOT FINAL WAFER SORT TEST|ELECTRICAL YIELD ANALYSIS|WAFER SORT TEST|LOT FINAL LOT WAFER ANALYSIS|ELECTRICAL YIELD ANALYSIS|WAFER SORT TEST|LOT FINAL LOT WAFER ANALYSIS|ELECTRICAL YIELD ANALYSIS
valid_ic_0063_f80,PAD WINDOW LITHO|DEVELOP PHOTORESIST|PASSIVATION ETCH|STRIP RESIST|CLEAN PAD OPENING|MEASURE PAD OPENING|BACKSIDE CLEAN|DEPOSIT BACKSIDE PROTECTION|BACKSIDE ANNEAL|FINAL CLEAN|FINAL THICKNESS MEASURE|FINAL GEOMETRY CHECK|FINAL OXIDE CHECK|FINAL PARTICLE INSPECTION|ELECTRICAL PARAMETRIC TEST|LEAKAGE TEST|PARAMETRIC TEST|SWITCHING TEST|WAFER SORT TEST|YIELD ANALYSIS|LOT|WAFER SORT TEST|ELECTRICAL TEST|SWITCHING TEST|WAFER SORT TEST|YIELD ANALYSIS|LOT|WAFER SORT TEST|LOT|ELECTRICAL PARAMETRIC TEST|WAFER SORT TEST|YIELD ANALYSIS|LOT FINAL LOT FINAL LOT|PACKAGE PREPARATION|COAT TEST|COAT TEST|WAFER SORT TEST|YIELD ANALYSIS|LOT FINAL LOT FINAL LOT|COAT TEST|COAT TEST|COAT TEST|WAFER SORT TEST|YIELD ANALYSIS|LOT FINAL LOT FINAL LOT|COAT TEST|COAT TEST|COAT TEST|COAT TEST|WAFER SORT TEST|YIELD ANALYSIS|LOT FINAL LOT LOT LOT|DENSIFY TEST
valid_ic_0064_f60,VIA ETCH|STRIP RESIST|CLEAN AFTER VIA ETCH|MEASURE VIA CD INSPECTION|DEPOSIT BARRIER METAL|DEPOSIT TUNGSTEN SEED|FILL VIA TUNGSTEN|CMP METAL|MEASURE VIA RESISTANCE|DEPOSIT TOP METAL|ANNEAL METAL|SPIN COAT PHOTORESIST|SOFT BAKE|ALIGN MASK LEVEL 4|EXPOSE LITHO LEVEL 4|DEVELOP PHOTORESIST|METAL PATTERN INSPECTION|METAL ETCH DRY|STRIP RESIST|CLEAN AFTER METAL ETCH|MEASURE LINE WIDTH|DEPOSIT PASSIVATION|CURE PASSIVATION|MEASURE PASSIVATION QUALITY|OPEN PAD WINDOW|PAD WINDOW LITHO|DEVELOP PHOTORESIST|PASSIVATION ETCH|STRIP RESIST|CLEAN PAD OPENING|MEASURE PAD OPENING|BACKSIDE CLEAN|DEPOSIT BACKSIDE PROTECTION|BACKSIDE ANNEAL|FINAL CLEAN|FINAL THICKNESS MEASURE|FINAL GEOMETRY CHECK|FINAL OXIDE CHECK|FINAL PARTICLE INSPECTION|ELECTRICAL PARAMETRIC TEST|LEAKAGE TEST|PARAMETRIC TEST|SWITCHING TEST|WAFER SORT TEST|YIELD ANALYSIS|LOT|WAFER SORT TEST|PAD OPENING|ELECTRICAL PARAMETRIC TEST|SWITCHING TEST|WAFER SORT TEST|YIELD ANALYSIS|LOT|COAT|PACKAGE PREPARATION|COAT TEST|COAT TEST|BACKSIDE ANALYSIS|BACKSIDE ANNEAL|WAFER SORT TEST|YIELD ANALYSIS|LOT FINAL LOT FINAL LOT|WAFER SORT TEST|YIELD ANALYSIS|LOT FINAL LOT FINAL LOT|COAT TEST|COAT TEST|COAT TEST|WAFER SORT TEST|YIELD ANALYSIS|LOT FINAL LOT FINAL LOT|COAT TEST|COAT TEST|COAT TEST|COAT TEST|COAT TEST
valid_ic_0064_f80,MEASURE PASSIVATION THICKNESS|OPEN PAD WINDOW|PAD WINDOW LITHO|DEVELOP PHOTORESIST|PASSIVATION ETCH|STRIP RESIST|CLEAN PAD OPENING|MEASURE PAD OPENING|BACKSIDE THINNING CHECK|BACKSIDE CLEAN|DEPOSIT BACKSIDE PROTECTION|BACKSIDE ANNEAL|FINAL CLEAN|FINAL THICKNESS MEASURE|FINAL GEOMETRY CHECK|FINAL PARTICLE INSPECTION|ELECTRICAL PARAMETRIC TEST|LEAKAGE TEST|PARAMETRIC TEST|SWITCHING TEST|WAFER SORT TEST|YIELD ANALYSIS|LOT|WAFER SORT TEST|ELECTRICAL PARAMETRIC TEST|SWITCHING TEST|WAFER SORT TEST|YIELD ANALYSIS|LOT|WAFER SORT TEST|ELECTRICAL PARAMETRIC TEST|SWITCHING TEST|WAFER SORT TEST|YIELD ANALYSIS|LOT FINAL LOT FINAL LOT|PACKAGE PREPARATION|COAT TEST|COAT TEST|COAT TEST|WAFER SORT TEST|YIELD ANALYSIS|LOT FINAL LOT FINAL LOT|COAT TEST|COAT TEST|COAT TEST|COAT TEST|ELECTRICAL YIELD ANALYSIS|WAFER SORT TEST|LOT WAFER SORT TEST|ELECTRICAL YIELD ANALYSIS|WAFER SORT TEST|LOT LOT FINAL YIELD ANALYSIS|WAFER SORT TEST
valid_ic_0065_f60,CLEAN AFTER VIA ETCH|MEASURE VIA CD INSPECTION|DEPOSIT BARRIER METAL|DEPOSIT TUNGSTEN SEED|FILL VIA TUNGSTEN|CMP METAL|MEASURE VIA RESISTANCE|DEPOSIT TOP METAL|ANNEAL METAL|SPIN COAT PHOTORESIST|SOFT BAKE|ALIGN MASK LEVEL 4|EXPOSE LITHO LEVEL 4|DEVELOP PHOTORESIST|METAL PATTERN INSPECTION|METAL ETCH DRY|STRIP RESIST|CLEAN AFTER METAL ETCH|MEASURE LINE WIDTH|DEPOSIT PASSIVATION|CURE PASSIVATION|MEASURE PASSIVATION THICKNESS|OPEN PAD WINDOW|PAD WINDOW LITHO|DEVELOP PHOTORESIST|PASSIVATION ETCH|STRIP RESIST|CLEAN PAD OPENING|MEASURE PAD OPENING|BACKSIDE CLEAN|DEPOSIT BACKSIDE PROTECTION|BACKSIDE ANNEAL|FINAL CLEAN|FINAL THICKNESS MEASURE|FINAL GEOMETRY CHECK|FINAL OXIDE CHECK|FINAL PARTICLE INSPECTION|ELECTRICAL PARAMETRIC TEST|LEAKAGE TEST|PARAMETRIC TEST|SWITCHING TEST|WAFER SORT TEST|YIELD ANALYSIS|LOT|WAFER SORT TEST|ELECTRICAL PARAMETRIC TEST|SWITCHING TEST|WAFER SORT TEST|YIELD ANALYSIS|LOT|WAFER SORT TEST|LOT|COAT TEST|COAT|COAT TEST|BACKSIDE ANALYSIS|WAFER SORT TEST|YIELD ANALYSIS|LOT FINAL LOT FINAL LOT|WAFER SORT TEST|ELECTRICAL YIELD ANALYSIS|WAFER SORT TEST|LOT FINAL YIELD ANALYSIS|WAFER SORT TEST|LOT|ELECTRICAL YIELD ANALYSIS|WAFER SORT TEST|LOT FINAL YIELD ANALYSIS|WAFER SORT TEST|LOT WAFER SORT TEST|ELECTRICAL YIELD ANALYSIS|WAFER SORT TEST|LOT LOT FINAL YIELD ANALYSIS|WAFER ANALYSIS|LOT YIELD ANALYSIS
valid_ic_0065_f80,PAD WINDOW LITHO|DEVELOP PHOTORESIST|PASSIVATION ETCH|STRIP RESIST|CLEAN PAD OPENING|MEASURE PAD OPENING|BACKSIDE CLEAN|DEPOSIT BACKSIDE PROTECTION|BACKSIDE ANNEAL|FINAL CLEAN|FINAL THICKNESS MEASURE|FINAL GEOMETRY CHECK|FINAL OXIDE CHECK|FINAL PARTICLE INSPECTION|ELECTRICAL PARAMETRIC TEST|LEAKAGE TEST|PARAMETRIC TEST|SWITCHING TEST|WAFER SORT TEST|YIELD ANALYSIS|LOT|WAFER SORT TEST|ELECTRICAL PARAMETRIC TEST|SWITCHING TEST|WAFER SORT TEST|YIELD ANALYSIS|LOT|WAFER SORT TEST|LOT|ELECTRICAL PARAMETRIC TEST|COAT|WAFER SORT TEST|YIELD ANALYSIS|LOT|WAFER SORT TEST|WAFER SORT TEST|YIELD ANALYSIS|LOT FINAL LOT|PACKAGE PREPARATION|COAT TEST|COAT TEST|WAFER SORT TEST|YIELD ANALYSIS|LOT|WAFER SORT TEST|ELECTRICAL YIELD ANALYSIS|WAFER SORT TEST|LOT WAFER SORT TEST|ELECTRICAL YIELD ANALYSIS|WAFER SORT TEST|LOT FINAL YIELD ANALYSIS|WAFER ANALYSIS
valid_ic_0066_f60,STRIP RESIST|CLEAN AFTER VIA ETCH|MEASURE VIA CD INSPECTION|DEPOSIT BARRIER METAL|DEPOSIT TUNGSTEN SEED|FILL VIA TUNGSTEN|CMP METAL|MEASURE VIA RESISTANCE|DEPOSIT METAL 1|ANNEAL METAL|SPIN COAT PHOTORESIST|SOFT BAKE|ALIGN MASK LEVEL 4|EXPOSE LITHO LEVEL 4|DEVELOP PHOTORESIST|METAL PATTERN INSPECTION|METAL ETCH DRY|STRIP RESIST|CLEAN AFTER METAL ETCH|MEASURE LINE WIDTH|DEPOSIT PASSIVATION|CURE PASSIVATION|MEASURE PASSIVATION QUALITY|OPEN PAD WINDOW|PAD WINDOW LITHO|DEVELOP PHOTORESIST|PASSIVATION ETCH|STRIP RESIST|CLEAN PAD OPENING|MEASURE PAD OPENING|BACKSIDE CLEAN|DEPOSIT BACKSIDE PROTECTION|BACKSIDE ANNEAL|FINAL CLEAN|FINAL THICKNESS MEASURE|FINAL GEOMETRY CHECK|FINAL OXIDE CHECK|FINAL PARTICLE INSPECTION|ELECTRICAL PARAMETRIC TEST|LEAKAGE TEST|PARAMETRIC TEST|SWITCHING TEST|WAFER SORT TEST|YIELD ANALYSIS|LOT|ELECTRICAL PARAMETRIC TEST|WAFER SORT TEST|ELECTRICAL PARAMETRIC TEST|SWITCHING TEST|WAFER SORT TEST|YIELD ANALYSIS|LOT|WAFER SORT TEST|ELECTRICAL PARAMETRIC TEST|SWITCHING TEST|WAFER SORT TEST|YIELD ANALYSIS|LOT FINAL LOT FINAL LOT|PACKAGE PREPARATION|COAT TEST|COAT TEST|SWITCHING TEST|WAFER SORT TEST|YIELD ANALYSIS|LOT WAFER SORT TEST|WAFER SORT TEST|ELECTRICAL YIELD ANALYSIS|WAFER SORT TEST|LOT WAFER SORT TEST|YIELD ANALYSIS|LOT WAFER SORT TEST|ELECTRICAL YIELD ANALYSIS|WAFER ANALYSIS|LOT WAFER ANALYSIS
valid_ic_0066_f80,OPEN PAD WINDOW LITHO|DEVELOP PAD WINDOW|PASSIVATION ETCH|STRIP RESIST|CLEAN PAD OPENING|MEASURE PAD OPENING|BACKSIDE CLEAN|DEPOSIT BACKSIDE PROTECTION|BACKSIDE ANNEAL|FINAL CLEAN|FINAL THICKNESS MEASURE|FINAL GEOMETRY CHECK|FINAL OXIDE CHECK|FINAL PARTICLE INSPECTION|ELECTRICAL PARAMETRIC TEST|LEAKAGE TEST|PARAMETRIC TEST|SWITCHING TEST|WAFER SORT TEST|YIELD ANALYSIS|LOT|ELECTRICAL PARAMETRIC TEST|WAFER SORT TEST|YIELD ANALYSIS|LOT|WAFER SORT TEST|ELECTRICAL PARAMETRIC TEST|SWITCHING TEST|WAFER SORT TEST|YIELD ANALYSIS|LOT FINAL LOT FINAL LOT|PACKAGE PREPARATION|PACKAGE PREPARATION|COAT|WAFER SORT TEST|YIELD ANALYSIS|LOT FINAL LOT FINAL LOT|WAFER SORT TEST|YIELD ANALYSIS|LOT FINAL LOT FINAL LOT|WAFER SORT TEST|YIELD ANALYSIS|LOT FINAL LOT FINAL LOT|COAT TEST|COAT TEST|COAT TEST|COAT TEST|WAFER SORT TEST|YIELD ANALYSIS|LOT WAFER SORT TEST|WAFER SORT TEST|ELECTRICAL YIELD ANALYSIS
valid_ic_0067_f60,STRIP RESIST|CLEAN AFTER VIA ETCH|MEASURE VIA CD INSPECTION|DEPOSIT BARRIER METAL|DEPOSIT TUNGSTEN SEED|FILL VIA TUNGSTEN|CMP METAL|MEASURE VIA RESISTANCE|DEPOSIT METAL 1|ANNEAL METAL|SPIN COAT PHOTORESIST|SOFT BAKE|ALIGN MASK LEVEL 4|EXPOSE LITHO LEVEL 4|DEVELOP PHOTORESIST|METAL PATTERN INSPECTION|METAL ETCH DRY|STRIP RESIST|CLEAN AFTER METAL ETCH|MEASURE LINE WIDTH|DEPOSIT PASSIVATION|CURE PASSIVATION|MEASURE PASSIVATION THICKNESS|OPEN PAD WINDOW|PAD WINDOW LITHO|DEVELOP PHOTORESIST|PASSIVATION ETCH|STRIP RESIST|CLEAN PAD OPENING|MEASURE PAD OPENING|BACKSIDE CLEAN|DEPOSIT BACKSIDE PROTECTION|BACKSIDE ANNEAL|FINAL CLEAN|FINAL THICKNESS MEASURE|FINAL GEOMETRY CHECK|FINAL OXIDE CHECK|FINAL PARTICLE INSPECTION|ELECTRICAL PARAMETRIC TEST|LEAKAGE TEST|PARAMETRIC TEST|SWITCHING TEST|WAFER SORT TEST|YIELD ANALYSIS|LOT|WAFER SORT TEST|ELECTRICAL PARAMETRIC TEST|SWITCHING TEST|WAFER SORT TEST|YIELD ANALYSIS|LOT|WAFER SORT TEST|LOT|COAT TEST|COAT TEST|COAT TEST|WAFER SORT TEST|YIELD ANALYSIS|LOT FINAL LOT FINAL LOT|PACKAGE PREPARATION|COAT TEST|COAT TEST|SWITCHING TEST|WAFER SORT TEST|YIELD ANALYSIS|LOT|WAFER SORT TEST|ELECTRICAL YIELD ANALYSIS|WAFER SORT TEST|LOT FINAL YIELD ANALYSIS|WAFER SORT TEST|LOT WAFER SORT TEST|ELECTRICAL YIELD ANALYSIS|WAFER SORT TEST
valid_ic_0067_f80,OPEN PAD WINDOW|PAD WINDOW LITHO|DEVELOP PHOTORESIST|PASSIVATION ETCH|STRIP RESIST|CLEAN PAD OPENING|MEASURE PAD OPENING|BACKSIDE CLEAN|DEPOSIT BACKSIDE PROTECTION|BACKSIDE ANNEAL|FINAL CLEAN|FINAL THICKNESS MEASURE|FINAL GEOMETRY CHECK|FINAL OXIDE CHECK|FINAL PARTICLE INSPECTION|ELECTRICAL PARAMETRIC TEST|LEAKAGE TEST|PARAMETRIC TEST|SWITCHING TEST|WAFER SORT TEST|YIELD ANALYSIS|LOT|ELECTRICAL PARAMETRIC TEST|WAFER SORT TEST|LOT|ELECTRICAL PARAMETRIC TEST|COAT|WAFER SORT TEST|YIELD ANALYSIS|LOT|WAFER SORT TEST|ELECTRICAL PARAMETRIC TEST|SWITCHING TEST|WAFER SORT TEST|YIELD ANALYSIS|LOT FINAL LOT FINAL LOT|PACKAGE PREPARATION|COAT TEST|COAT TEST|SWITCHING TEST|WAFER SORT TEST|YIELD ANALYSIS|LOT FINAL LOT FINAL LOT|COAT TEST|COAT TEST|COAT TEST|COAT TEST|WAFER SORT TEST|YIELD ANALYSIS|LOT WAFER SORT TEST|ELECTRICAL YIELD ANALYSIS|WAFER SORT TEST
valid_ic_0068_f60,STRIP RESIST|CLEAN AFTER VIA ETCH|MEASURE VIA CD INSPECTION|DEPOSIT BARRIER METAL|DEPOSIT TUNGSTEN SEED|FILL VIA TUNGSTEN|CMP METAL|MEASURE VIA RESISTANCE|DEPOSIT TOP METAL|ANNEAL METAL|SPIN COAT PHOTORESIST|SOFT BAKE|ALIGN MASK LEVEL 4|EXPOSE LITHO LEVEL 4|DEVELOP PHOTORESIST|METAL PATTERN INSPECTION|METAL ETCH DRY|STRIP RESIST|CLEAN AFTER METAL ETCH|MEASURE LINE WIDTH|DEPOSIT PASSIVATION|CURE PASSIVATION|MEASURE PASSIVATION QUALITY|OPEN PAD WINDOW|PAD WINDOW LITHO|DEVELOP PHOTORESIST|PASSIVATION ETCH|STRIP RESIST|CLEAN PAD OPENING|MEASURE PAD OPENING|BACKSIDE CLEAN|DEPOSIT BACKSIDE PROTECTION|BACKSIDE ANNEAL|FINAL CLEAN|FINAL THICKNESS MEASURE|FINAL GEOMETRY CHECK|FINAL OXIDE CHECK|FINAL PARTICLE INSPECTION|ELECTRICAL PARAMETRIC TEST|LEAKAGE TEST|PARAMETRIC TEST|SWITCHING TEST|WAFER SORT TEST|YIELD ANALYSIS|LOT|WAFER SORT TEST|ELECTRICAL PARAMETRIC TEST|SWITCHING TEST|WAFER SORT TEST|YIELD ANALYSIS|LOT|ELECTRICAL PARAMETRIC TEST|WAFER SORT TEST|YIELD ANALYSIS|LOT FINAL LOT FINAL LOT|PACKAGE PREPARATION|COAT TEST|COAT TEST|WAFER SORT TEST|YIELD ANALYSIS|LOT WAFER SORT TEST|WAFER SORT TEST|ELECTRICAL YIELD ANALYSIS|WAFER SORT TEST|LOT WAFER SORT TEST|ELECTRICAL YIELD ANALYSIS|WAFER SORT TEST|LOT FINAL LOT FINAL LOT|COAT TEST|COAT TEST|COAT TEST|WAFER SORT TEST|YIELD ANALYSIS|LOT WAFER ANALYSIS|ELECTRICAL YIELD ANALYSIS|WAFER SORT TEST YIELD ANALYSIS
valid_ic_0068_f80,OPEN PAD WINDOW|PAD WINDOW LITHO|DEVELOP PHOTORESIST|PASSIVATION ETCH|STRIP RESIST|CLEAN PAD OPENING|MEASURE PAD OPENING|BACKSIDE CLEAN|DEPOSIT BACKSIDE PROTECTION|BACKSIDE ANNEAL|FINAL CLEAN|FINAL THICKNESS MEASURE|FINAL GEOMETRY CHECK|FINAL OXIDE CHECK|FINAL PARTICLE INSPECTION|ELECTRICAL PARAMETRIC TEST|LEAKAGE TEST|PARAMETRIC TEST|SWITCHING TEST|WAFER SORT TEST|YIELD ANALYSIS|LOT|WAFER SORT TEST|ELECTRICAL TEST|SWITCHING TEST|WAFER SORT TEST|YIELD ANALYSIS|LOT|WAFER SORT TEST|ELECTRICAL PARAMETRIC TEST|WAFER SORT TEST|YIELD ANALYSIS|LOT FINAL LOT FINAL LOT|PACKAGE PREPARATION|COAT TEST|COAT TEST|WAFER SORT TEST|YIELD ANALYSIS|LOT FINAL LOT FINAL LOT|COAT TEST|COAT TEST|COAT TEST|WAFER SORT TEST|YIELD ANALYSIS|LOT FINAL LOT FINAL LOT|COAT TEST|COAT TEST|COAT TEST|WAFER SORT TEST|YIELD ANALYSIS|LOT|WAFER SORT TEST|ELECTRICAL YIELD ANALYSIS
valid_ic_0069_f60,CLEAN AFTER VIA ETCH|MEASURE VIA CD INSPECTION|DEPOSIT BARRIER METAL|DEPOSIT TUNGSTEN SEED|FILL VIA TUNGSTEN|CMP METAL|MEASURE VIA RESISTANCE|DEPOSIT TOP METAL|ANNEAL METAL|SPIN COAT PHOTORESIST|SOFT BAKE|ALIGN MASK LEVEL 4|EXPOSE LITHO LEVEL 4|DEVELOP PHOTORESIST|METAL PATTERN INSPECTION|METAL ETCH DRY|STRIP RESIST|CLEAN AFTER METAL ETCH|MEASURE LINE WIDTH|DEPOSIT PASSIVATION|CURE PASSIVATION|MEASURE PASSIVATION THICKNESS|OPEN PAD WINDOW|PAD WINDOW LITHO|DEVELOP PHOTORESIST|PASSIVATION ETCH|STRIP RESIST|CLEAN PAD OPENING|MEASURE PAD OPENING|BACKSIDE CLEAN|DEPOSIT BACKSIDE PROTECTION|BACKSIDE ANNEAL|FINAL CLEAN|FINAL THICKNESS MEASURE|FINAL GEOMETRY CHECK|FINAL OXIDE CHECK|FINAL PARTICLE INSPECTION|ELECTRICAL PARAMETRIC TEST|LEAKAGE TEST|PARAMETRIC TEST|SWITCHING TEST|WAFER SORT TEST|YIELD ANALYSIS|LOT|ELECTRICAL PARAMETRIC TEST|WAFER SORT TEST|LOT|ELECTRICAL PARAMETRIC TEST|COAT|ELECTRICAL PARAMETRIC TEST|SWITCHING TEST|WAFER SORT TEST|YIELD ANALYSIS|LOT FINAL LOT FINAL LOT|PACKAGE PREPARATION|COAT TEST|COAT TEST|WAFER SORT TEST|YIELD ANALYSIS|LOT FINAL LOT FINAL LOT|WAFER SORT TEST|COAT TEST|YIELD ANALYSIS|LOT FINAL LOT FINAL LOT|WAFER SORT TEST|YIELD ANALYSIS|LOT FINAL LOT FINAL LOT|COAT TEST|COAT TEST|COAT TEST|COAT TEST|WAFER SORT TEST|YIELD ANALYSIS|LOT|WAFER SORT TEST|ELECTRICAL YIELD ANALYSIS
valid_ic_0069_f80,OPEN PAD WINDOW|PAD WINDOW LITHO|DEVELOP PHOTORESIST|PASSIVATION ETCH|STRIP RESIST|CLEAN PAD OPENING|MEASURE PAD OPENING|BACKSIDE CLEAN|DEPOSIT BACKSIDE PROTECTION|BACKSIDE ANNEAL|FINAL CLEAN|FINAL THICKNESS MEASURE|FINAL GEOMETRY CHECK|FINAL OXIDE CHECK|FINAL PARTICLE INSPECTION|ELECTRICAL PARAMETRIC TEST|LEAKAGE TEST|PARAMETRIC TEST|SWITCHING TEST|WAFER SORT TEST|YIELD ANALYSIS|LOT|WAFER SORT TEST|ELECTRICAL TEST|SWITCHING TEST|WAFER SORT TEST|YIELD ANALYSIS|LOT|WAFER SORT TEST|LOT|COAT TEST|COAT TEST|COAT TEST|WAFER SORT TEST|YIELD ANALYSIS|LOT FINAL LOT FINAL LOT|PACKAGE PREPARATION|COAT TEST|COAT TEST|SWITCHING TEST|WAFER SORT TEST|YIELD ANALYSIS|LOT|WAFER SORT TEST|ELECTRICAL YIELD ANALYSIS|WAFER SORT TEST|LOT FINAL YIELD ANALYSIS|WAFER SORT TEST|LOT WAFER SORT TEST|ELECTRICAL YIELD ANALYSIS|WAFER SORT TEST|LOT WAFER ANALYSIS|ELECTRICAL YIELD ANALYSIS
valid_ic_0070_f60,DEPOSIT BARRIER METAL|DEPOSIT TUNGSTEN SEED|FILL VIA TUNGSTEN|CMP METAL|MEASURE VIA RESISTANCE|DEPOSIT TOP METAL|ANNEAL METAL|SPIN COAT PHOTORESIST|SOFT BAKE|ALIGN MASK LEVEL 4|EXPOSE BAKE|DEVELOP PHOTORESIST|METAL PATTERN INSPECTION|HARD BAKE|VIA ETCH DRY|STRIP RESIST|CLEAN AFTER METAL ETCH|MEASURE LINE WIDTH|DEPOSIT PASSIVATION|CURE PASSIVATION|MEASURE PASSIVATION THICKNESS|OPEN PAD WINDOW|PAD WINDOW LITHO|DEVELOP PHOTORESIST|PASSIVATION ETCH|STRIP RESIST|CLEAN PAD OPENING|MEASURE PAD OPENING|BACKSIDE CLEAN|DEPOSIT BACKSIDE PROTECTION|BACKSIDE ANNEAL|FINAL CLEAN|FINAL THICKNESS MEASURE|FINAL GEOMETRY CHECK|FINAL OXIDE CHECK|FINAL PARTICLE INSPECTION|ELECTRICAL PARAMETRIC TEST|LEAKAGE TEST|PARAMETRIC TEST|SWITCHING TEST|WAFER SORT TEST|YIELD ANALYSIS|LOT|ELECTRICAL PARAMETRIC TEST|WAFER SORT TEST|ELECTRICAL PARAMETRIC TEST|SWITCHING TEST|WAFER SORT TEST|YIELD ANALYSIS|LOT|WAFER SORT TEST|ELECTRICAL PARAMETRIC TEST|DEPOSIT WAFER SORT TEST|YIELD ANALYSIS|LOT|WAFER SORT TEST|ELECTRICAL YIELD ANALYSIS|WAFER SORT TEST|LOT WAFER SORT TEST|ELECTRICAL YIELD ANALYSIS|WAFER SORT TEST|LOT WAFER SORT TEST|ELECTRICAL YIELD ANALYSIS|WAFER SORT TEST|LOT FINAL YIELD ANALYSIS|WAFER SORT TEST|LOT WAFER SORT TEST|ELECTRICAL YIELD ANALYSIS|WAFER SORT TEST|LOT WAFER ANALYSIS|ELECTRICAL YIELD ANALYSIS|WAFER ANALYSIS|LOT WAFER ANALYSIS|ELECTRICAL YIELD ANALYSIS|WAFER ANALYSIS|DIELECTRIC BAKE
valid_ic_0070_f80,PASSIVATION ETCH|STRIP RESIST|CLEAN PAD OPENING|MEASURE PAD OPENING|BACKSIDE CLEAN|DEPOSIT BACKSIDE PROTECTION|BACKSIDE ANNEAL|FINAL CLEAN|FINAL THICKNESS MEASURE|FINAL GEOMETRY CHECK|FINAL OXIDE CHECK|FINAL PARTICLE INSPECTION|ELECTRICAL PARAMETRIC TEST|LEAKAGE TEST|PARAMETRIC TEST|SWITCHING TEST|WAFER SORT TEST|YIELD ANALYSIS|LOT|WAFER SORT TEST|ELECTRICAL PARAMETRIC TEST|SWITCHING TEST|WAFER SORT TEST|YIELD ANALYSIS|LOT|WAFER SORT TEST|ELECTRICAL PARAMETRIC TEST|WAFER SORT TEST|YIELD ANALYSIS|LOT FINAL LOT FINAL LOT|PACKAGE PREPARATION|COAT TEST|COAT TEST|WAFER SORT TEST|YIELD ANALYSIS|LOT FINAL LOT FINAL LOT|WAFER SORT TEST|ELECTRICAL YIELD ANALYSIS|WAFER SORT TEST|LOT FINAL YIELD ANALYSIS|WAFER SORT TEST|LOT FINAL LOT|COAT TEST|COAT TEST|WAFER SORT TEST|YIELD ANALYSIS|LOT LOT LOT FINAL LOT|PACKAGE PREPARATION|ELECTRICAL YIELD ANALYSIS|WAFER SORT TEST|LOT FINAL YIELD ANALYSIS|DIELECTRIC BAKE|DIELECTRIC BAKE
valid_ic_0071_f60,STRIP RESIST|CLEAN AFTER VIA ETCH|MEASURE VIA CD INSPECTION|DEPOSIT BARRIER METAL|DEPOSIT TUNGSTEN SEED|FILL VIA TUNGSTEN|CMP METAL|MEASURE VIA RESISTANCE|DEPOSIT TOP METAL|ANNEAL METAL|SPIN COAT PHOTORESIST|SOFT BAKE|ALIGN MASK LEVEL 4|EXPOSE LITHO LEVEL 4|DEVELOP PHOTORESIST|METAL PATTERN INSPECTION|METAL ETCH DRY|STRIP RESIST|CLEAN AFTER METAL ETCH|MEASURE LINE WIDTH|DEPOSIT PASSIVATION|CURE PASSIVATION|MEASURE PASSIVATION THICKNESS|OPEN PAD WINDOW|PAD WINDOW LITHO|DEVELOP PHOTORESIST|PASSIVATION ETCH|STRIP RESIST|CLEAN PAD OPENING|MEASURE PAD OPENING|BACKSIDE CLEAN|DEPOSIT BACKSIDE PROTECTION|BACKSIDE ANNEAL|FINAL CLEAN|FINAL THICKNESS MEASURE|FINAL GEOMETRY CHECK|FINAL OXIDE CHECK|FINAL PARTICLE INSPECTION|ELECTRICAL PARAMETRIC TEST|LEAKAGE TEST|PARAMETRIC TEST|SWITCHING TEST|WAFER SORT TEST|YIELD ANALYSIS|LOT|WAFER SORT TEST|ELECTRICAL PARAMETRIC TEST|SWITCHING TEST|WAFER SORT TEST|YIELD ANALYSIS|LOT|WAFER SORT TEST|ELECTRICAL PARAMETRIC TEST|WAFER SORT TEST|YIELD ANALYSIS|LOT FINAL LOT FINAL LOT|PACKAGE PREPARATION|PACKAGE PREPARATION|COAT TEST|WAFER SORT TEST|YIELD ANALYSIS|LOT FINAL LOT FINAL LOT|WAFER SORT TEST|COAT TEST|YIELD ANALYSIS|LOT FINAL LOT FINAL LOT|COAT TEST|COAT TEST|COAT TEST|COAT TEST|WAFER SORT TEST|YIELD ANALYSIS|LOT YIELD ANALYSIS|WAFER SORT TEST
valid_ic_0071_f80,OPEN PAD WINDOW|PAD WINDOW LITHO|DEVELOP PHOTORESIST|PASSIVATION ETCH|STRIP RESIST|CLEAN PAD OPENING|MEASURE PAD OPENING|BACKSIDE CLEAN|DEPOSIT BACKSIDE PROTECTION|BACKSIDE ANNEAL|FINAL CLEAN|FINAL THICKNESS MEASURE|FINAL GEOMETRY CHECK|FINAL OXIDE CHECK|FINAL PARTICLE INSPECTION|ELECTRICAL PARAMETRIC TEST|LEAKAGE TEST|PARAMETRIC TEST|SWITCHING TEST|WAFER SORT TEST|YIELD ANALYSIS|LOT|WAFER SORT TEST|ELECTRICAL PARAMETRIC TEST|SWITCHING TEST|WAFER SORT TEST|YIELD ANALYSIS|LOT|WAFER SORT TEST|ELECTRICAL PARAMETRIC TEST|WAFER SORT TEST|YIELD ANALYSIS|LOT FINAL LOT FINAL LOT|COAT TEST|COAT TEST|COAT TEST|WAFER SORT TEST|YIELD ANALYSIS|LOT FINAL LOT FINAL LOT|WAFER SORT TEST|COAT TEST|YIELD ANALYSIS|LOT FINAL LOT FINAL LOT|COAT TEST|COAT TEST|COAT TEST|COAT TEST|WAFER SORT TEST|YIELD ANALYSIS|LOT|WAFER SORT TEST|ELECTRICAL SWITCHING TEST YIELD ANALYSIS
valid_ic_0072_f60,MEASURE VIA CD INSPECTION|DEPOSIT BARRIER METAL|DEPOSIT TUNGSTEN SEED|FILL VIA TUNGSTEN|CMP METAL|MEASURE VIA RESISTANCE|DEPOSIT TOP METAL|ANNEAL METAL|SPIN COAT PHOTORESIST|SOFT BAKE|ALIGN MASK LEVEL 4|EXPOSE LITHO LEVEL 4|DEVELOP PHOTORESIST|METAL PATTERN INSPECTION|METAL ETCH DRY|STRIP RESIST|CLEAN AFTER METAL ETCH|MEASURE LINE WIDTH|DEPOSIT PASSIVATION|CURE PASSIVATION|MEASURE PASSIVATION QUALITY|OPEN PAD WINDOW|PAD WINDOW LITHO|DEVELOP PHOTORESIST|PASSIVATION ETCH|STRIP RESIST|CLEAN PAD OPENING|MEASURE PAD OPENING|BACKSIDE CLEAN|DEPOSIT BACKSIDE PROTECTION|BACKSIDE ANNEAL|FINAL CLEAN|FINAL THICKNESS MEASURE|FINAL GEOMETRY CHECK|FINAL OXIDE CHECK|FINAL PARTICLE INSPECTION|ELECTRICAL PARAMETRIC TEST|LEAKAGE TEST|PARAMETRIC TEST|SWITCHING TEST|WAFER SORT TEST|YIELD ANALYSIS|LOT|ELECTRICAL PARAMETRIC TEST|WAFER SORT TEST|LOT|ELECTRICAL PARAMETRIC TEST|COAT|ELECTRICAL PARAMETRIC TEST|SWITCHING TEST|WAFER SORT TEST|YIELD ANALYSIS|LOT FINAL LOT FINAL LOT|PACKAGE PREPARATION|COAT TEST|COAT TEST|WAFER SORT TEST|YIELD ANALYSIS|LOT WAFER SORT TEST|LOT FINAL YIELD ANALYSIS|WAFER SORT TEST|LOT FINAL LOT FINAL LOT|COAT TEST|COAT TEST|COAT TEST|WAFER SORT TEST|YIELD ANALYSIS|LOT WAFER SORT TEST|ELECTRICAL YIELD ANALYSIS|WAFER SORT TEST|LOT WAFER SORT TEST|ELECTRICAL YIELD ANALYSIS|WAFER SORT TEST|LOT YIELD ANALYSIS|WAFER SORT TEST|LOT YIELD ANALYSIS
valid_ic_0072_f80,OPEN PAD WINDOW|PAD WINDOW LITHO|DEVELOP PHOTORESIST|PASSIVATION ETCH|STRIP RESIST|CLEAN PAD OPENING|MEASURE PAD OPENING|BACKSIDE CLEAN|DEPOSIT BACKSIDE PROTECTION|BACKSIDE ANNEAL|FINAL CLEAN|FINAL THICKNESS MEASURE|FINAL GEOMETRY CHECK|FINAL PARTICLE INSPECTION|ELECTRICAL PARAMETRIC TEST|LEAKAGE TEST|PARAMETRIC TEST|SWITCHING TEST|WAFER SORT TEST|YIELD ANALYSIS|LOT|WAFER SORT TEST|ELECTRICAL PARAMETRIC TEST|SWITCHING TEST|WAFER SORT TEST|YIELD ANALYSIS|LOT|WAFER SORT TEST|ELECTRICAL PARAMETRIC TEST|SWITCHING TEST|WAFER SORT TEST|YIELD ANALYSIS|LOT FINAL LOT FINAL LOT|PACKAGE PREPARATION|COAT TEST|COAT TEST|COAT TEST|WAFER SORT TEST|YIELD ANALYSIS|LOT FINAL LOT FINAL LOT|COAT TEST|COAT TEST|COAT TEST|ELECTRICAL YIELD ANALYSIS|WAFER SORT TEST|LOT WAFER SORT TEST|ELECTRICAL YIELD ANALYSIS|WAFER SORT TEST|LOT LOT FINAL YIELD ANALYSIS|WAFER SORT TEST|LOT LOT|ELECTRICAL YIELD ANALYSIS|WAFER SORT TEST
valid_ic_0073_f60,MEASURE VIA CD INSPECTION|DEPOSIT BARRIER METAL|DEPOSIT TUNGSTEN SEED|FILL VIA TUNGSTEN|CMP METAL|MEASURE VIA RESISTANCE|DEPOSIT METAL 1|ANNEAL METAL|SPIN COAT PHOTORESIST|SOFT BAKE|ALIGN MASK LEVEL 4|EXPOSE LITHO LEVEL 4|DEVELOP PHOTORESIST|METAL PATTERN INSPECTION|METAL ETCH DRY|STRIP RESIST|CLEAN AFTER METAL ETCH|MEASURE LINE WIDTH|DEPOSIT PASSIVATION|CURE PASSIVATION|MEASURE PASSIVATION QUALITY|OPEN PAD WINDOW|PAD WINDOW LITHO|DEVELOP PHOTORESIST|PASSIVATION ETCH|STRIP RESIST|CLEAN PAD OPENING|MEASURE PAD OPENING|BACKSIDE CLEAN|DEPOSIT BACKSIDE PROTECTION|BACKSIDE ANNEAL|FINAL CLEAN|FINAL THICKNESS MEASURE|FINAL GEOMETRY CHECK|FINAL PARTICLE INSPECTION|ELECTRICAL PARAMETRIC TEST|LEAKAGE TEST|PARAMETRIC TEST|SWITCHING TEST|WAFER SORT TEST|YIELD ANALYSIS|LOT|WAFER SORT TEST|ELECTRICAL PARAMETRIC TEST|SWITCHING TEST|WAFER SORT TEST|YIELD ANALYSIS|LOT|WAFER SORT TEST|ELECTRICAL PARAMETRIC TEST|SWITCHING TEST|WAFER SORT TEST|YIELD ANALYSIS|LOT FINAL LOT FINAL LOT|PACKAGE PREPARATION|COAT TEST|COAT TEST|SWITCHING TEST|WAFER SORT TEST|YIELD ANALYSIS|LOT FINAL LOT FINAL LOT|COAT TEST|COAT TEST|COAT TEST|ELECTRICAL YIELD ANALYSIS|WAFER SORT TEST|LOT WAFER SORT TEST|ELECTRICAL YIELD ANALYSIS|WAFER SORT TEST|LOT WAFER SORT TEST|ELECTRICAL YIELD ANALYSIS|WAFER SORT TEST|LOT FINAL LOT WAFER ANALYSIS|EXPOSE BAKE|DEVELOP YIELD ANALYSIS|DIELECTRIC BAKE
valid_ic_0073_f80,PASSIVATION ETCH|STRIP RESIST|CLEAN PAD OPENING|MEASURE PAD OPENING|BACKSIDE CLEAN|DEPOSIT BACKSIDE PROTECTION|BACKSIDE ANNEAL|FINAL CLEAN|FINAL THICKNESS MEASURE|FINAL GEOMETRY CHECK|FINAL OXIDE CHECK|FINAL PARTICLE INSPECTION|ELECTRICAL PARAMETRIC TEST|LEAKAGE TEST|PARAMETRIC TEST|SWITCHING TEST|WAFER SORT TEST|YIELD ANALYSIS|LOT|WAFER SORT TEST|ELECTRICAL PARAMETRIC TEST|SWITCHING TEST|WAFER SORT TEST|YIELD ANALYSIS|LOT|WAFER SORT TEST|ELECTRICAL PARAMETRIC TEST|SWITCHING TEST|WAFER SORT TEST|YIELD ANALYSIS|LOT FINAL LOT FINAL LOT|PACKAGE PREPARATION|COAT TEST|COAT TEST|SWITCHING TEST|WAFER SORT TEST|YIELD ANALYSIS|LOT FINAL LOT FINAL LOT|WAFER SORT TEST|ELECTRICAL YIELD ANALYSIS|WAFER SORT TEST|LOT FINAL YIELD ANALYSIS|WAFER SORT TEST|LOT WAFER SORT TEST|ELECTRICAL YIELD ANALYSIS|WAFER SORT TEST|LOT FINAL LOT WAFER ANALYSIS|COAT YIELD ANALYSIS|LOT FINAL LOT LOT LOT|DENSIFY TEST|DENSIFY TEST|DENSIFY TEST|DEPOSIT DEPOSIT DEPOSIT
valid_ic_0074_f60,CLEAN AFTER VIA ETCH|MEASURE VIA CD INSPECTION|DEPOSIT BARRIER METAL|DEPOSIT TUNGSTEN SEED|FILL VIA TUNGSTEN|CMP METAL|MEASURE VIA RESISTANCE|DEPOSIT TOP METAL|ANNEAL METAL|SPIN COAT PHOTORESIST|SOFT BAKE|ALIGN MASK LEVEL 4|EXPOSE LITHO LEVEL 4|DEVELOP PHOTORESIST|METAL PATTERN INSPECTION|METAL ETCH DRY|STRIP RESIST|CLEAN AFTER METAL ETCH|MEASURE LINE WIDTH|DEPOSIT PASSIVATION|CURE PASSIVATION|MEASURE PASSIVATION QUALITY|OPEN PAD WINDOW|PAD WINDOW LITHO|DEVELOP PAD WINDOW|PASSIVATION ETCH|STRIP RESIST|CLEAN PAD OPENING|MEASURE PAD OPENING|BACKSIDE CLEAN|DEPOSIT BACKSIDE PROTECTION|BACKSIDE ANNEAL|FINAL CLEAN|FINAL THICKNESS MEASURE|FINAL GEOMETRY CHECK|FINAL OXIDE CHECK|FINAL PARTICLE INSPECTION|ELECTRICAL PARAMETRIC TEST|LEAKAGE TEST|PARAMETRIC TEST|SWITCHING TEST|WAFER SORT TEST|YIELD ANALYSIS|LOT|WAFER SORT TEST|ELECTRICAL TEST|SWITCHING TEST|WAFER SORT TEST|YIELD ANALYSIS|LOT|WAFER SORT TEST|LOT|ELECTRICAL PARAMETRIC TEST|COAT|WAFER SORT TEST|YIELD ANALYSIS|LOT FINAL LOT FINAL LOT|PACKAGE PREPARATION|COAT TEST|COAT TEST|WAFER SORT TEST|YIELD ANALYSIS|LOT FINAL LOT FINAL LOT|COAT TEST|COAT TEST|COAT TEST|ELECTRICAL YIELD ANALYSIS|WAFER SORT TEST|LOT FINAL LOT FINAL LOT|COAT TEST|COAT TEST|COAT TEST|WAFER SORT TEST|YIELD ANALYSIS|LOT|WAFER SORT TEST
valid_ic_0074_f80,PAD WINDOW LITHO|DEVELOP PHOTORESIST|PASSIVATION ETCH|STRIP RESIST|CLEAN PAD OPENING|MEASURE PAD OPENING|BACKSIDE CLEAN|DEPOSIT BACKSIDE PROTECTION|BACKSIDE ANNEAL|FINAL CLEAN|FINAL THICKNESS MEASURE|FINAL GEOMETRY CHECK|FINAL OXIDE CHECK|FINAL PARTICLE INSPECTION|ELECTRICAL PARAMETRIC TEST|LEAKAGE TEST|PARAMETRIC TEST|SWITCHING TEST|WAFER SORT TEST|YIELD ANALYSIS|LOT|ELECTRICAL PARAMETRIC TEST|WAFER SORT TEST|ELECTRICAL PARAMETRIC TEST|SWITCHING TEST|WAFER SORT TEST|YIELD ANALYSIS|LOT|WAFER SORT TEST|ELECTRICAL PARAMETRIC TEST|SWITCHING TEST|WAFER SORT TEST|YIELD ANALYSIS|LOT FINAL LOT FINAL LOT|PACKAGE PREPARATION|COAT TEST|COAT TEST|SWITCHING TEST|WAFER SORT TEST|YIELD ANALYSIS|LOT FINAL LOT FINAL LOT|COAT TEST|COAT TEST|COAT TEST|ELECTRICAL YIELD ANALYSIS|WAFER SORT TEST|LOT WAFER SORT TEST|ELECTRICAL YIELD ANALYSIS|WAFER SORT TEST|LOT YIELD ANALYSIS|WAFER SORT TEST|LOT FINAL YIELD ANALYSIS|RAPID EXPOSE BAKE
valid_ic_0075_f60,STRIP RESIST|CLEAN AFTER VIA ETCH|MEASURE VIA CD INSPECTION|DEPOSIT BARRIER METAL|DEPOSIT TUNGSTEN SEED|FILL VIA TUNGSTEN|CMP METAL|MEASURE VIA RESISTANCE|DEPOSIT TOP METAL|ANNEAL METAL|SPIN COAT PHOTORESIST|SOFT BAKE|ALIGN MASK LEVEL 4|EXPOSE LITHO LEVEL 4|DEVELOP PHOTORESIST|METAL PATTERN INSPECTION|METAL ETCH DRY|STRIP RESIST|CLEAN AFTER METAL ETCH|MEASURE LINE WIDTH|DEPOSIT PASSIVATION|CURE PASSIVATION|MEASURE PASSIVATION THICKNESS|OPEN PAD WINDOW|PAD WINDOW LITHO|DEVELOP PHOTORESIST|PASSIVATION ETCH|STRIP RESIST|CLEAN PAD OPENING|MEASURE PAD OPENING|BACKSIDE CLEAN|DEPOSIT BACKSIDE PROTECTION|BACKSIDE ANNEAL|FINAL CLEAN|FINAL THICKNESS MEASURE|FINAL GEOMETRY CHECK|FINAL OXIDE CHECK|FINAL PARTICLE INSPECTION|ELECTRICAL PARAMETRIC TEST|LEAKAGE TEST|PARAMETRIC TEST|SWITCHING TEST|WAFER SORT TEST|YIELD ANALYSIS|LOT|WAFER SORT TEST|ELECTRICAL PARAMETRIC TEST|SWITCHING TEST|WAFER SORT TEST|YIELD ANALYSIS|LOT|WAFER SORT TEST|ELECTRICAL PARAMETRIC TEST|PRE EXPOSE LITHO|DEVELOP TEST|METAL WAFER SORT TEST|STRIP RESIST|CLEAN YIELD ANALYSIS|LOT|PACKAGE PREPARATION|PACKAGE PREPARATION|COAT TEST|COAT TEST|WAFER SORT TEST|YIELD ANALYSIS|LOT FINAL LOT|COAT TEST|WAFER SORT TEST|YIELD ANALYSIS|LOT FINAL LOT FINAL LOT|COAT TEST|COAT TEST|COAT TEST|COAT TEST
valid_ic_0075_f80,MEASURE PASSIVATION QUALITY|OPEN PAD WINDOW|PAD WINDOW LITHO|DEVELOP PHOTORESIST|PASSIVATION ETCH|STRIP RESIST|CLEAN PAD OPENING|MEASURE PAD OPENING|BACKSIDE CLEAN|DEPOSIT BACKSIDE PROTECTION|BACKSIDE ANNEAL|FINAL CLEAN|FINAL THICKNESS MEASURE|FINAL GEOMETRY CHECK|FINAL OXIDE CHECK|FINAL PARTICLE INSPECTION|ELECTRICAL PARAMETRIC TEST|LEAKAGE TEST|PARAMETRIC TEST|SWITCHING TEST|WAFER SORT TEST|YIELD ANALYSIS|LOT|WAFER SORT TEST|ELECTRICAL TEST|DEPOSIT WAFER SORT TEST|YIELD ANALYSIS|LOT|WAFER SORT TEST|ELECTRICAL PARAMETRIC TEST|SWITCHING TEST|WAFER SORT TEST|YIELD ANALYSIS|LOT FINAL LOT FINAL LOT|PACKAGE PREPARATION|COAT TEST|COAT TEST|SWITCHING TEST|WAFER SORT TEST|YIELD ANALYSIS|LOT FINAL LOT FINAL LOT|COAT TEST|COAT TEST|COAT TEST|WAFER SORT TEST|YIELD ANALYSIS|LOT|WAFER SORT TEST|ELECTRICAL YIELD ANALYSIS|WAFER SORT TEST|LOT WAFER SORT TEST|ELECTRICAL YIELD ANALYSIS
valid_ic_0076_f60,CLEAN AFTER VIA ETCH|MEASURE VIA CD INSPECTION|DEPOSIT BARRIER METAL|DEPOSIT TUNGSTEN SEED|FILL VIA TUNGSTEN|CMP METAL|MEASURE VIA RESISTANCE|DEPOSIT TOP METAL|ANNEAL METAL|SPIN COAT PHOTORESIST|SOFT BAKE|ALIGN MASK LEVEL 4|EXPOSE LITHO LEVEL 4|DEVELOP PHOTORESIST|METAL PATTERN INSPECTION|METAL ETCH DRY|STRIP RESIST|CLEAN AFTER METAL ETCH|MEASURE LINE WIDTH|DEPOSIT PASSIVATION|CURE PASSIVATION|MEASURE PASSIVATION QUALITY|OPEN PAD WINDOW|PAD WINDOW LITHO|DEVELOP PHOTORESIST|PASSIVATION ETCH|STRIP RESIST|CLEAN PAD OPENING|MEASURE PAD OPENING|BACKSIDE CLEAN|DEPOSIT BACKSIDE PROTECTION|BACKSIDE ANNEAL|FINAL CLEAN|FINAL THICKNESS MEASURE|FINAL GEOMETRY CHECK|FINAL OXIDE CHECK|FINAL PARTICLE INSPECTION|ELECTRICAL PARAMETRIC TEST|LEAKAGE TEST|PARAMETRIC TEST|SWITCHING TEST|WAFER SORT TEST|YIELD ANALYSIS|LOT|ELECTRICAL PARAMETRIC TEST|WAFER SORT TEST|LOT|ELECTRICAL PARAMETRIC TEST|COAT|ELECTRICAL PARAMETRIC TEST|SWITCHING TEST|WAFER SORT TEST|YIELD ANALYSIS|LOT FINAL LOT FINAL LOT|PACKAGE PREPARATION|COAT TEST|COAT TEST|WAFER SORT TEST|YIELD ANALYSIS|LOT WAFER SORT TEST|LOT FINAL YIELD ANALYSIS|WAFER SORT TEST|LOT FINAL LOT FINAL LOT|COAT TEST|COAT TEST|COAT TEST|WAFER SORT TEST|YIELD ANALYSIS|LOT WAFER SORT TEST|ELECTRICAL YIELD ANALYSIS|WAFER SORT TEST|LOT WAFER SORT TEST|ELECTRICAL YIELD ANALYSIS|WAFER SORT TEST|LOT YIELD ANALYSIS|WAFER SORT TEST
valid_ic_0076_f80,PAD WINDOW LITHO|DEVELOP PHOTORESIST|PASSIVATION ETCH|STRIP RESIST|CLEAN PAD OPENING|MEASURE PAD OPENING|BACKSIDE CLEAN|DEPOSIT BACKSIDE PROTECTION|BACKSIDE ANNEAL|FINAL CLEAN|FINAL THICKNESS MEASURE|FINAL GEOMETRY CHECK|FINAL OXIDE CHECK|FINAL PARTICLE INSPECTION|ELECTRICAL PARAMETRIC TEST|LEAKAGE TEST|PARAMETRIC TEST|SWITCHING TEST|WAFER SORT TEST|YIELD ANALYSIS|LOT|ELECTRICAL PARAMETRIC TEST|WAFER SORT TEST|LOT|ELECTRICAL PARAMETRIC TEST|COAT|ELECTRICAL PARAMETRIC TEST|SWITCHING TEST|WAFER SORT TEST|YIELD ANALYSIS|LOT FINAL LOT FINAL LOT|PACKAGE PREPARATION|COAT TEST|COAT TEST|SWITCHING TEST|WAFER SORT TEST|YIELD ANALYSIS|LOT FINAL LOT FINAL LOT|COAT TEST|COAT TEST|COAT TEST|SWITCHING TEST|WAFER SORT TEST|YIELD ANALYSIS|LOT WAFER SORT TEST|ELECTRICAL YIELD ANALYSIS|WAFER SORT TEST|LOT WAFER SORT TEST|ELECTRICAL YIELD ANALYSIS|WAFER SORT TEST|LOT WAFER SORT TEST|ELECTRICAL YIELD ANALYSIS|WAFER ANALYSIS
valid_ic_0077_f60,CLEAN AFTER VIA ETCH|MEASURE VIA CD INSPECTION|DEPOSIT BARRIER METAL|DEPOSIT TUNGSTEN SEED|FILL VIA TUNGSTEN|CMP METAL|MEASURE VIA RESISTANCE|DEPOSIT TOP METAL|ANNEAL METAL|SPIN COAT PHOTORESIST|SOFT BAKE|ALIGN MASK LEVEL 4|EXPOSE LITHO LEVEL 4|DEVELOP PHOTORESIST|METAL PATTERN INSPECTION|METAL ETCH DRY|STRIP RESIST|CLEAN AFTER METAL ETCH|MEASURE LINE WIDTH|DEPOSIT PASSIVATION|CURE PASSIVATION|MEASURE PASSIVATION QUALITY|OPEN PAD WINDOW|PAD WINDOW LITHO|DEVELOP PHOTORESIST|PASSIVATION ETCH|STRIP RESIST|CLEAN PAD OPENING|MEASURE PAD OPENING|BACKSIDE CLEAN|DEPOSIT BACKSIDE PROTECTION|BACKSIDE ANNEAL|FINAL CLEAN|FINAL THICKNESS MEASURE|FINAL GEOMETRY CHECK|FINAL PARTICLE INSPECTION|ELECTRICAL PARAMETRIC TEST|LEAKAGE TEST|PARAMETRIC TEST|SWITCHING TEST|WAFER SORT TEST|YIELD ANALYSIS|LOT|ELECTRICAL PARAMETRIC TEST|WAFER SORT TEST|LOT|ELECTRICAL PARAMETRIC TEST|WAFER SORT TEST|YIELD ANALYSIS|LOT|WAFER SORT TEST|WAFER SORT TEST|YIELD ANALYSIS|LOT FINAL LOT FINAL LOT|PACKAGE PREPARATION|COAT TEST|COAT TEST|WAFER SORT TEST|YIELD ANALYSIS|LOT|WAFER SORT TEST|ELECTRICAL YIELD ANALYSIS|WAFER SORT TEST|LOT|ELECTRICAL YIELD ANALYSIS|WAFER SORT TEST|LOT FINAL WAFER SORT TEST|ELECTRICAL YIELD ANALYSIS|WAFER SORT TEST|LOT FINAL YIELD ANALYSIS|WAFER SORT TEST|LOT FINAL YIELD ANALYSIS|WAFER SORT TEST|LOT WAFER ANALYSIS|ELECTRICAL YIELD ANALYSIS|WAFER ANALYSIS
valid_ic_0077_f80,PAD WINDOW LITHO|DEVELOP PHOTORESIST|PASSIVATION ETCH|STRIP RESIST|CLEAN PAD OPENING|MEASURE PAD OPENING|BACKSIDE CLEAN|DEPOSIT BACKSIDE PROTECTION|BACKSIDE ANNEAL|FINAL CLEAN|FINAL THICKNESS MEASURE|FINAL GEOMETRY CHECK|FINAL PARTICLE INSPECTION|ELECTRICAL PARAMETRIC TEST|LEAKAGE TEST|PARAMETRIC TEST|SWITCHING TEST|WAFER SORT TEST|YIELD ANALYSIS|LOT|ELECTRICAL PARAMETRIC TEST|WAFER SORT TEST|LOT|ELECTRICAL PARAMETRIC TEST|COAT|ELECTRICAL PARAMETRIC TEST|SWITCHING TEST|WAFER SORT TEST|YIELD ANALYSIS|LOT FINAL LOT FINAL LOT|PACKAGE PREPARATION|COAT TEST|COAT TEST|SWITCHING TEST|WAFER SORT TEST|YIELD ANALYSIS|LOT FINAL LOT FINAL LOT|COAT TEST|COAT TEST|COAT TEST|SWITCHING TEST|WAFER SORT TEST|YIELD ANALYSIS|LOT WAFER SORT TEST|ELECTRICAL YIELD ANALYSIS|WAFER SORT TEST|LOT WAFER SORT TEST|ELECTRICAL YIELD ANALYSIS|WAFER SORT TEST|LOT WAFER SORT TEST|ELECTRICAL YIELD ANALYSIS|WAFER ANALYSIS|LOT LOT LOT WAFER ANALYSIS
valid_ic_0078_f60,STRIP RESIST|CLEAN AFTER VIA ETCH|MEASURE VIA CD INSPECTION|DEPOSIT BARRIER METAL|DEPOSIT TUNGSTEN SEED|FILL VIA TUNGSTEN|CMP METAL|MEASURE VIA RESISTANCE|DEPOSIT TOP METAL|ANNEAL METAL|SPIN COAT PHOTORESIST|SOFT BAKE|ALIGN MASK LEVEL 4|EXPOSE LITHO LEVEL 4|DEVELOP PHOTORESIST|METAL PATTERN INSPECTION|METAL ETCH DRY|STRIP RESIST|CLEAN AFTER METAL ETCH|MEASURE LINE WIDTH|DEPOSIT PASSIVATION|CURE PASSIVATION|MEASURE PASSIVATION QUALITY|OPEN PAD WINDOW|PAD WINDOW LITHO|DEVELOP PHOTORESIST|PASSIVATION ETCH|STRIP RESIST|CLEAN PAD OPENING|MEASURE PAD OPENING|BACKSIDE CLEAN|DEPOSIT BACKSIDE PROTECTION|BACKSIDE ANNEAL|FINAL CLEAN|FINAL THICKNESS MEASURE|FINAL GEOMETRY CHECK|FINAL OXIDE CHECK|FINAL PARTICLE INSPECTION|ELECTRICAL PARAMETRIC TEST|LEAKAGE TEST|PARAMETRIC TEST|SWITCHING TEST|WAFER SORT TEST|YIELD ANALYSIS|LOT|WAFER SORT TEST|ELECTRICAL PARAMETRIC TEST|SWITCHING TEST|WAFER SORT TEST|YIELD ANALYSIS|LOT|WAFER SORT TEST|ELECTRICAL PARAMETRIC TEST|WAFER SORT TEST|YIELD ANALYSIS|LOT FINAL LOT FINAL LOT|PACKAGE PREPARATION|PACKAGE PREPARATION|COAT TEST|WAFER SORT TEST|YIELD ANALYSIS|LOT FINAL LOT FINAL LOT|WAFER SORT TEST|ELECTRICAL YIELD ANALYSIS|WAFER SORT TEST|LOT FINAL YIELD ANALYSIS|WAFER SORT TEST|LOT FINAL LOT FINAL LOT|COAT TEST|COAT TEST|WAFER SORT TEST|YIELD ANALYSIS|LOT LOT|PACKAGE PREPARATION
valid_ic_0078_f80,OPEN PAD WINDOW|PAD WINDOW LITHO|DEVELOP PHOTORESIST|PASSIVATION ETCH|STRIP RESIST|CLEAN PAD OPENING|MEASURE PAD OPENING|BACKSIDE CLEAN|DEPOSIT BACKSIDE PROTECTION|BACKSIDE ANNEAL|FINAL CLEAN|FINAL THICKNESS MEASURE|FINAL GEOMETRY CHECK|FINAL OXIDE CHECK|FINAL PARTICLE INSPECTION|ELECTRICAL PARAMETRIC TEST|LEAKAGE TEST|PARAMETRIC TEST|SWITCHING TEST|WAFER SORT TEST|YIELD ANALYSIS|LOT|WAFER SORT TEST|ELECTRICAL PARAMETRIC TEST|SWITCHING TEST|WAFER SORT TEST|YIELD ANALYSIS|LOT|WAFER SORT TEST|ELECTRICAL PARAMETRIC TEST|SWITCHING TEST|WAFER SORT TEST|YIELD ANALYSIS|LOT FINAL LOT|PACKAGE PREPARATION|COAT TEST|COAT TEST|WAFER SORT TEST|YIELD ANALYSIS|LOT WAFER SORT TEST|LOT FINAL YIELD ANALYSIS|WAFER SORT TEST|LOT WAFER SORT TEST|ELECTRICAL YIELD ANALYSIS|WAFER SORT TEST|LOT WAFER SORT TEST|ELECTRICAL YIELD ANALYSIS|WAFER SORT TEST|LOT LOT FINAL YIELD ANALYSIS|WAFER SORT TEST YIELD ANALYSIS|LOT WAFER ANALYSIS|ELECTRICAL YIELD ANALYSIS
valid_ic_0079_f60,CLEAN AFTER VIA ETCH|MEASURE VIA CD INSPECTION|DEPOSIT BARRIER METAL|DEPOSIT TUNGSTEN SEED|FILL VIA TUNGSTEN|CMP METAL|MEASURE VIA RESISTANCE|DEPOSIT TOP METAL|ANNEAL METAL|SPIN COAT PHOTORESIST|SOFT BAKE|ALIGN MASK LEVEL 4|EXPOSE LITHO LEVEL 4|DEVELOP PHOTORESIST|METAL PATTERN INSPECTION|METAL ETCH DRY|STRIP RESIST|CLEAN AFTER METAL ETCH|MEASURE LINE WIDTH|DEPOSIT PASSIVATION|CURE PASSIVATION|MEASURE PASSIVATION QUALITY|OPEN PAD WINDOW|PAD WINDOW LITHO|DEVELOP PHOTORESIST|PASSIVATION ETCH|STRIP RESIST|CLEAN PAD OPENING|MEASURE PAD OPENING|BACKSIDE CLEAN|DEPOSIT BACKSIDE PROTECTION|BACKSIDE ANNEAL|FINAL CLEAN|FINAL THICKNESS MEASURE|FINAL GEOMETRY CHECK|FINAL PARTICLE INSPECTION|ELECTRICAL PARAMETRIC TEST|LEAKAGE TEST|PARAMETRIC TEST|SWITCHING TEST|WAFER SORT TEST|YIELD ANALYSIS|LOT|WAFER SORT TEST|ELECTRICAL PARAMETRIC TEST|SWITCHING TEST|WAFER SORT TEST|YIELD ANALYSIS|LOT|WAFER SORT TEST|ELECTRICAL PARAMETRIC TEST|WAFER SORT TEST|YIELD ANALYSIS|LOT FINAL LOT FINAL LOT|PACKAGE PREPARATION|COAT TEST|COAT TEST|WAFER SORT TEST|YIELD ANALYSIS|LOT FINAL LOT|WAFER SORT TEST|ELECTRICAL YIELD ANALYSIS|WAFER SORT TEST|LOT|WAFER SORT TEST|ELECTRICAL YIELD ANALYSIS|WAFER SORT TEST|LOT WAFER SORT TEST|ELECTRICAL YIELD ANALYSIS|WAFER SORT TEST|LOT WAFER SORT TEST|ELECTRICAL YIELD ANALYSIS|WAFER ANALYSIS|LOT FINAL LOT WAFER ANALYSIS|ELECTRICAL YIELD ANALYSIS|WAFER ANALYSIS|LOT YIELD ANALYSIS
valid_ic_0079_f80,OPEN PAD WINDOW|PAD WINDOW LITHO|DEVELOP PHOTORESIST|PASSIVATION ETCH|STRIP RESIST|CLEAN PAD OPENING|MEASURE PAD OPENING|BACKSIDE CLEAN|DEPOSIT BACKSIDE PROTECTION|BACKSIDE ANNEAL|FINAL CLEAN|FINAL THICKNESS MEASURE|FINAL GEOMETRY CHECK|FINAL PARTICLE INSPECTION|ELECTRICAL PARAMETRIC TEST|LEAKAGE TEST|PARAMETRIC TEST|SWITCHING TEST|WAFER SORT TEST|YIELD ANALYSIS|LOT|ELECTRICAL PARAMETRIC TEST|ELECTRICAL PARAMETRIC TEST|DEPOSIT SWITCHING TEST|WAFER SORT TEST|YIELD ANALYSIS|LOT|WAFER SORT TEST|ELECTRICAL PARAMETRIC TEST|SWITCHING TEST|WAFER SORT TEST|YIELD ANALYSIS|LOT FINAL LOT FINAL LOT|WAFER SORT TEST|YIELD ANALYSIS|LOT FINAL LOT FINAL LOT|COAT TEST|COAT TEST|COAT TEST|WAFER SORT TEST|YIELD ANALYSIS|LOT FINAL LOT FINAL LOT|COAT TEST|COAT TEST|COAT TEST|WAFER SORT TEST|YIELD ANALYSIS|LOT|WAFER SORT TEST|ELECTRICAL YIELD ANALYSIS|WAFER SORT TEST|LOT WAFER SORT TEST|ELECTRICAL YIELD ANALYSIS
valid_ic_0080_f60,CLEAN AFTER VIA ETCH|MEASURE VIA CD INSPECTION|DEPOSIT BARRIER METAL|DEPOSIT TUNGSTEN SEED|FILL VIA TUNGSTEN|CMP METAL|MEASURE VIA RESISTANCE|DEPOSIT METAL 1|ANNEAL METAL|SPIN COAT PHOTORESIST|SOFT BAKE|ALIGN MASK LEVEL 4|EXPOSE LITHO LEVEL 4|DEVELOP PHOTORESIST|METAL PATTERN INSPECTION|METAL ETCH DRY|STRIP RESIST|CLEAN AFTER METAL ETCH|MEASURE LINE WIDTH|DEPOSIT PASSIVATION|CURE PASSIVATION|MEASURE PASSIVATION QUALITY|OPEN PAD WINDOW|PAD WINDOW LITHO|DEVELOP PHOTORESIST|PASSIVATION ETCH|STRIP RESIST|CLEAN PAD OPENING|MEASURE PAD OPENING|BACKSIDE CLEAN|DEPOSIT BACKSIDE PROTECTION|BACKSIDE ANNEAL|FINAL CLEAN|FINAL THICKNESS MEASURE|FINAL GEOMETRY CHECK|FINAL PARTICLE INSPECTION|ELECTRICAL PARAMETRIC TEST|LEAKAGE TEST|PARAMETRIC TEST|SWITCHING TEST|WAFER SORT TEST|YIELD ANALYSIS|LOT|WAFER SORT TEST|ELECTRICAL PARAMETRIC TEST|SWITCHING TEST|WAFER SORT TEST|YIELD ANALYSIS|LOT|ELECTRICAL PARAMETRIC TEST|WAFER SORT TEST|ELECTRICAL PARAMETRIC TEST|SWITCHING TEST|WAFER SORT TEST|YIELD ANALYSIS|LOT FINAL LOT FINAL LOT|PACKAGE PREPARATION|COAT TEST|COAT TEST|WAFER SORT TEST|YIELD ANALYSIS|LOT WAFER SORT TEST|WAFER SORT TEST|YIELD ANALYSIS|LOT WAFER SORT TEST|LOT FINAL YIELD ANALYSIS|WAFER SORT TEST|LOT WAFER SORT TEST|ELECTRICAL YIELD ANALYSIS|WAFER SORT TEST|LOT LOT FINAL YIELD ANALYSIS|WAFER ANALYSIS|LOT YIELD ANALYSIS|WAFER ANALYSIS|LOT LOT LOT WAFER ANALYSIS
valid_ic_0080_f80,DEVELOP PHOTORESIST|PASSIVATION ETCH|STRIP RESIST|CLEAN PAD OPENING|MEASURE PAD OPENING|BACKSIDE CLEAN|DEPOSIT BACKSIDE PROTECTION|BACKSIDE ANNEAL|FINAL CLEAN|FINAL THICKNESS MEASURE|FINAL GEOMETRY CHECK|FINAL OXIDE CHECK|FINAL PARTICLE INSPECTION|ELECTRICAL PARAMETRIC TEST|LEAKAGE TEST|PARAMETRIC TEST|SWITCHING TEST|WAFER SORT TEST|YIELD ANALYSIS|LOT|WAFER SORT TEST|ELECTRICAL PARAMETRIC TEST|SWITCHING TEST|WAFER SORT TEST|YIELD ANALYSIS|LOT|WAFER SORT TEST|ELECTRICAL PARAMETRIC TEST|SWITCHING TEST|WAFER SORT TEST|YIELD ANALYSIS|LOT FINAL LOT FINAL LOT|PACKAGE PREPARATION|COAT TEST|COAT TEST|SWITCHING TEST|WAFER SORT TEST|YIELD ANALYSIS|LOT FINAL LOT FINAL LOT|WAFER SORT TEST|ELECTRICAL YIELD ANALYSIS|WAFER SORT TEST|LOT FINAL YIELD ANALYSIS|WAFER SORT TEST|LOT WAFER SORT TEST|ELECTRICAL YIELD ANALYSIS|WAFER SORT TEST|LOT FINAL LOT WAFER ANALYSIS|COAT YIELD ANALYSIS|LOT WAFER ANALYSIS|ELECTRICAL YIELD ANALYSIS|WAFER ANALYSIS
valid_ic_0081_f60,STRIP RESIST|CLEAN AFTER VIA ETCH|MEASURE VIA CD INSPECTION|DEPOSIT BARRIER METAL|DEPOSIT TUNGSTEN SEED|FILL VIA TUNGSTEN|CMP METAL|MEASURE VIA RESISTANCE|DEPOSIT TOP METAL|ANNEAL METAL|SPIN COAT PHOTORESIST|SOFT BAKE|ALIGN MASK LEVEL 4|EXPOSE LITHO LEVEL 4|DEVELOP PHOTORESIST|METAL PATTERN INSPECTION|METAL ETCH DRY|STRIP RESIST|CLEAN AFTER METAL ETCH|MEASURE LINE WIDTH|DEPOSIT PASSIVATION|CURE PASSIVATION|MEASURE PASSIVATION QUALITY|OPEN PAD WINDOW|PAD WINDOW LITHO|DEVELOP PHOTORESIST|PASSIVATION ETCH|STRIP RESIST|CLEAN PAD OPENING|MEASURE PAD OPENING|BACKSIDE CLEAN|DEPOSIT BACKSIDE PROTECTION|BACKSIDE ANNEAL|FINAL CLEAN|FINAL THICKNESS MEASURE|FINAL GEOMETRY CHECK|FINAL OXIDE CHECK|FINAL PARTICLE INSPECTION|ELECTRICAL PARAMETRIC TEST|LEAKAGE TEST|PARAMETRIC TEST|SWITCHING TEST|WAFER SORT TEST|YIELD ANALYSIS|LOT|ELECTRICAL PARAMETRIC TEST|WAFER SORT TEST|YIELD ANALYSIS|LOT|WAFER SORT TEST|ELECTRICAL PARAMETRIC TEST|SWITCHING TEST|WAFER SORT TEST|YIELD ANALYSIS|LOT FINAL LOT FINAL LOT|PACKAGE PREPARATION|COAT TEST|COAT TEST|WAFER SORT TEST|YIELD ANALYSIS|LOT FINAL LOT FINAL LOT|WAFER SORT TEST|COAT TEST|YIELD ANALYSIS|LOT FINAL LOT|COAT TEST|WAFER SORT TEST|YIELD ANALYSIS|LOT FINAL LOT FINAL LOT|COAT TEST|COAT TEST|COAT TEST|COAT TEST|COAT TEST|WAFER SORT TEST
valid_ic_0081_f80,OPEN PAD WINDOW|PAD WINDOW LITHO|DEVELOP PHOTORESIST|PASSIVATION ETCH|STRIP RESIST|CLEAN PAD OPENING|MEASURE PAD OPENING|BACKSIDE CLEAN|DEPOSIT BACKSIDE PROTECTION|BACKSIDE ANNEAL|FINAL CLEAN|FINAL THICKNESS MEASURE|FINAL GEOMETRY CHECK|FINAL OXIDE CHECK|FINAL PARTICLE INSPECTION|ELECTRICAL PARAMETRIC TEST|LEAKAGE TEST|PARAMETRIC TEST|SWITCHING TEST|WAFER SORT TEST|YIELD ANALYSIS|LOT|ELECTRICAL PARAMETRIC TEST|WAFER SORT TEST|YIELD ANALYSIS|LOT|WAFER SORT TEST|ELECTRICAL PARAMETRIC TEST|SWITCHING TEST|WAFER SORT TEST|YIELD ANALYSIS|LOT FINAL LOT FINAL LOT|PACKAGE PREPARATION|COAT TEST|COAT TEST|WAFER SORT TEST|YIELD ANALYSIS|LOT FINAL LOT FINAL LOT|WAFER SORT TEST|ELECTRICAL YIELD ANALYSIS|WAFER SORT TEST|LOT|ELECTRICAL YIELD ANALYSIS|WAFER SORT TEST|LOT|ELECTRICAL YIELD ANALYSIS|WAFER SORT TEST|LOT WAFER SORT TEST|ELECTRICAL YIELD ANALYSIS|WAFER SORT TEST|LOT YIELD ANALYSIS|WAFER SORT TEST
valid_ic_0082_f60,CLEAN AFTER VIA ETCH|MEASURE VIA CD INSPECTION|DEPOSIT BARRIER METAL|DEPOSIT TUNGSTEN SEED|FILL VIA TUNGSTEN|CMP METAL|MEASURE VIA RESISTANCE|DEPOSIT TOP METAL|ANNEAL METAL|SPIN COAT PHOTORESIST|SOFT BAKE|ALIGN MASK LEVEL 4|EXPOSE LITHO LEVEL 4|DEVELOP PHOTORESIST|METAL PATTERN INSPECTION|METAL ETCH DRY|STRIP RESIST|CLEAN AFTER METAL ETCH|MEASURE LINE WIDTH|DEPOSIT PASSIVATION|CURE PASSIVATION|MEASURE PASSIVATION QUALITY|OPEN PAD WINDOW|PAD WINDOW LITHO|DEVELOP PHOTORESIST|PASSIVATION ETCH|STRIP RESIST|CLEAN PAD OPENING|MEASURE PAD OPENING|BACKSIDE CLEAN|DEPOSIT BACKSIDE PROTECTION|BACKSIDE ANNEAL|FINAL CLEAN|FINAL THICKNESS MEASURE|FINAL GEOMETRY CHECK|FINAL OXIDE CHECK|FINAL PARTICLE INSPECTION|ELECTRICAL PARAMETRIC TEST|LEAKAGE TEST|PARAMETRIC TEST|SWITCHING TEST|WAFER SORT TEST|YIELD ANALYSIS|LOT|WAFER SORT TEST|ELECTRICAL PARAMETRIC TEST|SWITCHING TEST|WAFER SORT TEST|YIELD ANALYSIS|LOT|WAFER SORT TEST|ELECTRICAL PARAMETRIC TEST|SWITCHING TEST|WAFER SORT TEST|YIELD ANALYSIS|LOT|WAFER SORT TEST|WAFER SORT TEST|YIELD ANALYSIS|LOT WAFER SORT TEST|WAFER SORT TEST|YIELD ANALYSIS|LOT FINAL LOT FINAL LOT|COAT TEST|COAT TEST|COAT TEST|ELECTRICAL YIELD ANALYSIS|WAFER SORT TEST|LOT FINAL LOT YIELD ANALYSIS|WAFER SORT TEST|LOT WAFER SORT TEST|ELECTRICAL YIELD ANALYSIS|WAFER ANALYSIS|LOT WAFER ANALYSIS|ELECTRICAL YIELD ANALYSIS|WAFER ANALYSIS
valid_ic_0082_f80,PAD WINDOW LITHO|DEVELOP PHOTORESIST|PASSIVATION ETCH|STRIP RESIST|CLEAN PAD OPENING|MEASURE PAD OPENING|BACKSIDE CLEAN|DEPOSIT BACKSIDE PROTECTION|BACKSIDE ANNEAL|FINAL CLEAN|FINAL THICKNESS MEASURE|FINAL GEOMETRY CHECK|FINAL OXIDE CHECK|FINAL PARTICLE INSPECTION|ELECTRICAL PARAMETRIC TEST|LEAKAGE TEST|PARAMETRIC TEST|SWITCHING TEST|WAFER SORT TEST|YIELD ANALYSIS|LOT|WAFER SORT TEST|ELECTRICAL PARAMETRIC TEST|SWITCHING TEST|WAFER SORT TEST|YIELD ANALYSIS|LOT|ELECTRICAL PARAMETRIC TEST|WAFER SORT TEST|YIELD ANALYSIS|LOT FINAL LOT FINAL LOT|PACKAGE PREPARATION|PACKAGE PREPARATION|COAT TEST|WAFER SORT TEST|YIELD ANALYSIS|LOT FINAL LOT|COAT TEST|WAFER SORT TEST|YIELD ANALYSIS|LOT FINAL LOT FINAL LOT|COAT TEST|COAT TEST|COAT TEST|COAT TEST|WAFER SORT TEST|YIELD ANALYSIS|LOT WAFER SORT TEST|ELECTRICAL YIELD ANALYSIS|WAFER SORT TEST|LOT WAFER SORT TEST|ELECTRICAL YIELD ANALYSIS|WAFER SORT TEST
valid_ic_0083_f60,MEASURE VIA CD INSPECTION|DEPOSIT BARRIER METAL|DEPOSIT TUNGSTEN SEED|FILL VIA TUNGSTEN|CMP METAL|MEASURE VIA RESISTANCE|DEPOSIT TOP METAL|ANNEAL METAL|SPIN COAT PHOTORESIST|SOFT BAKE|ALIGN MASK LEVEL 4|EXPOSE LITHO LEVEL 4|DEVELOP PHOTORESIST|METAL PATTERN INSPECTION|METAL ETCH DRY|STRIP RESIST|CLEAN AFTER METAL ETCH|MEASURE LINE WIDTH|DEPOSIT PASSIVATION|CURE PASSIVATION|MEASURE PASSIVATION QUALITY|OPEN PAD WINDOW|PAD WINDOW LITHO|DEVELOP PAD WINDOW|PASSIVATION ETCH|STRIP RESIST|CLEAN PAD OPENING|MEASURE PAD OPENING|BACKSIDE CLEAN|DEPOSIT BACKSIDE PROTECTION|BACKSIDE ANNEAL|FINAL CLEAN|FINAL THICKNESS MEASURE|FINAL GEOMETRY CHECK|FINAL OXIDE CHECK|FINAL PARTICLE INSPECTION|ELECTRICAL PARAMETRIC TEST|LEAKAGE TEST|PARAMETRIC TEST|SWITCHING TEST|WAFER SORT TEST|YIELD ANALYSIS|LOT|WAFER SORT TEST|ELECTRICAL PARAMETRIC TEST|SWITCHING TEST|WAFER SORT TEST|YIELD ANALYSIS|LOT|WAFER SORT TEST|ELECTRICAL PARAMETRIC TEST|SWITCHING TEST|WAFER SORT TEST|YIELD ANALYSIS|LOT FINAL LOT FINAL LOT|PACKAGE PREPARATION|COAT TEST|COAT TEST|WAFER SORT TEST|YIELD ANALYSIS|LOT FINAL LOT FINAL LOT|WAFER SORT TEST|ELECTRICAL YIELD ANALYSIS|WAFER SORT TEST|LOT FINAL WAFER SORT TEST|ELECTRICAL YIELD ANALYSIS|WAFER SORT TEST|LOT FINAL LOT YIELD ANALYSIS|WAFER SORT TEST|LOT YIELD ANALYSIS|WAFER SORT TEST|LOT FINAL LOT YIELD ANALYSIS|WAFER ANALYSIS|LOT LOT LOT LOT|DENSIFY TEST
valid_ic_0083_f80,DEVELOP PHOTORESIST|PASSIVATION ETCH|STRIP RESIST|CLEAN PAD OPENING|MEASURE PAD OPENING|BACKSIDE CLEAN|DEPOSIT BACKSIDE PROTECTION|BACKSIDE ANNEAL|FINAL CLEAN|FINAL THICKNESS MEASURE|FINAL GEOMETRY CHECK|FINAL OXIDE CHECK|FINAL PARTICLE INSPECTION|ELECTRICAL PARAMETRIC TEST|LEAKAGE TEST|PARAMETRIC TEST|SWITCHING TEST|WAFER SORT TEST|YIELD ANALYSIS|LOT|ELECTRICAL PARAMETRIC TEST|WAFER SORT TEST|ELECTRICAL PARAMETRIC TEST|SWITCHING TEST|WAFER SORT TEST|YIELD ANALYSIS|LOT|WAFER SORT TEST|ELECTRICAL PARAMETRIC TEST|SWITCHING TEST|WAFER SORT TEST|YIELD ANALYSIS|LOT FINAL LOT FINAL LOT|PACKAGE PREPARATION|COAT TEST|COAT TEST|SWITCHING TEST|WAFER SORT TEST|YIELD ANALYSIS|LOT FINAL LOT FINAL LOT|COAT TEST|COAT TEST|COAT TEST|COAT TEST|WAFER SORT TEST|YIELD ANALYSIS|LOT WAFER SORT TEST|ELECTRICAL YIELD ANALYSIS|WAFER SORT TEST|LOT FINAL LOT WAFER ANALYSIS|ELECTRICAL YIELD ANALYSIS|WAFER SORT TEST YIELD ANALYSIS
valid_ic_0084_f60,STRIP RESIST|CLEAN AFTER VIA ETCH|MEASURE VIA CD INSPECTION|DEPOSIT BARRIER METAL|DEPOSIT TUNGSTEN SEED|FILL VIA TUNGSTEN|CMP METAL|MEASURE VIA RESISTANCE|DEPOSIT TOP METAL|ANNEAL METAL|SPIN COAT PHOTORESIST|SOFT BAKE|ALIGN MASK LEVEL 4|EXPOSE LITHO LEVEL 4|DEVELOP PHOTORESIST|METAL PATTERN INSPECTION|METAL ETCH DRY|STRIP RESIST|CLEAN AFTER METAL ETCH|MEASURE LINE WIDTH|DEPOSIT PASSIVATION|CURE PASSIVATION|MEASURE PASSIVATION QUALITY|OPEN PAD WINDOW|PAD WINDOW LITHO|DEVELOP PHOTORESIST|PASSIVATION ETCH|STRIP RESIST|CLEAN PAD OPENING|MEASURE PAD OPENING|BACKSIDE CLEAN|DEPOSIT BACKSIDE PROTECTION|BACKSIDE ANNEAL|FINAL CLEAN|FINAL THICKNESS MEASURE|FINAL GEOMETRY CHECK|FINAL OXIDE CHECK|FINAL PARTICLE INSPECTION|ELECTRICAL PARAMETRIC TEST|LEAKAGE TEST|PARAMETRIC TEST|SWITCHING TEST|WAFER SORT TEST|YIELD ANALYSIS|LOT|ELECTRICAL PARAMETRIC TEST|WAFER SORT TEST|LOT|YIELD ANALYSIS|WAFER SORT TEST|LOT|ELECTRICAL PARAMETRIC TEST|COAT|WAFER SORT TEST|YIELD ANALYSIS|LOT FINAL LOT FINAL LOT|PACKAGE PREPARATION|COAT TEST|COAT TEST|COAT TEST|WAFER SORT TEST|YIELD ANALYSIS|LOT FINAL LOT FINAL LOT|COAT TEST|COAT TEST|COAT TEST|WAFER SORT TEST|YIELD ANALYSIS|LOT FINAL LOT FINAL LOT|COAT TEST|COAT TEST|COAT TEST|COAT TEST|COAT TEST|COAT TEST
valid_ic_0084_f80,OPEN PAD WINDOW|PAD WINDOW LITHO|DEVELOP PHOTORESIST|PASSIVATION ETCH|STRIP RESIST|CLEAN PAD OPENING|MEASURE PAD OPENING|BACKSIDE CLEAN|DEPOSIT BACKSIDE PROTECTION|BACKSIDE ANNEAL|FINAL CLEAN|FINAL THICKNESS MEASURE|FINAL GEOMETRY CHECK|FINAL OXIDE CHECK|FINAL PARTICLE INSPECTION|ELECTRICAL PARAMETRIC TEST|LEAKAGE TEST|PARAMETRIC TEST|SWITCHING TEST|WAFER SORT TEST|YIELD ANALYSIS|LOT|WAFER SORT TEST|ELECTRICAL TEST|SWITCHING TEST|WAFER SORT TEST|YIELD ANALYSIS|LOT|WAFER SORT TEST|LOT|THRESHOLD VOLTAGE TEST|COAT TEST|COAT TEST|WAFER SORT TEST|YIELD ANALYSIS|LOT FINAL LOT FINAL LOT|COAT TEST|COAT TEST|COAT TEST|SWITCHING TEST|WAFER SORT TEST|YIELD ANALYSIS|LOT FINAL LOT FINAL LOT|WAFER SORT TEST|ELECTRICAL YIELD ANALYSIS|WAFER SORT TEST|LOT FINAL YIELD ANALYSIS|WAFER SORT TEST|LOT WAFER SORT TEST|ELECTRICAL YIELD ANALYSIS|WAFER SORT TEST|LOT WAFER ANALYSIS
valid_ic_0085_f60,MEASURE VIA CD INSPECTION|DEPOSIT BARRIER METAL|DEPOSIT TUNGSTEN SEED|FILL VIA TUNGSTEN|CMP METAL|MEASURE VIA RESISTANCE|DEPOSIT TOP METAL|ANNEAL METAL|SPIN COAT PHOTORESIST|SOFT BAKE|ALIGN MASK LEVEL 4|EXPOSE LITHO LEVEL 4|DEVELOP PHOTORESIST|METAL PATTERN INSPECTION|METAL ETCH DRY|STRIP RESIST|CLEAN AFTER METAL ETCH|MEASURE LINE WIDTH|DEPOSIT PASSIVATION|CURE PASSIVATION|MEASURE PASSIVATION THICKNESS|OPEN PAD WINDOW|PAD WINDOW LITHO|DEVELOP PHOTORESIST|PASSIVATION ETCH|STRIP RESIST|CLEAN PAD OPENING|MEASURE PAD OPENING|BACKSIDE CLEAN|DEPOSIT BACKSIDE PROTECTION|BACKSIDE ANNEAL|FINAL CLEAN|FINAL THICKNESS MEASURE|FINAL GEOMETRY CHECK|FINAL OXIDE CHECK|FINAL PARTICLE INSPECTION|ELECTRICAL PARAMETRIC TEST|LEAKAGE TEST|PARAMETRIC TEST|SWITCHING TEST|WAFER SORT TEST|YIELD ANALYSIS|LOT|WAFER SORT TEST|ELECTRICAL PARAMETRIC TEST|SWITCHING TEST|WAFER SORT TEST|YIELD ANALYSIS|LOT|ELECTRICAL PARAMETRIC TEST|WAFER SORT TEST|YIELD ANALYSIS|LOT FINAL LOT FINAL LOT|PACKAGE PREPARATION|PACKAGE PREPARATION|COAT TEST|WAFER SORT TEST|YIELD ANALYSIS|LOT FINAL WAFER SORT TEST|WAFER SORT TEST|YIELD ANALYSIS|LOT FINAL LOT|COAT TEST|COAT TEST|COAT TEST|COAT TEST|COAT TEST|WAFER SORT TEST|YIELD ANALYSIS|LOT WAFER SORT TEST|ELECTRICAL YIELD ANALYSIS|WAFER SORT TEST|LOT FINAL LOT WAFER ANALYSIS|ELECTRICAL YIELD ANALYSIS|WAFER SORT TEST
valid_ic_0085_f80,STRIP RESIST|CLEAN PAD OPENING|MEASURE PAD OPENING|BACKSIDE CLEAN|DEPOSIT BACKSIDE PROTECTION|BACKSIDE ANNEAL|FINAL CLEAN|FINAL THICKNESS MEASURE|FINAL GEOMETRY CHECK|FINAL OXIDE CHECK|FINAL PARTICLE INSPECTION|ELECTRICAL PARAMETRIC TEST|LEAKAGE TEST|PARAMETRIC TEST|SWITCHING TEST|WAFER SORT TEST|YIELD ANALYSIS|LOT|WAFER SORT TEST|ELECTRICAL PARAMETRIC TEST|SWITCHING TEST|WAFER SORT TEST|YIELD ANALYSIS|LOT|ELECTRICAL PARAMETRIC TEST|WAFER SORT TEST|ELECTRICAL PARAMETRIC TEST|SWITCHING TEST|WAFER SORT TEST|YIELD ANALYSIS|LOT FINAL LOT FINAL LOT|PACKAGE PREPARATION|COAT TEST|COAT TEST|SWITCHING TEST|WAFER SORT TEST|YIELD ANALYSIS|LOT|WAFER SORT TEST|COAT TEST|COAT TEST|COAT TEST|ELECTRICAL YIELD ANALYSIS|WAFER SORT TEST|LOT WAFER SORT TEST|ELECTRICAL YIELD ANALYSIS|WAFER SORT TEST|LOT YIELD ANALYSIS|WAFER SORT TEST|LOT FINAL YIELD ANALYSIS|RAPID EXPOSE BAKE|DEVELOP YIELD ANALYSIS
valid_ic_0086_f60,DEPOSIT BARRIER METAL|DEPOSIT TUNGSTEN SEED|FILL VIA TUNGSTEN|CMP METAL|MEASURE VIA RESISTANCE|DEPOSIT METAL 1|ANNEAL METAL|SPIN COAT PHOTORESIST|SOFT BAKE|ALIGN MASK LEVEL 4|EXPOSE LITHO LEVEL 4|DEVELOP PHOTORESIST|METAL PATTERN INSPECTION|METAL ETCH DRY|STRIP RESIST|CLEAN AFTER METAL ETCH|MEASURE LINE WIDTH|DEPOSIT PASSIVATION|CURE PASSIVATION|MEASURE PASSIVATION THICKNESS|OPEN PAD WINDOW|PAD WINDOW LITHO|DEVELOP PHOTORESIST|PASSIVATION ETCH|STRIP RESIST|CLEAN PAD OPENING|MEASURE PAD OPENING|BACKSIDE CLEAN|DEPOSIT BACKSIDE PROTECTION|BACKSIDE ANNEAL|FINAL CLEAN|FINAL THICKNESS MEASURE|FINAL GEOMETRY CHECK|FINAL OXIDE CHECK|FINAL PARTICLE INSPECTION|ELECTRICAL PARAMETRIC TEST|LEAKAGE TEST|PARAMETRIC TEST|SWITCHING TEST|WAFER SORT TEST|YIELD ANALYSIS|LOT|ELECTRICAL PARAMETRIC TEST|WAFER SORT TEST|LOT|ELECTRICAL PARAMETRIC TEST|WAFER SORT TEST|YIELD ANALYSIS|LOT|WAFER SORT TEST|ELECTRICAL PARAMETRIC TEST|SWITCHING TEST|WAFER SORT TEST|YIELD ANALYSIS|LOT FINAL LOT FINAL LOT|PACKAGE PREPARATION|COAT TEST|COAT TEST|SWITCHING TEST|WAFER SORT TEST|YIELD ANALYSIS|LOT FINAL LOT FINAL LOT|COAT TEST|COAT TEST|COAT TEST|COAT TEST|WAFER SORT TEST|YIELD ANALYSIS|LOT WAFER SORT TEST|ELECTRICAL YIELD ANALYSIS|WAFER SORT TEST|LOT FINAL LOT FINAL LOT|PACKAGE PREPARATION|EXPOSE BAKE|DEVELOP YIELD ANALYSIS|VIA ETCH VIA
valid_ic_0086_f80,DEVELOP PHOTORESIST|PASSIVATION ETCH|STRIP RESIST|CLEAN PAD OPENING|MEASURE PAD OPENING|BACKSIDE CLEAN|DEPOSIT BACKSIDE PROTECTION|BACKSIDE ANNEAL|FINAL CLEAN|FINAL THICKNESS MEASURE|FINAL GEOMETRY CHECK|FINAL OXIDE CHECK|FINAL PARTICLE INSPECTION|ELECTRICAL PARAMETRIC TEST|LEAKAGE TEST|PARAMETRIC TEST|SWITCHING TEST|WAFER SORT TEST|YIELD ANALYSIS|LOT|WAFER SORT TEST|LOT|ELECTRICAL PARAMETRIC TEST|COAT|ELECTRICAL PARAMETRIC TEST|SWITCHING TEST|WAFER SORT TEST|YIELD ANALYSIS|LOT FINAL LOT FINAL LOT|PACKAGE PREPARATION|PACKAGE PREPARATION|COAT TEST|BACKSIDE ANALYSIS|WAFER SORT TEST|YIELD ANALYSIS|LOT FINAL LOT FINAL LOT|WAFER SORT TEST|COAT TEST|YIELD ANALYSIS|LOT FINAL LOT FINAL LOT|WAFER SORT TEST|ELECTRICAL YIELD ANALYSIS|WAFER SORT TEST|LOT WAFER SORT TEST|ELECTRICAL YIELD ANALYSIS|WAFER SORT TEST|LOT LOT FINAL YIELD ANALYSIS|WAFER SORT TEST|LOT WAFER ANALYSIS|COAT ANALYSIS|COAT ANALYSIS|DEVELOP YIELD ANALYSIS|VIA
valid_ic_0087_f60,STRIP RESIST|CLEAN AFTER VIA ETCH|MEASURE VIA CD INSPECTION|DEPOSIT BARRIER METAL|DEPOSIT TUNGSTEN SEED|FILL VIA TUNGSTEN|CMP METAL|MEASURE VIA RESISTANCE|DEPOSIT TOP METAL|ANNEAL METAL|SPIN COAT PHOTORESIST|SOFT BAKE|ALIGN MASK LEVEL 4|EXPOSE LITHO LEVEL 4|DEVELOP PHOTORESIST|METAL PATTERN INSPECTION|METAL ETCH DRY|STRIP RESIST|CLEAN AFTER METAL ETCH|MEASURE LINE WIDTH|DEPOSIT PASSIVATION|CURE PASSIVATION|MEASURE PASSIVATION THICKNESS|OPEN PAD WINDOW|PAD WINDOW LITHO|DEVELOP PHOTORESIST|PASSIVATION ETCH|STRIP RESIST|CLEAN PAD OPENING|MEASURE PAD OPENING|BACKSIDE CLEAN|DEPOSIT BACKSIDE PROTECTION|BACKSIDE ANNEAL|FINAL CLEAN|FINAL THICKNESS MEASURE|FINAL GEOMETRY CHECK|FINAL OXIDE CHECK|FINAL PARTICLE INSPECTION|ELECTRICAL PARAMETRIC TEST|LEAKAGE TEST|PARAMETRIC TEST|SWITCHING TEST|WAFER SORT TEST|YIELD ANALYSIS|LOT|WAFER SORT TEST|ELECTRICAL TEST|WAFER SORT TEST|YIELD ANALYSIS|LOT|COAT|WAFER SORT TEST|COAT|ELECTRICAL PARAMETRIC TEST|SWITCHING TEST|WAFER SORT TEST|YIELD ANALYSIS|LOT FINAL LOT FINAL LOT|PACKAGE PREPARATION|COAT TEST|COAT TEST|COAT TEST|WAFER SORT TEST|YIELD ANALYSIS|LOT FINAL LOT FINAL LOT|COAT TEST|COAT TEST|COAT TEST|ELECTRICAL YIELD ANALYSIS|WAFER SORT TEST|LOT WAFER SORT TEST|ELECTRICAL YIELD ANALYSIS|WAFER SORT TEST|LOT LOT FINAL YIELD ANALYSIS
valid_ic_0087_f80,DEVELOP PAD WINDOW|PASSIVATION ETCH|STRIP RESIST|CLEAN PAD OPENING|MEASURE PAD OPENING|BACKSIDE CLEAN|DEPOSIT BACKSIDE PROTECTION|BACKSIDE ANNEAL|FINAL CLEAN|FINAL THICKNESS MEASURE|FINAL GEOMETRY CHECK|FINAL OXIDE CHECK|FINAL PARTICLE INSPECTION|ELECTRICAL PARAMETRIC TEST|LEAKAGE TEST|PARAMETRIC TEST|SWITCHING TEST|WAFER SORT TEST|YIELD ANALYSIS|LOT|WAFER SORT TEST|ELECTRICAL PARAMETRIC TEST|SWITCHING TEST|WAFER SORT TEST|YIELD ANALYSIS|LOT|ELECTRICAL PARAMETRIC TEST|WAFER SORT TEST|LOT|YIELD ANALYSIS|WAFER SORT TEST|LOT FINAL LOT|PACKAGE PREPARATION|PACKAGE PREPARATION|COAT TEST|WAFER SORT TEST|YIELD ANALYSIS|LOT FINAL LOT FINAL LOT|WAFER SORT TEST|YIELD ANALYSIS|LOT FINAL LOT FINAL LOT|COAT TEST|COAT TEST|WAFER SORT TEST|YIELD ANALYSIS|LOT WAFER SORT TEST|ELECTRICAL YIELD ANALYSIS|WAFER SORT TEST|LOT YIELD ANALYSIS|WAFER SORT TEST|LOT FINAL LOT YIELD ANALYSIS|WAFER SORT TEST
valid_ic_0088_f60,DEPOSIT TUNGSTEN SEED|FILL VIA TUNGSTEN|CMP METAL|MEASURE VIA RESISTANCE|DEPOSIT METAL 1|ANNEAL METAL|SPIN COAT PHOTORESIST|SOFT BAKE|ALIGN MASK LEVEL 4|EXPOSE LITHO LEVEL 4|DEVELOP PHOTORESIST|METAL PATTERN INSPECTION|METAL ETCH DRY|STRIP RESIST|CLEAN AFTER METAL ETCH|MEASURE LINE WIDTH|DEPOSIT PASSIVATION|CURE PASSIVATION|MEASURE PASSIVATION QUALITY|OPEN PAD WINDOW|PAD WINDOW LITHO|DEVELOP PHOTORESIST|PASSIVATION ETCH|STRIP RESIST|CLEAN PAD OPENING|MEASURE PAD OPENING|BACKSIDE CLEAN|DEPOSIT BACKSIDE PROTECTION|BACKSIDE ANNEAL|FINAL CLEAN|FINAL THICKNESS MEASURE|FINAL GEOMETRY CHECK|FINAL OXIDE CHECK|FINAL PARTICLE INSPECTION|ELECTRICAL PARAMETRIC TEST|LEAKAGE TEST|PARAMETRIC TEST|SWITCHING TEST|WAFER SORT TEST|YIELD ANALYSIS|LOT|WAFER SORT TEST|ELECTRICAL PARAMETRIC TEST|SWITCHING TEST|WAFER SORT TEST|YIELD ANALYSIS|LOT|WAFER SORT TEST|ELECTRICAL PARAMETRIC TEST|WAFER SORT TEST|YIELD ANALYSIS|LOT FINAL LOT FINAL LOT|PACKAGE PREPARATION|PACKAGE PREPARATION|COAT TEST|WAFER SORT TEST|YIELD ANALYSIS|LOT LOT FINAL LOT|WAFER SORT TEST|ELECTRICAL YIELD ANALYSIS|WAFER SORT TEST|LOT FINAL LOT FINAL LOT|COAT TEST|COAT TEST|COAT TEST|WAFER SORT TEST|YIELD ANALYSIS|LOT WAFER SORT TEST|ELECTRICAL YIELD ANALYSIS|WAFER SORT TEST|LOT FINAL LOT YIELD ANALYSIS|WAFER SORT TEST|LOT YIELD ANALYSIS|DIELECTRIC BAKE|DENSIFY TEST
valid_ic_0088_f80,STRIP RESIST|CLEAN PAD OPENING|MEASURE PAD OPENING|BACKSIDE CLEAN|DEPOSIT BACKSIDE PROTECTION|BACKSIDE ANNEAL|FINAL CLEAN|FINAL THICKNESS MEASURE|FINAL GEOMETRY CHECK|FINAL OXIDE CHECK|FINAL PARTICLE INSPECTION|ELECTRICAL PARAMETRIC TEST|LEAKAGE TEST|PARAMETRIC TEST|SWITCHING TEST|WAFER SORT TEST|YIELD ANALYSIS|LOT|WAFER SORT TEST|ELECTRICAL TEST|SWITCHING TEST|WAFER SORT TEST|YIELD ANALYSIS|LOT|WAFER SORT TEST|LOT|COAT|PACKAGE PREPARATION|WAFER SORT TEST|YIELD ANALYSIS|LOT FINAL LOT FINAL LOT|PACKAGE PREPARATION|PACKAGE PREPARATION|WAFER SORT TEST|YIELD ANALYSIS|LOT FINAL LOT FINAL LOT|WAFER SORT TEST|ELECTRICAL YIELD ANALYSIS|WAFER SORT TEST|LOT FINAL YIELD ANALYSIS|WAFER SORT TEST|LOT FINAL LOT|COAT TEST|COAT TEST|COAT TEST|WAFER SORT TEST|YIELD ANALYSIS|LOT FINAL LOT FINAL LOT|COAT ANALYSIS|ELECTRICAL YIELD ANALYSIS|WAFER SORT TEST|LOT
valid_ic_0089_f60,VIA ETCH|STRIP RESIST|CLEAN AFTER VIA ETCH|MEASURE VIA CD INSPECTION|DEPOSIT BARRIER METAL|DEPOSIT TUNGSTEN SEED|FILL VIA TUNGSTEN|CMP METAL|MEASURE VIA RESISTANCE|DEPOSIT TOP METAL|ANNEAL METAL|SPIN COAT PHOTORESIST|SOFT BAKE|ALIGN MASK LEVEL 4|EXPOSE LITHO LEVEL 4|DEVELOP PHOTORESIST|METAL PATTERN INSPECTION|METAL ETCH DRY|STRIP RESIST|CLEAN AFTER METAL ETCH|MEASURE LINE WIDTH|DEPOSIT PASSIVATION|CURE PASSIVATION|MEASURE PASSIVATION THICKNESS|OPEN PAD WINDOW|PAD WINDOW LITHO|DEVELOP PHOTORESIST|PASSIVATION ETCH|STRIP RESIST|CLEAN PAD OPENING|MEASURE PAD OPENING|BACKSIDE CLEAN|DEPOSIT BACKSIDE PROTECTION|BACKSIDE ANNEAL|FINAL CLEAN|FINAL THICKNESS MEASURE|FINAL GEOMETRY CHECK|FINAL PARTICLE INSPECTION|ELECTRICAL PARAMETRIC TEST|LEAKAGE TEST|PARAMETRIC TEST|SWITCHING TEST|WAFER SORT TEST|YIELD ANALYSIS|LOT|ELECTRICAL PARAMETRIC TEST|WAFER SORT TEST|LOT|ELECTRICAL PARAMETRIC TEST|COAT|WAFER SORT TEST|YIELD ANALYSIS|LOT|WAFER SORT TEST|COAT TEST|COAT TEST|COAT TEST|BACKSIDE ANALYSIS|SWITCHING TEST|WAFER SORT TEST|YIELD ANALYSIS|LOT FINAL LOT FINAL LOT|WAFER SORT TEST|YIELD ANALYSIS|LOT FINAL LOT FINAL LOT|WAFER SORT TEST|YIELD ANALYSIS|LOT FINAL LOT FINAL LOT|COAT TEST|COAT TEST|WAFER SORT TEST|YIELD ANALYSIS|LOT WAFER SORT TEST|ELECTRICAL YIELD ANALYSIS|WAFER SORT TEST|LOT WAFER ANALYSIS
valid_ic_0089_f80,OPEN PAD WINDOW|PAD WINDOW LITHO|DEVELOP PHOTORESIST|PASSIVATION ETCH|STRIP RESIST|CLEAN PAD OPENING|MEASURE PAD OPENING|BACKSIDE CLEAN|DEPOSIT BACKSIDE PROTECTION|BACKSIDE ANNEAL|FINAL CLEAN|FINAL THICKNESS MEASURE|FINAL GEOMETRY CHECK|FINAL PARTICLE INSPECTION|ELECTRICAL PARAMETRIC TEST|LEAKAGE TEST|PARAMETRIC TEST|SWITCHING TEST|WAFER SORT TEST|YIELD ANALYSIS|LOT|WAFER SORT TEST|ELECTRICAL PARAMETRIC TEST|SWITCHING TEST|WAFER SORT TEST|YIELD ANALYSIS|LOT|ELECTRICAL PARAMETRIC TEST|WAFER SORT TEST|ELECTRICAL PARAMETRIC TEST|SWITCHING TEST|WAFER SORT TEST|YIELD ANALYSIS|LOT FINAL LOT FINAL LOT|PACKAGE PREPARATION|COAT TEST|COAT TEST|COAT TEST|WAFER SORT TEST|YIELD ANALYSIS|LOT WAFER SORT TEST|ELECTRICAL YIELD ANALYSIS|WAFER SORT TEST|LOT FINAL YIELD ANALYSIS|WAFER SORT TEST|LOT WAFER SORT TEST|ELECTRICAL YIELD ANALYSIS|WAFER SORT TEST|LOT WAFER SORT TEST|ELECTRICAL YIELD ANALYSIS|WAFER ANALYSIS|LOT WAFER ANALYSIS|ELECTRICAL YIELD ANALYSIS
valid_ic_0090_f60,DEPOSIT BARRIER METAL|DEPOSIT TUNGSTEN SEED|FILL VIA TUNGSTEN|CMP METAL|MEASURE VIA RESISTANCE|DEPOSIT TOP METAL|ANNEAL METAL|SPIN COAT PHOTORESIST|SOFT BAKE|ALIGN MASK LEVEL 4|EXPOSE LITHO LEVEL 4|DEVELOP PHOTORESIST|METAL PATTERN INSPECTION|METAL ETCH DRY|STRIP RESIST|CLEAN AFTER METAL ETCH|MEASURE LINE WIDTH|DEPOSIT PASSIVATION|CURE PASSIVATION|MEASURE PASSIVATION QUALITY|OPEN PAD WINDOW|PAD WINDOW LITHO|DEVELOP PHOTORESIST|PASSIVATION ETCH|STRIP RESIST|CLEAN PAD OPENING|MEASURE PAD OPENING|BACKSIDE CLEAN|DEPOSIT BACKSIDE PROTECTION|BACKSIDE ANNEAL|FINAL CLEAN|FINAL THICKNESS MEASURE|FINAL GEOMETRY CHECK|FINAL OXIDE CHECK|FINAL PARTICLE INSPECTION|ELECTRICAL PARAMETRIC TEST|LEAKAGE TEST|PARAMETRIC TEST|SWITCHING TEST|WAFER SORT TEST|YIELD ANALYSIS|LOT|WAFER SORT TEST|ELECTRICAL TEST|SWITCHING TEST|WAFER SORT TEST|YIELD ANALYSIS|LOT|WAFER SORT TEST|ELECTRICAL PARAMETRIC TEST|SWITCHING TEST|WAFER SORT TEST|YIELD ANALYSIS|LOT FINAL LOT FINAL LOT|PACKAGE PREPARATION|COAT TEST|COAT TEST|WAFER SORT TEST|YIELD ANALYSIS|LOT FINAL LOT FINAL LOT|WAFER SORT TEST|ELECTRICAL YIELD ANALYSIS|WAFER SORT TEST|LOT FINAL WAFER SORT TEST|ELECTRICAL YIELD ANALYSIS|WAFER SORT TEST|LOT WAFER SORT TEST|ELECTRICAL YIELD ANALYSIS|WAFER SORT TEST|LOT FINAL LOT WAFER ANALYSIS|ELECTRICAL YIELD ANALYSIS|WAFER ANALYSIS|LOT WAFER ANALYSIS|CMP DIELECTRIC BAKE|DENSIFY TEST|DENSIFY TEST
valid_ic_0090_f80,DEVELOP PHOTORESIST|PASSIVATION ETCH|STRIP RESIST|CLEAN PAD OPENING|MEASURE PAD OPENING|BACKSIDE CLEAN|DEPOSIT BACKSIDE PROTECTION|BACKSIDE ANNEAL|FINAL CLEAN|FINAL THICKNESS MEASURE|FINAL GEOMETRY CHECK|FINAL OXIDE CHECK|FINAL PARTICLE INSPECTION|ELECTRICAL PARAMETRIC TEST|LEAKAGE TEST|PARAMETRIC TEST|SWITCHING TEST|WAFER SORT TEST|YIELD ANALYSIS|LOT|WAFER SORT TEST|ELECTRICAL PARAMETRIC TEST|SWITCHING TEST|WAFER SORT TEST|YIELD ANALYSIS|LOT|WAFER SORT TEST|LOT|COAT|COAT TEST|COAT TEST|COAT TEST|WAFER SORT TEST|YIELD ANALYSIS|LOT FINAL LOT FINAL LOT|PACKAGE PREPARATION|COAT TEST|COAT TEST|COAT TEST|WAFER SORT TEST|YIELD ANALYSIS|LOT FINAL LOT FINAL LOT|COAT TEST|COAT TEST|COAT TEST|COAT TEST|WAFER SORT TEST|YIELD ANALYSIS|LOT WAFER SORT TEST|ELECTRICAL YIELD ANALYSIS|WAFER SORT TEST|LOT FINAL YIELD ANALYSIS|WAFER SORT TEST
valid_ic_0091_f60,MEASURE VIA CD INSPECTION|DEPOSIT BARRIER METAL|DEPOSIT TUNGSTEN SEED|FILL VIA TUNGSTEN|CMP METAL|MEASURE VIA RESISTANCE|DEPOSIT TOP METAL|ANNEAL METAL|SPIN COAT PHOTORESIST|SOFT BAKE|ALIGN MASK LEVEL 4|EXPOSE LITHO LEVEL 4|DEVELOP PHOTORESIST|METAL PATTERN INSPECTION|METAL ETCH DRY|STRIP RESIST|CLEAN AFTER METAL ETCH|MEASURE LINE WIDTH|DEPOSIT PASSIVATION|CURE PASSIVATION|MEASURE PASSIVATION QUALITY|OPEN PAD WINDOW|PAD WINDOW LITHO|DEVELOP PHOTORESIST|PASSIVATION ETCH|STRIP RESIST|CLEAN PAD OPENING|MEASURE PAD OPENING|BACKSIDE CLEAN|DEPOSIT BACKSIDE PROTECTION|BACKSIDE ANNEAL|FINAL CLEAN|FINAL THICKNESS MEASURE|FINAL GEOMETRY CHECK|FINAL OXIDE CHECK|FINAL PARTICLE INSPECTION|ELECTRICAL PARAMETRIC TEST|LEAKAGE TEST|PARAMETRIC TEST|SWITCHING TEST|WAFER SORT TEST|YIELD ANALYSIS|LOT|WAFER SORT TEST|ELECTRICAL PARAMETRIC TEST|SWITCHING TEST|WAFER SORT TEST|YIELD ANALYSIS|LOT|WAFER SORT TEST|ELECTRICAL PARAMETRIC TEST|WAFER SORT TEST|YIELD ANALYSIS|LOT FINAL LOT FINAL LOT|PACKAGE PREPARATION|COAT TEST|COAT TEST|WAFER SORT TEST|YIELD ANALYSIS|LOT FINAL LOT FINAL LOT|WAFER SORT TEST|COAT TEST|YIELD ANALYSIS|LOT FINAL LOT FINAL LOT|COAT TEST|COAT TEST|COAT TEST|COAT TEST|WAFER SORT TEST|YIELD ANALYSIS|LOT YIELD ANALYSIS|WAFER SORT TEST|LOT WAFER SORT TEST|ELECTRICAL YIELD ANALYSIS|WAFER ANALYSIS|LOT LOT LOT LOT LOT
valid_ic_0091_f80,DEVELOP PHOTORESIST|PASSIVATION ETCH|STRIP RESIST|CLEAN PAD OPENING|MEASURE PAD OPENING|BACKSIDE CLEAN|DEPOSIT BACKSIDE PROTECTION|BACKSIDE ANNEAL|FINAL CLEAN|FINAL THICKNESS MEASURE|FINAL GEOMETRY CHECK|FINAL OXIDE CHECK|FINAL PARTICLE INSPECTION|ELECTRICAL PARAMETRIC TEST|LEAKAGE TEST|PARAMETRIC TEST|SWITCHING TEST|WAFER SORT TEST|YIELD ANALYSIS|LOT|ELECTRICAL PARAMETRIC TEST|WAFER SORT TEST|LOT|ELECTRICAL PARAMETRIC TEST|COAT|WAFER SORT TEST|YIELD ANALYSIS|LOT|WAFER SORT TEST|WAFER SORT TEST|YIELD ANALYSIS|LOT FINAL LOT FINAL LOT|PACKAGE PREPARATION|PACKAGE PREPARATION|COAT TEST|WAFER SORT TEST|YIELD ANALYSIS|LOT FINAL LOT FINAL LOT|COAT TEST|COAT TEST|COAT TEST|WAFER SORT TEST|YIELD ANALYSIS|LOT FINAL LOT FINAL LOT|COAT TEST|COAT TEST|COAT TEST|WAFER SORT TEST|YIELD ANALYSIS|LOT LOT FINAL LOT|WAFER SORT TEST|ELECTRICAL YIELD ANALYSIS|WAFER SORT TEST
valid_ic_0092_f60,CLEAN AFTER VIA ETCH|MEASURE VIA CD INSPECTION|DEPOSIT BARRIER METAL|DEPOSIT TUNGSTEN SEED|FILL VIA TUNGSTEN|CMP METAL|MEASURE VIA RESISTANCE|DEPOSIT METAL 1|ANNEAL METAL|SPIN COAT PHOTORESIST|SOFT BAKE|ALIGN MASK LEVEL 4|EXPOSE LITHO LEVEL 4|DEVELOP PHOTORESIST|METAL PATTERN INSPECTION|METAL ETCH DRY|STRIP RESIST|CLEAN AFTER METAL ETCH|MEASURE LINE WIDTH|DEPOSIT PASSIVATION|CURE PASSIVATION|MEASURE PASSIVATION QUALITY|OPEN PAD WINDOW|PAD WINDOW LITHO|DEVELOP PHOTORESIST|PASSIVATION ETCH|STRIP RESIST|CLEAN PAD OPENING|MEASURE PAD OPENING|BACKSIDE CLEAN|DEPOSIT BACKSIDE PROTECTION|BACKSIDE ANNEAL|FINAL CLEAN|FINAL THICKNESS MEASURE|FINAL GEOMETRY CHECK|FINAL OXIDE CHECK|FINAL PARTICLE INSPECTION|ELECTRICAL PARAMETRIC TEST|LEAKAGE TEST|PARAMETRIC TEST|SWITCHING TEST|WAFER SORT TEST|YIELD ANALYSIS|LOT|ELECTRICAL PARAMETRIC TEST|WAFER SORT TEST|LOT|YIELD ANALYSIS|WAFER SORT TEST|LOT|ELECTRICAL PARAMETRIC TEST|COAT|WAFER SORT TEST|YIELD ANALYSIS|LOT FINAL LOT FINAL LOT|PACKAGE PREPARATION|COAT TEST|WAFER SORT TEST|YIELD ANALYSIS|LOT FINAL LOT FINAL LOT|WAFER SORT TEST|YIELD ANALYSIS|LOT FINAL LOT FINAL LOT|WAFER SORT TEST|YIELD ANALYSIS|LOT FINAL LOT FINAL LOT|WAFER SORT TEST|ELECTRICAL YIELD ANALYSIS|WAFER SORT TEST|LOT WAFER SORT TEST|ELECTRICAL SWITCHING TEST|WAFER SORT TEST|YIELD ANALYSIS|LOT FINAL LOT FINAL LOT|COAT ANALYSIS|COAT ANALYSIS
valid_ic_0092_f80,OPEN PAD WINDOW|PAD WINDOW LITHO|DEVELOP PHOTORESIST|PASSIVATION ETCH|STRIP RESIST|CLEAN PAD OPENING|MEASURE PAD OPENING|BACKSIDE CLEAN|DEPOSIT BACKSIDE PROTECTION|BACKSIDE ANNEAL|FINAL CLEAN|FINAL THICKNESS MEASURE|FINAL GEOMETRY CHECK|FINAL PARTICLE INSPECTION|ELECTRICAL PARAMETRIC TEST|LEAKAGE TEST|PARAMETRIC TEST|SWITCHING TEST|WAFER SORT TEST|YIELD ANALYSIS|LOT|ELECTRICAL PARAMETRIC TEST|WAFER SORT TEST|LOT|ELECTRICAL PARAMETRIC TEST|ALIGN MASK|WAFER SORT TEST|YIELD ANALYSIS|LOT|WAFER SORT TEST|COAT TEST|COAT TEST|WAFER SORT TEST|YIELD ANALYSIS|LOT FINAL LOT FINAL LOT|WAFER SORT TEST|ELECTRICAL YIELD ANALYSIS|WAFER SORT TEST|LOT FINAL YIELD ANALYSIS|WAFER SORT TEST|LOT FINAL YIELD ANALYSIS|WAFER SORT TEST|LOT FINAL YIELD ANALYSIS|WAFER SORT TEST|LOT WAFER SORT TEST|ELECTRICAL YIELD ANALYSIS|WAFER SORT TEST|LOT LOT FINAL YIELD ANALYSIS|WAFER SORT TEST|LOT YIELD ANALYSIS|WAFER ANALYSIS|LOT LOT LOT LOT|CMP DIELECTRIC BAKE
valid_ic_0093_f60,MEASURE VIA CD INSPECTION|DEPOSIT BARRIER METAL|DEPOSIT TUNGSTEN SEED|FILL VIA TUNGSTEN|CMP METAL|MEASURE VIA RESISTANCE|DEPOSIT TOP METAL|ANNEAL METAL|SPIN COAT PHOTORESIST|SOFT BAKE|ALIGN MASK LEVEL 4|EXPOSE LITHO LEVEL 4|DEVELOP PHOTORESIST|METAL PATTERN INSPECTION|METAL ETCH DRY|STRIP RESIST|CLEAN AFTER METAL ETCH|MEASURE LINE WIDTH|DEPOSIT PASSIVATION|CURE PASSIVATION|MEASURE PASSIVATION QUALITY|OPEN PAD WINDOW|PAD WINDOW LITHO|DEVELOP PHOTORESIST|PASSIVATION ETCH|STRIP RESIST|CLEAN PAD OPENING|MEASURE PAD OPENING|BACKSIDE CLEAN|DEPOSIT BACKSIDE PROTECTION|BACKSIDE ANNEAL|FINAL CLEAN|FINAL THICKNESS MEASURE|FINAL GEOMETRY CHECK|FINAL OXIDE CHECK|FINAL PARTICLE INSPECTION|ELECTRICAL PARAMETRIC TEST|LEAKAGE TEST|PARAMETRIC TEST|SWITCHING TEST|WAFER SORT TEST|YIELD ANALYSIS|LOT|WAFER SORT TEST|ELECTRICAL PARAMETRIC TEST|SWITCHING TEST|WAFER SORT TEST|YIELD ANALYSIS|LOT|ELECTRICAL PARAMETRIC TEST|WAFER SORT TEST|ELECTRICAL PARAMETRIC TEST|SWITCHING TEST|WAFER SORT TEST|YIELD ANALYSIS|LOT FINAL LOT FINAL LOT|PACKAGE PREPARATION|COAT TEST|COAT TEST|SWITCHING TEST|WAFER SORT TEST|YIELD ANALYSIS|LOT|WAFER SORT TEST|ELECTRICAL YIELD ANALYSIS|WAFER SORT TEST|LOT WAFER SORT TEST|ELECTRICAL YIELD ANALYSIS|WAFER SORT TEST|LOT WAFER SORT TEST|ELECTRICAL YIELD ANALYSIS|WAFER SORT TEST|LOT WAFER ANALYSIS|ELECTRICAL YIELD ANALYSIS|WAFER ANALYSIS|LOT LOT LOT LOT LOT
valid_ic_0093_f80,OPEN PAD WINDOW|PAD WINDOW LITHO|DEVELOP PHOTORESIST|PASSIVATION ETCH|STRIP RESIST|CLEAN PAD OPENING|MEASURE PAD OPENING|BACKSIDE THINNING CHECK|BACKSIDE CLEAN|DEPOSIT BACKSIDE PROTECTION|BACKSIDE ANNEAL|FINAL CLEAN|FINAL THICKNESS MEASURE|FINAL GEOMETRY CHECK|FINAL PARTICLE INSPECTION|ELECTRICAL PARAMETRIC TEST|LEAKAGE TEST|PARAMETRIC TEST|SWITCHING TEST|WAFER SORT TEST|YIELD ANALYSIS|LOT|WAFER SORT TEST|ELECTRICAL PARAMETRIC TEST|SWITCHING TEST|WAFER SORT TEST|YIELD ANALYSIS|LOT|WAFER SORT TEST|ELECTRICAL PARAMETRIC TEST|SWITCHING TEST|WAFER SORT TEST|YIELD ANALYSIS|LOT FINAL LOT FINAL LOT|PACKAGE PREPARATION|COAT TEST|COAT TEST|WAFER SORT TEST|YIELD ANALYSIS|LOT FINAL LOT FINAL LOT|COAT TEST|COAT TEST|COAT TEST|COAT TEST|WAFER SORT TEST|YIELD ANALYSIS|LOT WAFER SORT TEST|ELECTRICAL YIELD ANALYSIS|WAFER SORT TEST|LOT WAFER ANALYSIS|ELECTRICAL YIELD ANALYSIS|WAFER SORT TEST|LOT YIELD ANALYSIS
valid_ic_0094_f60,MEASURE VIA CD INSPECTION|DEPOSIT BARRIER METAL|DEPOSIT TUNGSTEN SEED|FILL VIA TUNGSTEN|CMP METAL|MEASURE VIA RESISTANCE|DEPOSIT TOP METAL|ANNEAL METAL|SPIN COAT PHOTORESIST|SOFT BAKE|ALIGN MASK LEVEL 4|EXPOSE LITHO LEVEL 4|DEVELOP PHOTORESIST|METAL PATTERN INSPECTION|METAL ETCH DRY|STRIP RESIST|CLEAN AFTER METAL ETCH|MEASURE LINE WIDTH|DEPOSIT PASSIVATION|CURE PASSIVATION|MEASURE PASSIVATION THICKNESS|OPEN PAD WINDOW|PAD WINDOW LITHO|DEVELOP PHOTORESIST|PASSIVATION ETCH|STRIP RESIST|CLEAN PAD OPENING|MEASURE PAD OPENING|BACKSIDE CLEAN|DEPOSIT BACKSIDE PROTECTION|BACKSIDE ANNEAL|FINAL CLEAN|FINAL THICKNESS MEASURE|FINAL GEOMETRY CHECK|FINAL OXIDE CHECK|FINAL PARTICLE INSPECTION|ELECTRICAL PARAMETRIC TEST|LEAKAGE TEST|PARAMETRIC TEST|SWITCHING TEST|WAFER SORT TEST|YIELD ANALYSIS|LOT|ELECTRICAL PARAMETRIC TEST|WAFER SORT TEST|LOT|ELECTRICAL PARAMETRIC TEST|COAT|ELECTRICAL PARAMETRIC TEST|SWITCHING TEST|WAFER SORT TEST|YIELD ANALYSIS|LOT FINAL LOT FINAL LOT|PACKAGE PREPARATION|PACKAGE PREPARATION|COAT TEST|WAFER SORT TEST|YIELD ANALYSIS|LOT FINAL LOT FINAL LOT|WAFER SORT TEST|YIELD ANALYSIS|LOT FINAL LOT FINAL LOT|COAT TEST|COAT TEST|WAFER SORT TEST|YIELD ANALYSIS|LOT FINAL LOT FINAL LOT|COAT TEST|COAT TEST|COAT TEST|COAT TEST|COAT TEST|WAFER SORT TEST|YIELD ANALYSIS|LOT LOT LOT LOT|WAFER SORT TEST
valid_ic_0094_f80,PAD WINDOW LITHO|DEVELOP PHOTORESIST|PASSIVATION ETCH|STRIP RESIST|CLEAN PAD OPENING|MEASURE PAD OPENING|BACKSIDE CLEAN|DEPOSIT BACKSIDE PROTECTION|BACKSIDE ANNEAL|FINAL CLEAN|FINAL THICKNESS MEASURE|FINAL GEOMETRY CHECK|FINAL PARTICLE INSPECTION|ELECTRICAL PARAMETRIC TEST|LEAKAGE TEST|PARAMETRIC TEST|SWITCHING TEST|WAFER SORT TEST|YIELD ANALYSIS|LOT|ELECTRICAL PARAMETRIC TEST|WAFER SORT TEST|LOT|ELECTRICAL PARAMETRIC TEST|WAFER SORT TEST|YIELD ANALYSIS|LOT|COAT|WAFER SORT TEST|ELECTRICAL PARAMETRIC TEST|SWITCHING TEST|WAFER SORT TEST|YIELD ANALYSIS|LOT FINAL LOT|PACKAGE PREPARATION|WAFER SORT TEST|YIELD ANALYSIS|LOT FINAL LOT FINAL LOT|WAFER SORT TEST|ELECTRICAL YIELD ANALYSIS|WAFER SORT TEST|LOT FINAL LOT FINAL LOT|COAT TEST|COAT TEST|COAT TEST|WAFER SORT TEST|YIELD ANALYSIS|LOT WAFER SORT TEST|WAFER SORT TEST|ELECTRICAL YIELD ANALYSIS|WAFER SORT TEST|LOT YIELD ANALYSIS|WAFER SORT TEST
valid_ic_0095_f60,VIA ETCH|STRIP RESIST|CLEAN AFTER VIA ETCH|MEASURE VIA CD INSPECTION|DEPOSIT BARRIER METAL|DEPOSIT TUNGSTEN SEED|FILL VIA TUNGSTEN|CMP METAL|MEASURE VIA RESISTANCE|DEPOSIT TOP METAL|ANNEAL METAL|SPIN COAT PHOTORESIST|SOFT BAKE|ALIGN MASK LEVEL 4|EXPOSE LITHO LEVEL 4|DEVELOP PHOTORESIST|METAL PATTERN INSPECTION|METAL ETCH DRY|STRIP RESIST|CLEAN AFTER METAL ETCH|MEASURE LINE WIDTH|DEPOSIT PASSIVATION|CURE PASSIVATION|MEASURE PASSIVATION QUALITY|OPEN PAD WINDOW|PAD WINDOW LITHO|DEVELOP PHOTORESIST|PASSIVATION ETCH|STRIP RESIST|CLEAN PAD OPENING|MEASURE PAD OPENING|BACKSIDE CLEAN|DEPOSIT BACKSIDE PROTECTION|BACKSIDE ANNEAL|FINAL CLEAN|FINAL THICKNESS MEASURE|FINAL GEOMETRY CHECK|FINAL PARTICLE INSPECTION|ELECTRICAL PARAMETRIC TEST|LEAKAGE TEST|PARAMETRIC TEST|SWITCHING TEST|WAFER SORT TEST|YIELD ANALYSIS|LOT|ELECTRICAL PARAMETRIC TEST|WAFER SORT TEST|LOT|ELECTRICAL PARAMETRIC TEST|SWITCHING TEST|WAFER SORT TEST|YIELD ANALYSIS|LOT|WAFER SORT TEST|COAT TEST|ELECTRICAL YIELD ANALYSIS|WAFER SORT TEST|LOT|WAFER SORT TEST|ELECTRICAL YIELD ANALYSIS|WAFER SORT TEST|LOT FINAL YIELD ANALYSIS|WAFER SORT TEST|LOT FINAL LOT FINAL LOT|COAT TEST|COAT TEST|COAT TEST|VIA ETCH WAFER SORT TEST|STRIP YIELD ANALYSIS|LOT FINAL LOT FINAL LOT|COAT TEST|COAT TEST|COAT TEST|COAT TEST|WAFER SORT TEST|YIELD ANALYSIS
valid_ic_0095_f80,MEASURE PASSIVATION QUALITY|OPEN PAD WINDOW|PAD WINDOW LITHO|DEVELOP PHOTORESIST|PASSIVATION ETCH|STRIP RESIST|CLEAN PAD OPENING|MEASURE PAD OPENING|BACKSIDE CLEAN|DEPOSIT BACKSIDE PROTECTION|BACKSIDE ANNEAL|FINAL CLEAN|FINAL THICKNESS MEASURE|FINAL GEOMETRY CHECK|FINAL PARTICLE INSPECTION|ELECTRICAL PARAMETRIC TEST|LEAKAGE TEST|PARAMETRIC TEST|SWITCHING TEST|WAFER SORT TEST|YIELD ANALYSIS|LOT|ELECTRICAL PARAMETRIC TEST|WAFER SORT TEST|LOT|ELECTRICAL PARAMETRIC TEST|SWITCHING TEST|WAFER SORT TEST|YIELD ANALYSIS|LOT|WAFER SORT TEST|COAT TEST|COAT TEST|BACKSIDE ANALYSIS|BACKSIDE ANNEAL|WAFER SORT TEST|YIELD ANALYSIS|LOT WAFER SORT TEST|WAFER SORT TEST|LOT FINAL YIELD ANALYSIS|WAFER SORT TEST|LOT FINAL YIELD ANALYSIS|WAFER SORT TEST|LOT FINAL LOT FINAL LOT|COAT TEST|COAT TEST|COAT TEST|WAFER SORT TEST|YIELD ANALYSIS|LOT WAFER SORT TEST|ELECTRICAL YIELD ANALYSIS|WAFER ANALYSIS|LOT YIELD ANALYSIS
valid_ic_0096_f60,DEPOSIT TUNGSTEN SEED|FILL VIA TUNGSTEN|CMP METAL|MEASURE VIA RESISTANCE|DEPOSIT TOP METAL|ANNEAL METAL|SPIN COAT PHOTORESIST|SOFT BAKE|ALIGN MASK LEVEL 4|EXPOSE LITHO LEVEL 4|DEVELOP PHOTORESIST|METAL PATTERN INSPECTION|METAL ETCH DRY|STRIP RESIST|CLEAN AFTER METAL ETCH|MEASURE LINE WIDTH|DEPOSIT PASSIVATION|CURE PASSIVATION|MEASURE PASSIVATION QUALITY|OPEN PAD WINDOW|PAD WINDOW LITHO|DEVELOP PHOTORESIST|PASSIVATION ETCH|STRIP RESIST|CLEAN PAD OPENING|MEASURE PAD OPENING|BACKSIDE CLEAN|DEPOSIT BACKSIDE PROTECTION|BACKSIDE ANNEAL|FINAL CLEAN|FINAL THICKNESS MEASURE|FINAL GEOMETRY CHECK|FINAL OXIDE CHECK|FINAL PARTICLE INSPECTION|ELECTRICAL PARAMETRIC TEST|LEAKAGE TEST|PARAMETRIC TEST|SWITCHING TEST|WAFER SORT TEST|YIELD ANALYSIS|LOT|WAFER SORT TEST|ELECTRICAL PARAMETRIC TEST|SWITCHING TEST|WAFER SORT TEST|YIELD ANALYSIS|LOT|WAFER SORT TEST|ELECTRICAL PARAMETRIC TEST|SWITCHING TEST|WAFER SORT TEST|YIELD ANALYSIS|LOT FINAL LOT FINAL LOT|PACKAGE PREPARATION|COAT TEST|COAT TEST|WAFER SORT TEST|YIELD ANALYSIS|LOT FINAL LOT FINAL LOT|WAFER SORT TEST|ELECTRICAL YIELD ANALYSIS|WAFER SORT TEST|LOT FINAL WAFER SORT TEST|ELECTRICAL YIELD ANALYSIS|WAFER SORT TEST|LOT|ELECTRICAL YIELD ANALYSIS|WAFER SORT TEST|LOT YIELD ANALYSIS|WAFER SORT TEST|LOT FINAL LOT WAFER ANALYSIS|ELECTRICAL YIELD ANALYSIS|WAFER ANALYSIS|LOT|DENSIFY TEST|DENSIFY TEST
valid_ic_0096_f80,DEVELOP PHOTORESIST|PASSIVATION ETCH|STRIP RESIST|CLEAN PAD OPENING|MEASURE PAD OPENING|BACKSIDE CLEAN|DEPOSIT BACKSIDE PROTECTION|BACKSIDE ANNEAL|FINAL CLEAN|FINAL THICKNESS MEASURE|FINAL GEOMETRY CHECK|FINAL OXIDE CHECK|FINAL PARTICLE INSPECTION|ELECTRICAL PARAMETRIC TEST|LEAKAGE TEST|PARAMETRIC TEST|SWITCHING TEST|WAFER SORT TEST|YIELD ANALYSIS|LOT|WAFER SORT TEST|ELECTRICAL TEST|SWITCHING TEST|WAFER SORT TEST|YIELD ANALYSIS|LOT|WAFER SORT TEST|ELECTRICAL PARAMETRIC TEST|SWITCHING TEST|WAFER SORT TEST|YIELD ANALYSIS|LOT FINAL LOT FINAL LOT|WAFER SORT TEST|ELECTRICAL YIELD ANALYSIS|WAFER SORT TEST|LOT FINAL YIELD ANALYSIS|WAFER SORT TEST|LOT FINAL LOT|COAT TEST|COAT TEST|COAT TEST|WAFER SORT TEST|YIELD ANALYSIS|LOT|COAT TEST|COAT TEST|COAT TEST|ELECTRICAL YIELD ANALYSIS|WAFER ANALYSIS|LOT LOT LOT|EXPOSE BAKE|COAT ANALYSIS|CMP DIELECTRIC BAKE
valid_ic_0097_f60,DEPOSIT BARRIER METAL|DEPOSIT TUNGSTEN SEED|FILL VIA TUNGSTEN|CMP METAL|MEASURE VIA RESISTANCE|DEPOSIT METAL 1|ANNEAL METAL|SPIN COAT PHOTORESIST|SOFT BAKE|ALIGN MASK LEVEL 4|EXPOSE LITHO LEVEL 4|DEVELOP PHOTORESIST|METAL PATTERN INSPECTION|METAL ETCH DRY|STRIP RESIST|CLEAN AFTER METAL ETCH|MEASURE LINE WIDTH|DEPOSIT PASSIVATION|CURE PASSIVATION|MEASURE PASSIVATION QUALITY|OPEN PAD WINDOW|PAD WINDOW LITHO|DEVELOP PAD WINDOW|PASSIVATION ETCH|STRIP RESIST|CLEAN PAD OPENING|MEASURE PAD OPENING|BACKSIDE CLEAN|DEPOSIT BACKSIDE PROTECTION|BACKSIDE ANNEAL|FINAL CLEAN|FINAL THICKNESS MEASURE|FINAL GEOMETRY CHECK|FINAL OXIDE CHECK|FINAL PARTICLE INSPECTION|ELECTRICAL PARAMETRIC TEST|LEAKAGE TEST|PARAMETRIC TEST|SWITCHING TEST|WAFER SORT TEST|YIELD ANALYSIS|LOT|WAFER SORT TEST|ELECTRICAL PARAMETRIC TEST|SWITCHING TEST|WAFER SORT TEST|YIELD ANALYSIS|LOT|WAFER SORT TEST|ELECTRICAL PARAMETRIC TEST|SWITCHING TEST|WAFER SORT TEST|YIELD ANALYSIS|LOT FINAL LOT FINAL LOT|PACKAGE PREPARATION|COAT TEST|COAT TEST|WAFER SORT TEST|YIELD ANALYSIS|LOT FINAL LOT FINAL LOT|WAFER SORT TEST|ELECTRICAL YIELD ANALYSIS|WAFER SORT TEST|LOT FINAL WAFER SORT TEST|ELECTRICAL YIELD ANALYSIS|WAFER SORT TEST|LOT FINAL LOT|PACKAGE PREPARATION|WAFER SORT TEST|YIELD ANALYSIS|LOT FINAL LOT FINAL LOT|EXPOSE BAKE|DEVELOP YIELD ANALYSIS|VIA|DIELECTRIC BAKE|DIELECTRIC BAKE
valid_ic_0097_f80,DEVELOP PHOTORESIST|PASSIVATION ETCH|STRIP RESIST|CLEAN PAD OPENING|MEASURE PAD OPENING|BACKSIDE CLEAN|DEPOSIT BACKSIDE PROTECTION|BACKSIDE ANNEAL|FINAL CLEAN|FINAL THICKNESS MEASURE|FINAL GEOMETRY CHECK|FINAL OXIDE CHECK|FINAL PARTICLE INSPECTION|ELECTRICAL PARAMETRIC TEST|LEAKAGE TEST|PARAMETRIC TEST|SWITCHING TEST|WAFER SORT TEST|YIELD ANALYSIS|LOT|WAFER SORT TEST|ELECTRICAL TEST|WAFER SORT TEST|YIELD ANALYSIS|LOT|COAT|WAFER SORT TEST|ELECTRICAL PARAMETRIC TEST|SWITCHING TEST|WAFER SORT TEST|YIELD ANALYSIS|LOT|WAFER SORT TEST|WAFER SORT TEST|YIELD ANALYSIS|LOT FINAL LOT FINAL LOT|COAT TEST|COAT TEST|COAT TEST|SWITCHING TEST|WAFER SORT TEST|YIELD ANALYSIS|LOT FINAL LOT FINAL LOT|COAT TEST|COAT TEST|COAT TEST|WAFER SORT TEST|YIELD ANALYSIS|LOT YIELD ANALYSIS|WAFER ANALYSIS|LOT WAFER ANALYSIS|ELECTRICAL YIELD ANALYSIS|WAFER ANALYSIS
valid_ic_0098_f60,STRIP RESIST|CLEAN AFTER VIA ETCH|MEASURE VIA CD INSPECTION|DEPOSIT BARRIER METAL|DEPOSIT TUNGSTEN SEED|FILL VIA TUNGSTEN|CMP METAL|MEASURE VIA RESISTANCE|DEPOSIT TOP METAL|ANNEAL METAL|SPIN COAT PHOTORESIST|SOFT BAKE|ALIGN MASK LEVEL 4|EXPOSE LITHO LEVEL 4|DEVELOP PHOTORESIST|METAL PATTERN INSPECTION|METAL ETCH DRY|STRIP RESIST|CLEAN AFTER METAL ETCH|MEASURE LINE WIDTH|DEPOSIT PASSIVATION|CURE PASSIVATION|MEASURE PASSIVATION THICKNESS|OPEN PAD WINDOW|PAD WINDOW LITHO|DEVELOP PHOTORESIST|PASSIVATION ETCH|STRIP RESIST|CLEAN PAD OPENING|MEASURE PAD OPENING|BACKSIDE CLEAN|DEPOSIT BACKSIDE PROTECTION|BACKSIDE ANNEAL|FINAL CLEAN|FINAL THICKNESS MEASURE|FINAL GEOMETRY CHECK|FINAL OXIDE CHECK|FINAL PARTICLE INSPECTION|ELECTRICAL PARAMETRIC TEST|LEAKAGE TEST|PARAMETRIC TEST|SWITCHING TEST|WAFER SORT TEST|YIELD ANALYSIS|LOT|WAFER SORT TEST|ELECTRICAL PARAMETRIC TEST|SWITCHING TEST|WAFER SORT TEST|YIELD ANALYSIS|LOT|WAFER SORT TEST|LOT|COAT TEST|COAT TEST|COAT TEST|BACKSIDE ANALYSIS|SWITCHING TEST|WAFER SORT TEST|YIELD ANALYSIS|LOT WAFER SORT TEST|ELECTRICAL YIELD ANALYSIS|WAFER SORT TEST|LOT FINAL YIELD ANALYSIS|WAFER SORT TEST|LOT WAFER SORT TEST|ELECTRICAL YIELD ANALYSIS|WAFER SORT TEST|LOT WAFER SORT TEST|ELECTRICAL YIELD ANALYSIS|WAFER SORT TEST|LOT WAFER ANALYSIS|ELECTRICAL YIELD ANALYSIS|WAFER ANALYSIS
valid_ic_0098_f80,OPEN PAD WINDOW|PAD WINDOW LITHO|DEVELOP PAD WINDOW|PASSIVATION ETCH|STRIP RESIST|CLEAN PAD OPENING|MEASURE PAD OPENING|BACKSIDE CLEAN|DEPOSIT BACKSIDE PROTECTION|BACKSIDE ANNEAL|FINAL CLEAN|FINAL THICKNESS MEASURE|FINAL GEOMETRY CHECK|FINAL OXIDE CHECK|FINAL PARTICLE INSPECTION|ELECTRICAL PARAMETRIC TEST|LEAKAGE TEST|PARAMETRIC TEST|SWITCHING TEST|WAFER SORT TEST|YIELD ANALYSIS|LOT|WAFER SORT TEST|ELECTRICAL PARAMETRIC TEST|SWITCHING TEST|WAFER SORT TEST|YIELD ANALYSIS|LOT|WAFER SORT TEST|ELECTRICAL PARAMETRIC TEST|SWITCHING TEST|WAFER SORT TEST|YIELD ANALYSIS|LOT FINAL LOT FINAL LOT|PACKAGE PREPARATION|COAT TEST|COAT TEST|WAFER SORT TEST|YIELD ANALYSIS|LOT FINAL LOT FINAL LOT|WAFER SORT TEST|ELECTRICAL YIELD ANALYSIS|WAFER SORT TEST|LOT FINAL WAFER SORT TEST|ELECTRICAL YIELD ANALYSIS|WAFER SORT TEST|LOT WAFER SORT TEST|ELECTRICAL YIELD ANALYSIS|WAFER SORT TEST|LOT FINAL LOT WAFER ANALYSIS|ELECTRICAL YIELD ANALYSIS|WAFER ANALYSIS
valid_ic_0099_f60,MEASURE VIA CD INSPECTION|DEPOSIT BARRIER METAL|DEPOSIT TUNGSTEN SEED|FILL VIA TUNGSTEN|CMP METAL|MEASURE VIA RESISTANCE|DEPOSIT TOP METAL|ANNEAL METAL|SPIN COAT PHOTORESIST|SOFT BAKE|ALIGN MASK LEVEL 4|EXPOSE LITHO LEVEL 4|DEVELOP PHOTORESIST|METAL PATTERN INSPECTION|METAL ETCH DRY|STRIP RESIST|CLEAN AFTER METAL ETCH|MEASURE LINE WIDTH|DEPOSIT PASSIVATION|CURE PASSIVATION|MEASURE PASSIVATION QUALITY|OPEN PAD WINDOW|PAD WINDOW LITHO|DEVELOP PHOTORESIST|PASSIVATION ETCH|STRIP RESIST|CLEAN PAD OPENING|MEASURE PAD OPENING|BACKSIDE CLEAN|DEPOSIT BACKSIDE PROTECTION|BACKSIDE ANNEAL|FINAL CLEAN|FINAL THICKNESS MEASURE|FINAL GEOMETRY CHECK|FINAL OXIDE CHECK|FINAL PARTICLE INSPECTION|ELECTRICAL PARAMETRIC TEST|LEAKAGE TEST|PARAMETRIC TEST|SWITCHING TEST|WAFER SORT TEST|YIELD ANALYSIS|LOT|WAFER SORT TEST|ELECTRICAL PARAMETRIC TEST|SWITCHING TEST|WAFER SORT TEST|YIELD ANALYSIS|LOT|WAFER SORT TEST|ELECTRICAL PARAMETRIC TEST|SWITCHING TEST|WAFER SORT TEST|YIELD ANALYSIS|LOT FINAL LOT FINAL LOT|PACKAGE PREPARATION|COAT TEST|COAT TEST|WAFER SORT TEST|YIELD ANALYSIS|LOT FINAL LOT FINAL LOT|COAT TEST|COAT TEST|COAT TEST|ELECTRICAL YIELD ANALYSIS|WAFER SORT TEST|LOT WAFER SORT TEST|ELECTRICAL YIELD ANALYSIS|WAFER SORT TEST|LOT WAFER SORT TEST|ELECTRICAL YIELD ANALYSIS|WAFER SORT TEST|LOT WAFER ANALYSIS|ELECTRICAL YIELD ANALYSIS|WAFER ANALYSIS
valid_ic_0099_f80,DEVELOP PHOTORESIST|PASSIVATION ETCH|STRIP RESIST|CLEAN PAD OPENING|MEASURE PAD OPENING|BACKSIDE CLEAN|DEPOSIT BACKSIDE PROTECTION|BACKSIDE ANNEAL|FINAL CLEAN|FINAL THICKNESS MEASURE|FINAL GEOMETRY CHECK|FINAL OXIDE CHECK|FINAL PARTICLE INSPECTION|ELECTRICAL PARAMETRIC TEST|LEAKAGE TEST|PARAMETRIC TEST|SWITCHING TEST|WAFER SORT TEST|YIELD ANALYSIS|LOT|WAFER SORT TEST|ELECTRICAL PARAMETRIC TEST|SWITCHING TEST|WAFER SORT TEST|YIELD ANALYSIS|LOT|WAFER SORT TEST|LOT|COAT|PACKAGE PREPARATION|COAT TEST|COAT TEST|WAFER SORT TEST|YIELD ANALYSIS|LOT FINAL LOT FINAL LOT|PACKAGE PREPARATION|COAT TEST|COAT TEST|COAT TEST|WAFER SORT TEST|YIELD ANALYSIS|LOT|WAFER SORT TEST|ELECTRICAL YIELD ANALYSIS|WAFER SORT TEST|LOT FINAL LOT|COAT TEST|COAT TEST|COAT TEST|WAFER SORT TEST|YIELD ANALYSIS|LOT YIELD ANALYSIS
