EXAMPLE_ID,RANK_1,RANK_2,RANK_3,RANK_4,RANK_5
mosfet_0000_f60,CLEAN AFTER VIA ETCH,CLEAN AFTER POLY ETCH,CLEAN PAD OPENING,CLEAN AFTER METAL ETCH,CLEAN AFTER ETCH
mosfet_0000_f80,DEVELOP PHOTORESIST,DEVELOP PAD WINDOW,SPIN COAT PHOTORESIST,SOFT BAKE,STRIP RESIST
mosfet_0001_f60,DEPOSIT BARRIER METAL,DEVELOP PHOTORESIST,SPIN COAT PHOTORESIST,SOFT BAKE,STRIP RESIST
mosfet_0001_f80,STRIP PHOTORESIST,STRIP RESIST,DEVELOP PHOTORESIST,SPIN COAT PHOTORESIST,SOFT BAKE
mosfet_0002_f60,CLEAN AFTER VIA ETCH,CLEAN AFTER METAL ETCH,CLEAN PAD OPENING,CLEAN AFTER ETCH,CLEAN AFTER POLY ETCH
mosfet_0002_f80,CLEAN PAD OPENING,CLEAN AFTER VIA ETCH,CLEAN AFTER METAL ETCH,CLEAN AFTER ETCH,CLEAN AFTER POLY ETCH
mosfet_0003_f60,DEPOSIT METAL SEED,DEPOSIT TUNGSTEN SEED,DEVELOP PHOTORESIST,SPIN COAT PHOTORESIST,SOFT BAKE
mosfet_0003_f80,STRIP RESIST,STRIP PHOTORESIST,DEVELOP PHOTORESIST,SPIN COAT PHOTORESIST,SOFT BAKE
mosfet_0004_f60,MEASURE VIA CD,DEPOSIT BARRIER METAL,DEVELOP PHOTORESIST,SPIN COAT PHOTORESIST,SOFT BAKE
mosfet_0004_f80,STRIP RESIST,STRIP PHOTORESIST,DEVELOP PHOTORESIST,SPIN COAT PHOTORESIST,SOFT BAKE
mosfet_0005_f60,CLEAN AFTER VIA ETCH,CLEAN AFTER POLY ETCH,CLEAN PAD OPENING,CLEAN AFTER METAL ETCH,CLEAN AFTER ETCH
mosfet_0005_f80,STRIP PHOTORESIST,STRIP RESIST,DEVELOP PHOTORESIST,SPIN COAT PHOTORESIST,SOFT BAKE
mosfet_0006_f60,MEASURE VIA CD,DEPOSIT BARRIER METAL,DEVELOP PHOTORESIST,SPIN COAT PHOTORESIST,SOFT BAKE
mosfet_0006_f80,STRIP RESIST,STRIP PHOTORESIST,DEVELOP PHOTORESIST,SPIN COAT PHOTORESIST,SOFT BAKE
mosfet_0007_f60,DEPOSIT BARRIER METAL,DEVELOP PHOTORESIST,SPIN COAT PHOTORESIST,SOFT BAKE,STRIP RESIST
mosfet_0007_f80,PASSIVATION ETCH PAD OPENING,PASSIVATION ETCH,METAL PATTERN INSPECTION,POLY PATTERN INSPECTION,INSPECT PATTERN LEVEL 1
mosfet_0008_f60,CLEAN AFTER VIA ETCH,CLEAN AFTER METAL ETCH,CLEAN PAD OPENING,CLEAN AFTER ETCH,CLEAN AFTER POLY ETCH
mosfet_0008_f80,PASSIVATION ETCH PAD OPENING,PASSIVATION ETCH,DEVELOP PHOTORESIST,SPIN COAT PHOTORESIST,SOFT BAKE
mosfet_0009_f60,MEASURE VIA CD,DEPOSIT BARRIER METAL,DEVELOP PHOTORESIST,SPIN COAT PHOTORESIST,SOFT BAKE
mosfet_0009_f80,CLEAN PAD OPENING,CLEAN AFTER POLY ETCH,CLEAN AFTER METAL ETCH,CLEAN AFTER VIA ETCH,CLEAN AFTER ETCH
mosfet_0010_f60,MEASURE VIA CD,DEPOSIT BARRIER METAL,DEVELOP PHOTORESIST,SPIN COAT PHOTORESIST,SOFT BAKE
mosfet_0010_f80,PASSIVATION ETCH,PASSIVATION ETCH PAD OPENING,METAL PATTERN INSPECTION,POLY PATTERN INSPECTION,INSPECT PATTERN LEVEL 1
mosfet_0011_f60,CLEAN AFTER VIA ETCH,CLEAN AFTER METAL ETCH,CLEAN PAD OPENING,CLEAN AFTER ETCH,CLEAN AFTER POLY ETCH
mosfet_0011_f80,STRIP RESIST,STRIP PHOTORESIST,DEVELOP PHOTORESIST,SPIN COAT PHOTORESIST,SOFT BAKE
mosfet_0012_f60,CLEAN AFTER VIA ETCH,CLEAN AFTER METAL ETCH,CLEAN PAD OPENING,CLEAN AFTER ETCH,CLEAN AFTER POLY ETCH
mosfet_0012_f80,STRIP PHOTORESIST,STRIP RESIST,DEVELOP PHOTORESIST,SPIN COAT PHOTORESIST,SOFT BAKE
mosfet_0013_f60,CLEAN AFTER VIA ETCH,CLEAN AFTER POLY ETCH,CLEAN PAD OPENING,CLEAN AFTER METAL ETCH,CLEAN AFTER ETCH
mosfet_0013_f80,PASSIVATION ETCH PAD OPENING,PASSIVATION ETCH,METAL PATTERN INSPECTION,POLY PATTERN INSPECTION,INSPECT PATTERN LEVEL 1
mosfet_0014_f60,DEPOSIT BARRIER METAL,DEVELOP PHOTORESIST,SPIN COAT PHOTORESIST,SOFT BAKE,STRIP RESIST
mosfet_0014_f80,PASSIVATION ETCH PAD OPENING,PASSIVATION ETCH,METAL PATTERN INSPECTION,POLY PATTERN INSPECTION,INSPECT PATTERN LEVEL 1
mosfet_0015_f60,CLEAN AFTER VIA ETCH,CLEAN AFTER METAL ETCH,CLEAN PAD OPENING,CLEAN AFTER ETCH,CLEAN AFTER POLY ETCH
mosfet_0015_f80,DEVELOP PAD WINDOW,DEVELOP PHOTORESIST,SPIN COAT PHOTORESIST,SOFT BAKE,STRIP RESIST
mosfet_0016_f60,MEASURE VIA CD,DEPOSIT BARRIER METAL,DEVELOP PHOTORESIST,SPIN COAT PHOTORESIST,SOFT BAKE
mosfet_0016_f80,DEVELOP PAD WINDOW,DEVELOP PHOTORESIST,SPIN COAT PHOTORESIST,SOFT BAKE,STRIP RESIST
mosfet_0017_f60,STRIP PHOTORESIST,STRIP RESIST,DEVELOP PHOTORESIST,SPIN COAT PHOTORESIST,SOFT BAKE
mosfet_0017_f80,PASSIVATION ETCH PAD OPENING,PASSIVATION ETCH,DEVELOP PHOTORESIST,SPIN COAT PHOTORESIST,SOFT BAKE
mosfet_0018_f60,CLEAN AFTER VIA ETCH,CLEAN AFTER METAL ETCH,CLEAN PAD OPENING,CLEAN AFTER ETCH,CLEAN AFTER POLY ETCH
mosfet_0018_f80,STRIP PHOTORESIST,STRIP RESIST,DEVELOP PHOTORESIST,SPIN COAT PHOTORESIST,SOFT BAKE
mosfet_0019_f60,STRIP RESIST,STRIP PHOTORESIST,DEVELOP PHOTORESIST,SPIN COAT PHOTORESIST,SOFT BAKE
mosfet_0019_f80,PASSIVATION ETCH PAD OPENING,PASSIVATION ETCH,DEVELOP PHOTORESIST,SPIN COAT PHOTORESIST,SOFT BAKE
mosfet_0020_f60,MEASURE VIA CD,DEPOSIT BARRIER METAL,DEVELOP PHOTORESIST,SPIN COAT PHOTORESIST,SOFT BAKE
mosfet_0020_f80,PASSIVATION ETCH PAD OPENING,PASSIVATION ETCH,DEVELOP PHOTORESIST,SPIN COAT PHOTORESIST,SOFT BAKE
mosfet_0021_f60,MEASURE VIA CD,DEPOSIT BARRIER METAL,DEVELOP PHOTORESIST,SPIN COAT PHOTORESIST,SOFT BAKE
mosfet_0021_f80,STRIP PHOTORESIST,STRIP RESIST,DEVELOP PHOTORESIST,SPIN COAT PHOTORESIST,SOFT BAKE
mosfet_0022_f60,CLEAN AFTER VIA ETCH,CLEAN AFTER POLY ETCH,CLEAN PAD OPENING,CLEAN AFTER METAL ETCH,CLEAN AFTER ETCH
mosfet_0022_f80,STRIP PHOTORESIST,STRIP RESIST,DEVELOP PHOTORESIST,SPIN COAT PHOTORESIST,SOFT BAKE
mosfet_0023_f60,VIA ETCH THROUGH DIELECTRIC,VIA ETCH,DIELECTRIC ETCH VIA,OXIDE ETCH DRY,POLYSILICON ETCH DRY
mosfet_0023_f80,DEVELOP PHOTORESIST,DEVELOP PAD WINDOW,SPIN COAT PHOTORESIST,SOFT BAKE,STRIP RESIST
mosfet_0024_f60,CLEAN AFTER VIA ETCH,CLEAN AFTER METAL ETCH,CLEAN PAD OPENING,CLEAN AFTER ETCH,CLEAN AFTER POLY ETCH
mosfet_0024_f80,PASSIVATION ETCH,PASSIVATION ETCH PAD OPENING,METAL PATTERN INSPECTION,POLY PATTERN INSPECTION,INSPECT PATTERN LEVEL 1
mosfet_0025_f60,CLEAN AFTER VIA ETCH,CLEAN AFTER METAL ETCH,CLEAN PAD OPENING,CLEAN AFTER ETCH,CLEAN AFTER POLY ETCH
mosfet_0025_f80,STRIP RESIST,STRIP PHOTORESIST,DEVELOP PHOTORESIST,SPIN COAT PHOTORESIST,SOFT BAKE
mosfet_0026_f60,MEASURE VIA CD,DEPOSIT BARRIER METAL,DEVELOP PHOTORESIST,SPIN COAT PHOTORESIST,SOFT BAKE
mosfet_0026_f80,STRIP PHOTORESIST,STRIP RESIST,DEVELOP PHOTORESIST,SPIN COAT PHOTORESIST,SOFT BAKE
mosfet_0027_f60,CLEAN AFTER VIA ETCH,CLEAN AFTER POLY ETCH,CLEAN PAD OPENING,CLEAN AFTER METAL ETCH,CLEAN AFTER ETCH
mosfet_0027_f80,DEVELOP PHOTORESIST,DEVELOP PAD WINDOW,SPIN COAT PHOTORESIST,SOFT BAKE,STRIP RESIST
mosfet_0028_f60,DEPOSIT BARRIER METAL,DEVELOP PHOTORESIST,SPIN COAT PHOTORESIST,SOFT BAKE,STRIP RESIST
mosfet_0028_f80,CLEAN PAD OPENING,CLEAN AFTER VIA ETCH,CLEAN AFTER METAL ETCH,CLEAN AFTER ETCH,CLEAN AFTER POLY ETCH
mosfet_0029_f60,CLEAN AFTER VIA ETCH,CLEAN AFTER METAL ETCH,CLEAN PAD OPENING,CLEAN AFTER ETCH,CLEAN AFTER POLY ETCH
mosfet_0029_f80,STRIP PHOTORESIST,STRIP RESIST,DEVELOP PHOTORESIST,SPIN COAT PHOTORESIST,SOFT BAKE
mosfet_0030_f60,DEPOSIT BARRIER METAL,DEVELOP PHOTORESIST,SPIN COAT PHOTORESIST,SOFT BAKE,STRIP RESIST
mosfet_0030_f80,PASSIVATION ETCH PAD OPENING,PASSIVATION ETCH,DEVELOP PHOTORESIST,SPIN COAT PHOTORESIST,SOFT BAKE
mosfet_0031_f60,STRIP RESIST,STRIP PHOTORESIST,DEVELOP PHOTORESIST,SPIN COAT PHOTORESIST,SOFT BAKE
mosfet_0031_f80,DEVELOP PHOTORESIST,DEVELOP PAD WINDOW,SPIN COAT PHOTORESIST,SOFT BAKE,STRIP RESIST
mosfet_0032_f60,DEPOSIT BARRIER METAL,DEVELOP PHOTORESIST,SPIN COAT PHOTORESIST,SOFT BAKE,STRIP RESIST
mosfet_0032_f80,PASSIVATION ETCH PAD OPENING,PASSIVATION ETCH,DEVELOP PHOTORESIST,SPIN COAT PHOTORESIST,SOFT BAKE
mosfet_0033_f60,MEASURE VIA CD,DEPOSIT BARRIER METAL,DEVELOP PHOTORESIST,SPIN COAT PHOTORESIST,SOFT BAKE
mosfet_0033_f80,PASSIVATION ETCH PAD OPENING,PASSIVATION ETCH,DEVELOP PHOTORESIST,SPIN COAT PHOTORESIST,SOFT BAKE
mosfet_0034_f60,MEASURE VIA CD,DEPOSIT BARRIER METAL,DEVELOP PHOTORESIST,SPIN COAT PHOTORESIST,SOFT BAKE
mosfet_0034_f80,STRIP PHOTORESIST,STRIP RESIST,DEVELOP PHOTORESIST,SPIN COAT PHOTORESIST,SOFT BAKE
mosfet_0035_f60,MEASURE VIA CD,DEPOSIT BARRIER METAL,DEVELOP PHOTORESIST,SPIN COAT PHOTORESIST,SOFT BAKE
mosfet_0035_f80,PASSIVATION ETCH PAD OPENING,PASSIVATION ETCH,DEVELOP PHOTORESIST,SPIN COAT PHOTORESIST,SOFT BAKE
mosfet_0036_f60,CLEAN AFTER VIA ETCH,CLEAN AFTER POLY ETCH,CLEAN PAD OPENING,CLEAN AFTER METAL ETCH,CLEAN AFTER ETCH
mosfet_0036_f80,PASSIVATION ETCH PAD OPENING,PASSIVATION ETCH,DEVELOP PHOTORESIST,SPIN COAT PHOTORESIST,SOFT BAKE
mosfet_0037_f60,STRIP PHOTORESIST,STRIP RESIST,DEVELOP PHOTORESIST,SPIN COAT PHOTORESIST,SOFT BAKE
mosfet_0037_f80,PASSIVATION ETCH PAD OPENING,PASSIVATION ETCH,METAL PATTERN INSPECTION,POLY PATTERN INSPECTION,INSPECT PATTERN LEVEL 1
mosfet_0038_f60,STRIP RESIST,STRIP PHOTORESIST,DEVELOP PHOTORESIST,SPIN COAT PHOTORESIST,SOFT BAKE
mosfet_0038_f80,PASSIVATION ETCH PAD OPENING,PASSIVATION ETCH,DEVELOP PHOTORESIST,SPIN COAT PHOTORESIST,SOFT BAKE
mosfet_0039_f60,MEASURE VIA CD,DEPOSIT BARRIER METAL,DEVELOP PHOTORESIST,SPIN COAT PHOTORESIST,SOFT BAKE
mosfet_0039_f80,STRIP PHOTORESIST,STRIP RESIST,DEVELOP PHOTORESIST,SPIN COAT PHOTORESIST,SOFT BAKE
mosfet_0040_f60,MEASURE VIA CD,DEPOSIT BARRIER METAL,DEVELOP PHOTORESIST,SPIN COAT PHOTORESIST,SOFT BAKE
mosfet_0040_f80,PASSIVATION ETCH PAD OPENING,PASSIVATION ETCH,DEVELOP PHOTORESIST,SPIN COAT PHOTORESIST,SOFT BAKE
mosfet_0041_f60,VIA ETCH THROUGH DIELECTRIC,VIA ETCH,DIELECTRIC ETCH VIA,OXIDE ETCH DRY,POLYSILICON ETCH DRY
mosfet_0041_f80,PASSIVATION ETCH PAD OPENING,PASSIVATION ETCH,DEVELOP PHOTORESIST,SPIN COAT PHOTORESIST,SOFT BAKE
mosfet_0042_f60,STRIP RESIST,STRIP PHOTORESIST,DEVELOP PHOTORESIST,SPIN COAT PHOTORESIST,SOFT BAKE
mosfet_0042_f80,PASSIVATION ETCH,PASSIVATION ETCH PAD OPENING,METAL PATTERN INSPECTION,POLY PATTERN INSPECTION,INSPECT PATTERN LEVEL 1
mosfet_0043_f60,MEASURE VIA CD,DEPOSIT BARRIER METAL,DEVELOP PHOTORESIST,SPIN COAT PHOTORESIST,SOFT BAKE
mosfet_0043_f80,PASSIVATION ETCH PAD OPENING,PASSIVATION ETCH,METAL PATTERN INSPECTION,POLY PATTERN INSPECTION,INSPECT PATTERN LEVEL 1
mosfet_0044_f60,CLEAN AFTER VIA ETCH,CLEAN AFTER POLY ETCH,CLEAN PAD OPENING,CLEAN AFTER METAL ETCH,CLEAN AFTER ETCH
mosfet_0044_f80,PASSIVATION ETCH PAD OPENING,PASSIVATION ETCH,METAL PATTERN INSPECTION,POLY PATTERN INSPECTION,INSPECT PATTERN LEVEL 1
mosfet_0045_f60,MEASURE VIA CD,DEPOSIT BARRIER METAL,DEVELOP PHOTORESIST,SPIN COAT PHOTORESIST,SOFT BAKE
mosfet_0045_f80,STRIP PHOTORESIST,STRIP RESIST,DEVELOP PHOTORESIST,SPIN COAT PHOTORESIST,SOFT BAKE
mosfet_0046_f60,CLEAN AFTER VIA ETCH,CLEAN AFTER METAL ETCH,CLEAN PAD OPENING,CLEAN AFTER ETCH,CLEAN AFTER POLY ETCH
mosfet_0046_f80,PASSIVATION ETCH,PASSIVATION ETCH PAD OPENING,METAL PATTERN INSPECTION,POLY PATTERN INSPECTION,INSPECT PATTERN LEVEL 1
mosfet_0047_f60,MEASURE VIA CD,DEPOSIT BARRIER METAL,DEVELOP PHOTORESIST,SPIN COAT PHOTORESIST,SOFT BAKE
mosfet_0047_f80,PASSIVATION ETCH PAD OPENING,PASSIVATION ETCH,METAL PATTERN INSPECTION,POLY PATTERN INSPECTION,INSPECT PATTERN LEVEL 1
mosfet_0048_f60,CLEAN AFTER VIA ETCH,CLEAN AFTER METAL ETCH,CLEAN PAD OPENING,CLEAN AFTER ETCH,CLEAN AFTER POLY ETCH
mosfet_0048_f80,PASSIVATION ETCH PAD OPENING,PASSIVATION ETCH,DEVELOP PHOTORESIST,SPIN COAT PHOTORESIST,SOFT BAKE
mosfet_0049_f60,CLEAN AFTER VIA ETCH,CLEAN AFTER METAL ETCH,CLEAN PAD OPENING,CLEAN AFTER ETCH,CLEAN AFTER POLY ETCH
mosfet_0049_f80,PASSIVATION ETCH PAD OPENING,PASSIVATION ETCH,DEVELOP PHOTORESIST,SPIN COAT PHOTORESIST,SOFT BAKE
mosfet_0050_f60,CLEAN AFTER VIA ETCH,CLEAN AFTER POLY ETCH,CLEAN PAD OPENING,CLEAN AFTER METAL ETCH,CLEAN AFTER ETCH
mosfet_0050_f80,PASSIVATION ETCH,PASSIVATION ETCH PAD OPENING,METAL PATTERN INSPECTION,POLY PATTERN INSPECTION,INSPECT PATTERN LEVEL 1
mosfet_0051_f60,CLEAN AFTER VIA ETCH,CLEAN AFTER METAL ETCH,CLEAN PAD OPENING,CLEAN AFTER ETCH,CLEAN AFTER POLY ETCH
mosfet_0051_f80,PASSIVATION ETCH PAD OPENING,PASSIVATION ETCH,DEVELOP PHOTORESIST,SPIN COAT PHOTORESIST,SOFT BAKE
mosfet_0052_f60,MEASURE VIA CD,DEPOSIT BARRIER METAL,DEVELOP PHOTORESIST,SPIN COAT PHOTORESIST,SOFT BAKE
mosfet_0052_f80,STRIP PHOTORESIST,STRIP RESIST,DEVELOP PHOTORESIST,SPIN COAT PHOTORESIST,SOFT BAKE
mosfet_0053_f60,MEASURE VIA CD,DEPOSIT BARRIER METAL,DEVELOP PHOTORESIST,SPIN COAT PHOTORESIST,SOFT BAKE
mosfet_0053_f80,PASSIVATION ETCH PAD OPENING,PASSIVATION ETCH,DEVELOP PHOTORESIST,SPIN COAT PHOTORESIST,SOFT BAKE
mosfet_0054_f60,MEASURE VIA CD,DEPOSIT BARRIER METAL,DEVELOP PHOTORESIST,SPIN COAT PHOTORESIST,SOFT BAKE
mosfet_0054_f80,DEVELOP PHOTORESIST,DEVELOP PAD WINDOW,SPIN COAT PHOTORESIST,SOFT BAKE,STRIP RESIST
mosfet_0055_f60,CLEAN AFTER VIA ETCH,CLEAN AFTER METAL ETCH,CLEAN PAD OPENING,CLEAN AFTER ETCH,CLEAN AFTER POLY ETCH
mosfet_0055_f80,PASSIVATION ETCH PAD OPENING,PASSIVATION ETCH,METAL PATTERN INSPECTION,POLY PATTERN INSPECTION,INSPECT PATTERN LEVEL 1
mosfet_0056_f60,STRIP PHOTORESIST,STRIP RESIST,DEVELOP PHOTORESIST,SPIN COAT PHOTORESIST,SOFT BAKE
mosfet_0056_f80,DEVELOP PAD WINDOW,DEVELOP PHOTORESIST,SPIN COAT PHOTORESIST,SOFT BAKE,STRIP RESIST
mosfet_0057_f60,DEPOSIT BARRIER METAL,DEVELOP PHOTORESIST,SPIN COAT PHOTORESIST,SOFT BAKE,STRIP RESIST
mosfet_0057_f80,STRIP RESIST,STRIP PHOTORESIST,DEVELOP PHOTORESIST,SPIN COAT PHOTORESIST,SOFT BAKE
mosfet_0058_f60,CLEAN AFTER VIA ETCH,CLEAN AFTER METAL ETCH,CLEAN PAD OPENING,CLEAN AFTER ETCH,CLEAN AFTER POLY ETCH
mosfet_0058_f80,PASSIVATION ETCH PAD OPENING,PASSIVATION ETCH,DEVELOP PHOTORESIST,SPIN COAT PHOTORESIST,SOFT BAKE
mosfet_0059_f60,DEPOSIT BARRIER METAL,DEVELOP PHOTORESIST,SPIN COAT PHOTORESIST,SOFT BAKE,STRIP RESIST
mosfet_0059_f80,STRIP PHOTORESIST,STRIP RESIST,DEVELOP PHOTORESIST,SPIN COAT PHOTORESIST,SOFT BAKE
mosfet_0060_f60,MEASURE VIA CD,DEPOSIT BARRIER METAL,DEVELOP PHOTORESIST,SPIN COAT PHOTORESIST,SOFT BAKE
mosfet_0060_f80,PASSIVATION ETCH,PASSIVATION ETCH PAD OPENING,METAL PATTERN INSPECTION,POLY PATTERN INSPECTION,INSPECT PATTERN LEVEL 1
mosfet_0061_f60,DEPOSIT METAL SEED,DEPOSIT TUNGSTEN SEED,DEVELOP PHOTORESIST,SPIN COAT PHOTORESIST,SOFT BAKE
mosfet_0061_f80,CLEAN PAD OPENING,CLEAN AFTER VIA ETCH,CLEAN AFTER METAL ETCH,CLEAN AFTER ETCH,CLEAN AFTER POLY ETCH
mosfet_0062_f60,CLEAN AFTER VIA ETCH,CLEAN AFTER POLY ETCH,CLEAN PAD OPENING,CLEAN AFTER METAL ETCH,CLEAN AFTER ETCH
mosfet_0062_f80,PASSIVATION ETCH,PASSIVATION ETCH PAD OPENING,METAL PATTERN INSPECTION,POLY PATTERN INSPECTION,INSPECT PATTERN LEVEL 1
mosfet_0063_f60,DEPOSIT BARRIER METAL,DEVELOP PHOTORESIST,SPIN COAT PHOTORESIST,SOFT BAKE,STRIP RESIST
mosfet_0063_f80,PASSIVATION ETCH PAD OPENING,PASSIVATION ETCH,DEVELOP PHOTORESIST,SPIN COAT PHOTORESIST,SOFT BAKE
mosfet_0064_f60,MEASURE VIA CD,DEPOSIT BARRIER METAL,DEVELOP PHOTORESIST,SPIN COAT PHOTORESIST,SOFT BAKE
mosfet_0064_f80,DEVELOP PHOTORESIST,DEVELOP PAD WINDOW,SPIN COAT PHOTORESIST,SOFT BAKE,STRIP RESIST
mosfet_0065_f60,CLEAN AFTER VIA ETCH,CLEAN AFTER METAL ETCH,CLEAN PAD OPENING,CLEAN AFTER ETCH,CLEAN AFTER POLY ETCH
mosfet_0065_f80,CLEAN PAD OPENING,CLEAN AFTER POLY ETCH,CLEAN AFTER METAL ETCH,CLEAN AFTER VIA ETCH,CLEAN AFTER ETCH
mosfet_0066_f60,MEASURE VIA CD,DEPOSIT BARRIER METAL,DEVELOP PHOTORESIST,SPIN COAT PHOTORESIST,SOFT BAKE
mosfet_0066_f80,STRIP PHOTORESIST,STRIP RESIST,DEVELOP PHOTORESIST,SPIN COAT PHOTORESIST,SOFT BAKE
mosfet_0067_f60,CLEAN AFTER VIA ETCH,CLEAN AFTER METAL ETCH,CLEAN PAD OPENING,CLEAN AFTER ETCH,CLEAN AFTER POLY ETCH
mosfet_0067_f80,STRIP PHOTORESIST,STRIP RESIST,DEVELOP PHOTORESIST,SPIN COAT PHOTORESIST,SOFT BAKE
mosfet_0068_f60,STRIP PHOTORESIST,STRIP RESIST,DEVELOP PHOTORESIST,SPIN COAT PHOTORESIST,SOFT BAKE
mosfet_0068_f80,DEVELOP PHOTORESIST,DEVELOP PAD WINDOW,SPIN COAT PHOTORESIST,SOFT BAKE,STRIP RESIST
mosfet_0069_f60,CLEAN AFTER VIA ETCH,CLEAN AFTER METAL ETCH,CLEAN PAD OPENING,CLEAN AFTER ETCH,CLEAN AFTER POLY ETCH
mosfet_0069_f80,PASSIVATION ETCH PAD OPENING,PASSIVATION ETCH,DEVELOP PHOTORESIST,SPIN COAT PHOTORESIST,SOFT BAKE
mosfet_0070_f60,CLEAN AFTER VIA ETCH,CLEAN AFTER METAL ETCH,CLEAN PAD OPENING,CLEAN AFTER ETCH,CLEAN AFTER POLY ETCH
mosfet_0070_f80,PASSIVATION ETCH PAD OPENING,PASSIVATION ETCH,DEVELOP PHOTORESIST,SPIN COAT PHOTORESIST,SOFT BAKE
mosfet_0071_f60,CLEAN AFTER VIA ETCH,CLEAN AFTER METAL ETCH,CLEAN PAD OPENING,CLEAN AFTER ETCH,CLEAN AFTER POLY ETCH
mosfet_0071_f80,PASSIVATION ETCH PAD OPENING,PASSIVATION ETCH,DEVELOP PHOTORESIST,SPIN COAT PHOTORESIST,SOFT BAKE
mosfet_0072_f60,MEASURE VIA CD,DEPOSIT BARRIER METAL,DEVELOP PHOTORESIST,SPIN COAT PHOTORESIST,SOFT BAKE
mosfet_0072_f80,STRIP PHOTORESIST,STRIP RESIST,DEVELOP PHOTORESIST,SPIN COAT PHOTORESIST,SOFT BAKE
mosfet_0073_f60,STRIP PHOTORESIST,STRIP RESIST,DEVELOP PHOTORESIST,SPIN COAT PHOTORESIST,SOFT BAKE
mosfet_0073_f80,PASSIVATION ETCH PAD OPENING,PASSIVATION ETCH,METAL PATTERN INSPECTION,POLY PATTERN INSPECTION,INSPECT PATTERN LEVEL 1
mosfet_0074_f60,DEPOSIT BARRIER METAL,DEVELOP PHOTORESIST,SPIN COAT PHOTORESIST,SOFT BAKE,STRIP RESIST
mosfet_0074_f80,STRIP PHOTORESIST,STRIP RESIST,DEVELOP PHOTORESIST,SPIN COAT PHOTORESIST,SOFT BAKE
mosfet_0075_f60,MEASURE VIA CD,DEPOSIT BARRIER METAL,DEVELOP PHOTORESIST,SPIN COAT PHOTORESIST,SOFT BAKE
mosfet_0075_f80,PASSIVATION ETCH PAD OPENING,PASSIVATION ETCH,DEVELOP PHOTORESIST,SPIN COAT PHOTORESIST,SOFT BAKE
mosfet_0076_f60,CLEAN AFTER VIA ETCH,CLEAN AFTER METAL ETCH,CLEAN PAD OPENING,CLEAN AFTER ETCH,CLEAN AFTER POLY ETCH
mosfet_0076_f80,CLEAN PAD OPENING,CLEAN AFTER VIA ETCH,CLEAN AFTER METAL ETCH,CLEAN AFTER ETCH,CLEAN AFTER POLY ETCH
mosfet_0077_f60,CLEAN AFTER VIA ETCH,CLEAN AFTER METAL ETCH,CLEAN PAD OPENING,CLEAN AFTER ETCH,CLEAN AFTER POLY ETCH
mosfet_0077_f80,PASSIVATION ETCH,PASSIVATION ETCH PAD OPENING,METAL PATTERN INSPECTION,POLY PATTERN INSPECTION,INSPECT PATTERN LEVEL 1
mosfet_0078_f60,DEPOSIT BARRIER METAL,DEVELOP PHOTORESIST,SPIN COAT PHOTORESIST,SOFT BAKE,STRIP RESIST
mosfet_0078_f80,STRIP PHOTORESIST,STRIP RESIST,DEVELOP PHOTORESIST,SPIN COAT PHOTORESIST,SOFT BAKE
mosfet_0079_f60,STRIP PHOTORESIST,STRIP RESIST,DEVELOP PHOTORESIST,SPIN COAT PHOTORESIST,SOFT BAKE
mosfet_0079_f80,STRIP PHOTORESIST,STRIP RESIST,DEVELOP PHOTORESIST,SPIN COAT PHOTORESIST,SOFT BAKE
mosfet_0080_f60,DEPOSIT BARRIER METAL,DEVELOP PHOTORESIST,SPIN COAT PHOTORESIST,SOFT BAKE,STRIP RESIST
mosfet_0080_f80,STRIP RESIST,STRIP PHOTORESIST,DEVELOP PHOTORESIST,SPIN COAT PHOTORESIST,SOFT BAKE
mosfet_0081_f60,MEASURE VIA CD,DEPOSIT BARRIER METAL,DEVELOP PHOTORESIST,SPIN COAT PHOTORESIST,SOFT BAKE
mosfet_0081_f80,STRIP PHOTORESIST,STRIP RESIST,DEVELOP PHOTORESIST,SPIN COAT PHOTORESIST,SOFT BAKE
mosfet_0082_f60,DEPOSIT BARRIER METAL,DEVELOP PHOTORESIST,SPIN COAT PHOTORESIST,SOFT BAKE,STRIP RESIST
mosfet_0082_f80,CLEAN PAD OPENING,CLEAN AFTER VIA ETCH,CLEAN AFTER METAL ETCH,CLEAN AFTER ETCH,CLEAN AFTER POLY ETCH
mosfet_0083_f60,DEPOSIT METAL SEED,DEPOSIT TUNGSTEN SEED,DEVELOP PHOTORESIST,SPIN COAT PHOTORESIST,SOFT BAKE
mosfet_0083_f80,CLEAN PAD OPENING,CLEAN AFTER VIA ETCH,CLEAN AFTER METAL ETCH,CLEAN AFTER ETCH,CLEAN AFTER POLY ETCH
mosfet_0084_f60,STRIP PHOTORESIST,STRIP RESIST,DEVELOP PHOTORESIST,SPIN COAT PHOTORESIST,SOFT BAKE
mosfet_0084_f80,STRIP PHOTORESIST,STRIP RESIST,DEVELOP PHOTORESIST,SPIN COAT PHOTORESIST,SOFT BAKE
mosfet_0085_f60,CLEAN AFTER VIA ETCH,CLEAN AFTER POLY ETCH,CLEAN PAD OPENING,CLEAN AFTER METAL ETCH,CLEAN AFTER ETCH
mosfet_0085_f80,STRIP PHOTORESIST,STRIP RESIST,DEVELOP PHOTORESIST,SPIN COAT PHOTORESIST,SOFT BAKE
mosfet_0086_f60,STRIP PHOTORESIST,STRIP RESIST,DEVELOP PHOTORESIST,SPIN COAT PHOTORESIST,SOFT BAKE
mosfet_0086_f80,PASSIVATION ETCH PAD OPENING,PASSIVATION ETCH,DEVELOP PHOTORESIST,SPIN COAT PHOTORESIST,SOFT BAKE
mosfet_0087_f60,STRIP PHOTORESIST,STRIP RESIST,DEVELOP PHOTORESIST,SPIN COAT PHOTORESIST,SOFT BAKE
mosfet_0087_f80,PASSIVATION ETCH PAD OPENING,PASSIVATION ETCH,METAL PATTERN INSPECTION,POLY PATTERN INSPECTION,INSPECT PATTERN LEVEL 1
mosfet_0088_f60,MEASURE VIA CD,DEPOSIT BARRIER METAL,DEVELOP PHOTORESIST,SPIN COAT PHOTORESIST,SOFT BAKE
mosfet_0088_f80,STRIP PHOTORESIST,STRIP RESIST,DEVELOP PHOTORESIST,SPIN COAT PHOTORESIST,SOFT BAKE
mosfet_0089_f60,MEASURE VIA CD,DEPOSIT BARRIER METAL,DEVELOP PHOTORESIST,SPIN COAT PHOTORESIST,SOFT BAKE
mosfet_0089_f80,DEVELOP PAD WINDOW,DEVELOP PHOTORESIST,SPIN COAT PHOTORESIST,SOFT BAKE,STRIP RESIST
mosfet_0090_f60,DEPOSIT METAL SEED,DEPOSIT TUNGSTEN SEED,DEVELOP PHOTORESIST,SPIN COAT PHOTORESIST,SOFT BAKE
mosfet_0090_f80,PASSIVATION ETCH PAD OPENING,PASSIVATION ETCH,METAL PATTERN INSPECTION,POLY PATTERN INSPECTION,INSPECT PATTERN LEVEL 1
mosfet_0091_f60,CLEAN AFTER VIA ETCH,CLEAN AFTER METAL ETCH,CLEAN PAD OPENING,CLEAN AFTER ETCH,CLEAN AFTER POLY ETCH
mosfet_0091_f80,PASSIVATION ETCH PAD OPENING,PASSIVATION ETCH,DEVELOP PHOTORESIST,SPIN COAT PHOTORESIST,SOFT BAKE
mosfet_0092_f60,DEPOSIT BARRIER METAL,DEVELOP PHOTORESIST,SPIN COAT PHOTORESIST,SOFT BAKE,STRIP RESIST
mosfet_0092_f80,STRIP PHOTORESIST,STRIP RESIST,DEVELOP PHOTORESIST,SPIN COAT PHOTORESIST,SOFT BAKE
mosfet_0093_f60,CLEAN AFTER VIA ETCH,CLEAN AFTER POLY ETCH,CLEAN PAD OPENING,CLEAN AFTER METAL ETCH,CLEAN AFTER ETCH
mosfet_0093_f80,PASSIVATION ETCH,PASSIVATION ETCH PAD OPENING,METAL PATTERN INSPECTION,POLY PATTERN INSPECTION,INSPECT PATTERN LEVEL 1
mosfet_0094_f60,DEPOSIT BARRIER METAL,DEVELOP PHOTORESIST,SPIN COAT PHOTORESIST,SOFT BAKE,STRIP RESIST
mosfet_0094_f80,STRIP RESIST,STRIP PHOTORESIST,DEVELOP PHOTORESIST,SPIN COAT PHOTORESIST,SOFT BAKE
mosfet_0095_f60,DEPOSIT BARRIER METAL,DEVELOP PHOTORESIST,SPIN COAT PHOTORESIST,SOFT BAKE,STRIP RESIST
mosfet_0095_f80,PASSIVATION ETCH,PASSIVATION ETCH PAD OPENING,METAL PATTERN INSPECTION,POLY PATTERN INSPECTION,INSPECT PATTERN LEVEL 1
mosfet_0096_f60,STRIP PHOTORESIST,STRIP RESIST,DEVELOP PHOTORESIST,SPIN COAT PHOTORESIST,SOFT BAKE
mosfet_0096_f80,DEVELOP PAD WINDOW,DEVELOP PHOTORESIST,SPIN COAT PHOTORESIST,SOFT BAKE,STRIP RESIST
mosfet_0097_f60,DEPOSIT BARRIER METAL,DEVELOP PHOTORESIST,SPIN COAT PHOTORESIST,SOFT BAKE,STRIP RESIST
mosfet_0097_f80,STRIP RESIST,STRIP PHOTORESIST,DEVELOP PHOTORESIST,SPIN COAT PHOTORESIST,SOFT BAKE
mosfet_0098_f60,MEASURE VIA CD,DEPOSIT BARRIER METAL,DEVELOP PHOTORESIST,SPIN COAT PHOTORESIST,SOFT BAKE
mosfet_0098_f80,DEVELOP PHOTORESIST,DEVELOP PAD WINDOW,SPIN COAT PHOTORESIST,SOFT BAKE,STRIP RESIST
mosfet_0099_f60,DEPOSIT BARRIER METAL,DEVELOP PHOTORESIST,SPIN COAT PHOTORESIST,SOFT BAKE,STRIP RESIST
mosfet_0099_f80,STRIP PHOTORESIST,STRIP RESIST,DEVELOP PHOTORESIST,SPIN COAT PHOTORESIST,SOFT BAKE
mosfet_0100_f60,DEPOSIT BARRIER METAL,DEVELOP PHOTORESIST,SPIN COAT PHOTORESIST,SOFT BAKE,STRIP RESIST
mosfet_0100_f80,PASSIVATION ETCH PAD OPENING,PASSIVATION ETCH,DEVELOP PHOTORESIST,SPIN COAT PHOTORESIST,SOFT BAKE
mosfet_0101_f60,DEPOSIT METAL SEED,DEPOSIT TUNGSTEN SEED,DEVELOP PHOTORESIST,SPIN COAT PHOTORESIST,SOFT BAKE
mosfet_0101_f80,PASSIVATION ETCH PAD OPENING,PASSIVATION ETCH,DEVELOP PHOTORESIST,SPIN COAT PHOTORESIST,SOFT BAKE
mosfet_0102_f60,CLEAN AFTER VIA ETCH,CLEAN AFTER METAL ETCH,CLEAN PAD OPENING,CLEAN AFTER ETCH,CLEAN AFTER POLY ETCH
mosfet_0102_f80,PASSIVATION ETCH PAD OPENING,PASSIVATION ETCH,DEVELOP PHOTORESIST,SPIN COAT PHOTORESIST,SOFT BAKE
mosfet_0103_f60,STRIP PHOTORESIST,STRIP RESIST,DEVELOP PHOTORESIST,SPIN COAT PHOTORESIST,SOFT BAKE
mosfet_0103_f80,PASSIVATION ETCH PAD OPENING,PASSIVATION ETCH,DEVELOP PHOTORESIST,SPIN COAT PHOTORESIST,SOFT BAKE
mosfet_0104_f60,CLEAN AFTER VIA ETCH,CLEAN AFTER METAL ETCH,CLEAN PAD OPENING,CLEAN AFTER ETCH,CLEAN AFTER POLY ETCH
mosfet_0104_f80,DEVELOP PHOTORESIST,DEVELOP PAD WINDOW,SPIN COAT PHOTORESIST,SOFT BAKE,STRIP RESIST
mosfet_0105_f60,DEPOSIT METAL SEED,DEPOSIT TUNGSTEN SEED,DEVELOP PHOTORESIST,SPIN COAT PHOTORESIST,SOFT BAKE
mosfet_0105_f80,CLEAN PAD OPENING,CLEAN AFTER VIA ETCH,CLEAN AFTER METAL ETCH,CLEAN AFTER ETCH,CLEAN AFTER POLY ETCH
mosfet_0106_f60,MEASURE VIA CD,DEPOSIT BARRIER METAL,DEVELOP PHOTORESIST,SPIN COAT PHOTORESIST,SOFT BAKE
mosfet_0106_f80,STRIP PHOTORESIST,STRIP RESIST,DEVELOP PHOTORESIST,SPIN COAT PHOTORESIST,SOFT BAKE
mosfet_0107_f60,CLEAN AFTER VIA ETCH,CLEAN AFTER METAL ETCH,CLEAN PAD OPENING,CLEAN AFTER ETCH,CLEAN AFTER POLY ETCH
mosfet_0107_f80,PASSIVATION ETCH PAD OPENING,PASSIVATION ETCH,DEVELOP PHOTORESIST,SPIN COAT PHOTORESIST,SOFT BAKE
mosfet_0108_f60,MEASURE VIA CD,DEPOSIT BARRIER METAL,DEVELOP PHOTORESIST,SPIN COAT PHOTORESIST,SOFT BAKE
mosfet_0108_f80,STRIP PHOTORESIST,STRIP RESIST,DEVELOP PHOTORESIST,SPIN COAT PHOTORESIST,SOFT BAKE
mosfet_0109_f60,MEASURE VIA CD,DEPOSIT BARRIER METAL,DEVELOP PHOTORESIST,SPIN COAT PHOTORESIST,SOFT BAKE
mosfet_0109_f80,STRIP PHOTORESIST,STRIP RESIST,DEVELOP PHOTORESIST,SPIN COAT PHOTORESIST,SOFT BAKE
mosfet_0110_f60,CLEAN AFTER VIA ETCH,CLEAN AFTER METAL ETCH,CLEAN PAD OPENING,CLEAN AFTER ETCH,CLEAN AFTER POLY ETCH
mosfet_0110_f80,STRIP PHOTORESIST,STRIP RESIST,DEVELOP PHOTORESIST,SPIN COAT PHOTORESIST,SOFT BAKE
mosfet_0111_f60,MEASURE VIA CD,DEPOSIT BARRIER METAL,DEVELOP PHOTORESIST,SPIN COAT PHOTORESIST,SOFT BAKE
mosfet_0111_f80,CLEAN PAD OPENING,CLEAN AFTER VIA ETCH,CLEAN AFTER METAL ETCH,CLEAN AFTER ETCH,CLEAN AFTER POLY ETCH
mosfet_0112_f60,FILL VIA METAL,DEVELOP PHOTORESIST,SPIN COAT PHOTORESIST,SOFT BAKE,STRIP RESIST
mosfet_0112_f80,CLEAN PAD OPENING,CLEAN AFTER POLY ETCH,CLEAN AFTER METAL ETCH,CLEAN AFTER VIA ETCH,CLEAN AFTER ETCH
mosfet_0113_f60,MEASURE VIA CD,DEPOSIT BARRIER METAL,DEVELOP PHOTORESIST,SPIN COAT PHOTORESIST,SOFT BAKE
mosfet_0113_f80,STRIP RESIST,STRIP PHOTORESIST,DEVELOP PHOTORESIST,SPIN COAT PHOTORESIST,SOFT BAKE
mosfet_0114_f60,DEPOSIT BARRIER METAL,DEVELOP PHOTORESIST,SPIN COAT PHOTORESIST,SOFT BAKE,STRIP RESIST
mosfet_0114_f80,PASSIVATION ETCH PAD OPENING,PASSIVATION ETCH,METAL PATTERN INSPECTION,POLY PATTERN INSPECTION,INSPECT PATTERN LEVEL 1
mosfet_0115_f60,CLEAN AFTER VIA ETCH,CLEAN AFTER POLY ETCH,CLEAN PAD OPENING,CLEAN AFTER METAL ETCH,CLEAN AFTER ETCH
mosfet_0115_f80,PASSIVATION ETCH,PASSIVATION ETCH PAD OPENING,METAL PATTERN INSPECTION,POLY PATTERN INSPECTION,INSPECT PATTERN LEVEL 1
mosfet_0116_f60,DEPOSIT METAL SEED,DEPOSIT TUNGSTEN SEED,DEVELOP PHOTORESIST,SPIN COAT PHOTORESIST,SOFT BAKE
mosfet_0116_f80,STRIP RESIST,STRIP PHOTORESIST,DEVELOP PHOTORESIST,SPIN COAT PHOTORESIST,SOFT BAKE
mosfet_0117_f60,DEPOSIT BARRIER METAL,DEVELOP PHOTORESIST,SPIN COAT PHOTORESIST,SOFT BAKE,STRIP RESIST
mosfet_0117_f80,STRIP PHOTORESIST,STRIP RESIST,DEVELOP PHOTORESIST,SPIN COAT PHOTORESIST,SOFT BAKE
mosfet_0118_f60,MEASURE VIA CD,DEPOSIT BARRIER METAL,DEVELOP PHOTORESIST,SPIN COAT PHOTORESIST,SOFT BAKE
mosfet_0118_f80,PASSIVATION ETCH PAD OPENING,PASSIVATION ETCH,DEVELOP PHOTORESIST,SPIN COAT PHOTORESIST,SOFT BAKE
mosfet_0119_f60,STRIP PHOTORESIST,STRIP RESIST,DEVELOP PHOTORESIST,SPIN COAT PHOTORESIST,SOFT BAKE
mosfet_0119_f80,DEVELOP PHOTORESIST,DEVELOP PAD WINDOW,SPIN COAT PHOTORESIST,SOFT BAKE,STRIP RESIST
mosfet_0120_f60,CLEAN AFTER VIA ETCH,CLEAN AFTER METAL ETCH,CLEAN PAD OPENING,CLEAN AFTER ETCH,CLEAN AFTER POLY ETCH
mosfet_0120_f80,PASSIVATION ETCH PAD OPENING,PASSIVATION ETCH,DEVELOP PHOTORESIST,SPIN COAT PHOTORESIST,SOFT BAKE
mosfet_0121_f60,DEPOSIT BARRIER METAL,DEVELOP PHOTORESIST,SPIN COAT PHOTORESIST,SOFT BAKE,STRIP RESIST
mosfet_0121_f80,STRIP PHOTORESIST,STRIP RESIST,DEVELOP PHOTORESIST,SPIN COAT PHOTORESIST,SOFT BAKE
mosfet_0122_f60,CLEAN AFTER VIA ETCH,CLEAN AFTER METAL ETCH,CLEAN PAD OPENING,CLEAN AFTER ETCH,CLEAN AFTER POLY ETCH
mosfet_0122_f80,PASSIVATION ETCH PAD OPENING,PASSIVATION ETCH,METAL PATTERN INSPECTION,POLY PATTERN INSPECTION,INSPECT PATTERN LEVEL 1
mosfet_0123_f60,CLEAN AFTER VIA ETCH,CLEAN AFTER METAL ETCH,CLEAN PAD OPENING,CLEAN AFTER ETCH,CLEAN AFTER POLY ETCH
mosfet_0123_f80,DEVELOP PHOTORESIST,DEVELOP PAD WINDOW,SPIN COAT PHOTORESIST,SOFT BAKE,STRIP RESIST
mosfet_0124_f60,DEPOSIT METAL SEED,DEPOSIT TUNGSTEN SEED,DEVELOP PHOTORESIST,SPIN COAT PHOTORESIST,SOFT BAKE
mosfet_0124_f80,CLEAN PAD OPENING,CLEAN AFTER VIA ETCH,CLEAN AFTER METAL ETCH,CLEAN AFTER ETCH,CLEAN AFTER POLY ETCH
mosfet_0125_f60,CLEAN AFTER VIA ETCH,CLEAN AFTER METAL ETCH,CLEAN PAD OPENING,CLEAN AFTER ETCH,CLEAN AFTER POLY ETCH
mosfet_0125_f80,DEVELOP PHOTORESIST,DEVELOP PAD WINDOW,SPIN COAT PHOTORESIST,SOFT BAKE,STRIP RESIST
mosfet_0126_f60,CLEAN AFTER VIA ETCH,CLEAN AFTER METAL ETCH,CLEAN PAD OPENING,CLEAN AFTER ETCH,CLEAN AFTER POLY ETCH
mosfet_0126_f80,STRIP PHOTORESIST,STRIP RESIST,DEVELOP PHOTORESIST,SPIN COAT PHOTORESIST,SOFT BAKE
mosfet_0127_f60,MEASURE VIA CD,DEPOSIT BARRIER METAL,DEVELOP PHOTORESIST,SPIN COAT PHOTORESIST,SOFT BAKE
mosfet_0127_f80,PASSIVATION ETCH PAD OPENING,PASSIVATION ETCH,METAL PATTERN INSPECTION,POLY PATTERN INSPECTION,INSPECT PATTERN LEVEL 1
mosfet_0128_f60,STRIP PHOTORESIST,STRIP RESIST,DEVELOP PHOTORESIST,SPIN COAT PHOTORESIST,SOFT BAKE
mosfet_0128_f80,PASSIVATION ETCH PAD OPENING,PASSIVATION ETCH,DEVELOP PHOTORESIST,SPIN COAT PHOTORESIST,SOFT BAKE
mosfet_0129_f60,DEPOSIT BARRIER METAL,DEVELOP PHOTORESIST,SPIN COAT PHOTORESIST,SOFT BAKE,STRIP RESIST
mosfet_0129_f80,STRIP PHOTORESIST,STRIP RESIST,DEVELOP PHOTORESIST,SPIN COAT PHOTORESIST,SOFT BAKE
mosfet_0130_f60,DEPOSIT BARRIER METAL,DEVELOP PHOTORESIST,SPIN COAT PHOTORESIST,SOFT BAKE,STRIP RESIST
mosfet_0130_f80,STRIP PHOTORESIST,STRIP RESIST,DEVELOP PHOTORESIST,SPIN COAT PHOTORESIST,SOFT BAKE
mosfet_0131_f60,MEASURE VIA CD,DEPOSIT BARRIER METAL,DEVELOP PHOTORESIST,SPIN COAT PHOTORESIST,SOFT BAKE
mosfet_0131_f80,DEVELOP PAD WINDOW,DEVELOP PHOTORESIST,SPIN COAT PHOTORESIST,SOFT BAKE,STRIP RESIST
mosfet_0132_f60,CLEAN AFTER VIA ETCH,CLEAN AFTER POLY ETCH,CLEAN PAD OPENING,CLEAN AFTER METAL ETCH,CLEAN AFTER ETCH
mosfet_0132_f80,PASSIVATION ETCH PAD OPENING,PASSIVATION ETCH,DEVELOP PHOTORESIST,SPIN COAT PHOTORESIST,SOFT BAKE
mosfet_0133_f60,STRIP PHOTORESIST,STRIP RESIST,DEVELOP PHOTORESIST,SPIN COAT PHOTORESIST,SOFT BAKE
mosfet_0133_f80,DEVELOP PHOTORESIST,DEVELOP PAD WINDOW,SPIN COAT PHOTORESIST,SOFT BAKE,STRIP RESIST
mosfet_0134_f60,DEPOSIT BARRIER METAL,DEVELOP PHOTORESIST,SPIN COAT PHOTORESIST,SOFT BAKE,STRIP RESIST
mosfet_0134_f80,CLEAN PAD OPENING,CLEAN AFTER VIA ETCH,CLEAN AFTER METAL ETCH,CLEAN AFTER ETCH,CLEAN AFTER POLY ETCH
mosfet_0135_f60,CLEAN AFTER VIA ETCH,CLEAN AFTER POLY ETCH,CLEAN PAD OPENING,CLEAN AFTER METAL ETCH,CLEAN AFTER ETCH
mosfet_0135_f80,STRIP PHOTORESIST,STRIP RESIST,DEVELOP PHOTORESIST,SPIN COAT PHOTORESIST,SOFT BAKE
mosfet_0136_f60,CLEAN AFTER VIA ETCH,CLEAN AFTER POLY ETCH,CLEAN PAD OPENING,CLEAN AFTER METAL ETCH,CLEAN AFTER ETCH
mosfet_0136_f80,PASSIVATION ETCH,PASSIVATION ETCH PAD OPENING,METAL PATTERN INSPECTION,POLY PATTERN INSPECTION,INSPECT PATTERN LEVEL 1
mosfet_0137_f60,CLEAN AFTER VIA ETCH,CLEAN AFTER POLY ETCH,CLEAN PAD OPENING,CLEAN AFTER METAL ETCH,CLEAN AFTER ETCH
mosfet_0137_f80,DEVELOP PHOTORESIST,DEVELOP PAD WINDOW,SPIN COAT PHOTORESIST,SOFT BAKE,STRIP RESIST
mosfet_0138_f60,MEASURE VIA CD,DEPOSIT BARRIER METAL,DEVELOP PHOTORESIST,SPIN COAT PHOTORESIST,SOFT BAKE
mosfet_0138_f80,STRIP RESIST,STRIP PHOTORESIST,DEVELOP PHOTORESIST,SPIN COAT PHOTORESIST,SOFT BAKE
mosfet_0139_f60,DEPOSIT METAL SEED,DEPOSIT TUNGSTEN SEED,DEVELOP PHOTORESIST,SPIN COAT PHOTORESIST,SOFT BAKE
mosfet_0139_f80,PASSIVATION ETCH PAD OPENING,PASSIVATION ETCH,DEVELOP PHOTORESIST,SPIN COAT PHOTORESIST,SOFT BAKE
mosfet_0140_f60,STRIP PHOTORESIST,STRIP RESIST,DEVELOP PHOTORESIST,SPIN COAT PHOTORESIST,SOFT BAKE
mosfet_0140_f80,PASSIVATION ETCH PAD OPENING,PASSIVATION ETCH,METAL PATTERN INSPECTION,POLY PATTERN INSPECTION,INSPECT PATTERN LEVEL 1
mosfet_0141_f60,CLEAN AFTER VIA ETCH,CLEAN AFTER POLY ETCH,CLEAN PAD OPENING,CLEAN AFTER METAL ETCH,CLEAN AFTER ETCH
mosfet_0141_f80,DEVELOP PAD WINDOW,DEVELOP PHOTORESIST,SPIN COAT PHOTORESIST,SOFT BAKE,STRIP RESIST
mosfet_0142_f60,STRIP PHOTORESIST,STRIP RESIST,DEVELOP PHOTORESIST,SPIN COAT PHOTORESIST,SOFT BAKE
mosfet_0142_f80,STRIP RESIST,STRIP PHOTORESIST,DEVELOP PHOTORESIST,SPIN COAT PHOTORESIST,SOFT BAKE
mosfet_0143_f60,CLEAN AFTER VIA ETCH,CLEAN AFTER POLY ETCH,CLEAN PAD OPENING,CLEAN AFTER METAL ETCH,CLEAN AFTER ETCH
mosfet_0143_f80,STRIP PHOTORESIST,STRIP RESIST,DEVELOP PHOTORESIST,SPIN COAT PHOTORESIST,SOFT BAKE
mosfet_0144_f60,STRIP RESIST,STRIP PHOTORESIST,DEVELOP PHOTORESIST,SPIN COAT PHOTORESIST,SOFT BAKE
mosfet_0144_f80,PASSIVATION ETCH,PASSIVATION ETCH PAD OPENING,METAL PATTERN INSPECTION,POLY PATTERN INSPECTION,INSPECT PATTERN LEVEL 1
mosfet_0145_f60,CLEAN AFTER VIA ETCH,CLEAN AFTER METAL ETCH,CLEAN PAD OPENING,CLEAN AFTER ETCH,CLEAN AFTER POLY ETCH
mosfet_0145_f80,PASSIVATION ETCH PAD OPENING,PASSIVATION ETCH,DEVELOP PHOTORESIST,SPIN COAT PHOTORESIST,SOFT BAKE
mosfet_0146_f60,FILL VIA METAL,DEVELOP PHOTORESIST,SPIN COAT PHOTORESIST,SOFT BAKE,STRIP RESIST
mosfet_0146_f80,MEASURE PAD OPENING,DEVELOP PHOTORESIST,SPIN COAT PHOTORESIST,SOFT BAKE,STRIP RESIST
mosfet_0147_f60,CLEAN AFTER VIA ETCH,CLEAN AFTER METAL ETCH,CLEAN PAD OPENING,CLEAN AFTER ETCH,CLEAN AFTER POLY ETCH
mosfet_0147_f80,PASSIVATION ETCH PAD OPENING,PASSIVATION ETCH,DEVELOP PHOTORESIST,SPIN COAT PHOTORESIST,SOFT BAKE
mosfet_0148_f60,CLEAN AFTER VIA ETCH,CLEAN AFTER POLY ETCH,CLEAN PAD OPENING,CLEAN AFTER METAL ETCH,CLEAN AFTER ETCH
mosfet_0148_f80,STRIP PHOTORESIST,STRIP RESIST,DEVELOP PHOTORESIST,SPIN COAT PHOTORESIST,SOFT BAKE
mosfet_0149_f60,STRIP PHOTORESIST,STRIP RESIST,DEVELOP PHOTORESIST,SPIN COAT PHOTORESIST,SOFT BAKE
mosfet_0149_f80,PASSIVATION ETCH,PASSIVATION ETCH PAD OPENING,METAL PATTERN INSPECTION,POLY PATTERN INSPECTION,INSPECT PATTERN LEVEL 1
mosfet_0150_f60,DEPOSIT METAL SEED,DEPOSIT TUNGSTEN SEED,DEVELOP PHOTORESIST,SPIN COAT PHOTORESIST,SOFT BAKE
mosfet_0150_f80,PASSIVATION ETCH PAD OPENING,PASSIVATION ETCH,DEVELOP PHOTORESIST,SPIN COAT PHOTORESIST,SOFT BAKE
mosfet_0151_f60,DEPOSIT METAL SEED,DEPOSIT TUNGSTEN SEED,DEVELOP PHOTORESIST,SPIN COAT PHOTORESIST,SOFT BAKE
mosfet_0151_f80,STRIP PHOTORESIST,STRIP RESIST,DEVELOP PHOTORESIST,SPIN COAT PHOTORESIST,SOFT BAKE
mosfet_0152_f60,DEPOSIT BARRIER METAL,DEVELOP PHOTORESIST,SPIN COAT PHOTORESIST,SOFT BAKE,STRIP RESIST
mosfet_0152_f80,STRIP PHOTORESIST,STRIP RESIST,DEVELOP PHOTORESIST,SPIN COAT PHOTORESIST,SOFT BAKE
mosfet_0153_f60,CLEAN AFTER VIA ETCH,CLEAN AFTER METAL ETCH,CLEAN PAD OPENING,CLEAN AFTER ETCH,CLEAN AFTER POLY ETCH
mosfet_0153_f80,STRIP PHOTORESIST,STRIP RESIST,DEVELOP PHOTORESIST,SPIN COAT PHOTORESIST,SOFT BAKE
mosfet_0154_f60,MEASURE VIA CD,DEPOSIT BARRIER METAL,DEVELOP PHOTORESIST,SPIN COAT PHOTORESIST,SOFT BAKE
mosfet_0154_f80,CLEAN PAD OPENING,CLEAN AFTER VIA ETCH,CLEAN AFTER METAL ETCH,CLEAN AFTER ETCH,CLEAN AFTER POLY ETCH
mosfet_0155_f60,DEPOSIT METAL SEED,DEPOSIT TUNGSTEN SEED,DEVELOP PHOTORESIST,SPIN COAT PHOTORESIST,SOFT BAKE
mosfet_0155_f80,STRIP PHOTORESIST,STRIP RESIST,DEVELOP PHOTORESIST,SPIN COAT PHOTORESIST,SOFT BAKE
mosfet_0156_f60,CLEAN AFTER VIA ETCH,CLEAN AFTER POLY ETCH,CLEAN PAD OPENING,CLEAN AFTER METAL ETCH,CLEAN AFTER ETCH
mosfet_0156_f80,PASSIVATION ETCH PAD OPENING,PASSIVATION ETCH,DEVELOP PHOTORESIST,SPIN COAT PHOTORESIST,SOFT BAKE
mosfet_0157_f60,DEPOSIT METAL SEED,DEPOSIT TUNGSTEN SEED,DEVELOP PHOTORESIST,SPIN COAT PHOTORESIST,SOFT BAKE
mosfet_0157_f80,STRIP RESIST,STRIP PHOTORESIST,DEVELOP PHOTORESIST,SPIN COAT PHOTORESIST,SOFT BAKE
mosfet_0158_f60,VIA ETCH,VIA ETCH THROUGH DIELECTRIC,DIELECTRIC ETCH VIA,OXIDE ETCH DRY,POLYSILICON ETCH DRY
mosfet_0158_f80,STRIP PHOTORESIST,STRIP RESIST,DEVELOP PHOTORESIST,SPIN COAT PHOTORESIST,SOFT BAKE
mosfet_0159_f60,MEASURE VIA CD,DEPOSIT BARRIER METAL,DEVELOP PHOTORESIST,SPIN COAT PHOTORESIST,SOFT BAKE
mosfet_0159_f80,STRIP RESIST,STRIP PHOTORESIST,DEVELOP PHOTORESIST,SPIN COAT PHOTORESIST,SOFT BAKE
mosfet_0160_f60,CLEAN AFTER VIA ETCH,CLEAN AFTER METAL ETCH,CLEAN PAD OPENING,CLEAN AFTER ETCH,CLEAN AFTER POLY ETCH
mosfet_0160_f80,PASSIVATION ETCH,PASSIVATION ETCH PAD OPENING,METAL PATTERN INSPECTION,POLY PATTERN INSPECTION,INSPECT PATTERN LEVEL 1
mosfet_0161_f60,DEPOSIT BARRIER METAL,DEVELOP PHOTORESIST,SPIN COAT PHOTORESIST,SOFT BAKE,STRIP RESIST
mosfet_0161_f80,STRIP PHOTORESIST,STRIP RESIST,DEVELOP PHOTORESIST,SPIN COAT PHOTORESIST,SOFT BAKE
mosfet_0162_f60,DEPOSIT METAL SEED,DEPOSIT TUNGSTEN SEED,DEVELOP PHOTORESIST,SPIN COAT PHOTORESIST,SOFT BAKE
mosfet_0162_f80,STRIP PHOTORESIST,STRIP RESIST,DEVELOP PHOTORESIST,SPIN COAT PHOTORESIST,SOFT BAKE
mosfet_0163_f60,CLEAN AFTER VIA ETCH,CLEAN AFTER METAL ETCH,CLEAN PAD OPENING,CLEAN AFTER ETCH,CLEAN AFTER POLY ETCH
mosfet_0163_f80,PASSIVATION ETCH,PASSIVATION ETCH PAD OPENING,METAL PATTERN INSPECTION,POLY PATTERN INSPECTION,INSPECT PATTERN LEVEL 1
mosfet_0164_f60,CLEAN AFTER VIA ETCH,CLEAN AFTER METAL ETCH,CLEAN PAD OPENING,CLEAN AFTER ETCH,CLEAN AFTER POLY ETCH
mosfet_0164_f80,DEVELOP PAD WINDOW,DEVELOP PHOTORESIST,SPIN COAT PHOTORESIST,SOFT BAKE,STRIP RESIST
mosfet_0165_f60,STRIP PHOTORESIST,STRIP RESIST,DEVELOP PHOTORESIST,SPIN COAT PHOTORESIST,SOFT BAKE
mosfet_0165_f80,DEVELOP PAD WINDOW,DEVELOP PHOTORESIST,SPIN COAT PHOTORESIST,SOFT BAKE,STRIP RESIST
mosfet_0166_f60,STRIP PHOTORESIST,STRIP RESIST,DEVELOP PHOTORESIST,SPIN COAT PHOTORESIST,SOFT BAKE
mosfet_0166_f80,PASSIVATION ETCH PAD OPENING,PASSIVATION ETCH,DEVELOP PHOTORESIST,SPIN COAT PHOTORESIST,SOFT BAKE
mosfet_0167_f60,CLEAN AFTER VIA ETCH,CLEAN AFTER POLY ETCH,CLEAN PAD OPENING,CLEAN AFTER METAL ETCH,CLEAN AFTER ETCH
mosfet_0167_f80,PASSIVATION ETCH PAD OPENING,PASSIVATION ETCH,DEVELOP PHOTORESIST,SPIN COAT PHOTORESIST,SOFT BAKE
mosfet_0168_f60,HARD BAKE,DIELECTRIC ETCH VIA,VIA ETCH,VIA ETCH THROUGH DIELECTRIC,DEVELOP PHOTORESIST
mosfet_0168_f80,PASSIVATION ETCH PAD OPENING,PASSIVATION ETCH,DEVELOP PHOTORESIST,SPIN COAT PHOTORESIST,SOFT BAKE
mosfet_0169_f60,MEASURE VIA CD,DEPOSIT BARRIER METAL,DEVELOP PHOTORESIST,SPIN COAT PHOTORESIST,SOFT BAKE
mosfet_0169_f80,PASSIVATION ETCH PAD OPENING,PASSIVATION ETCH,DEVELOP PHOTORESIST,SPIN COAT PHOTORESIST,SOFT BAKE
mosfet_0170_f60,STRIP PHOTORESIST,STRIP RESIST,DEVELOP PHOTORESIST,SPIN COAT PHOTORESIST,SOFT BAKE
mosfet_0170_f80,STRIP PHOTORESIST,STRIP RESIST,DEVELOP PHOTORESIST,SPIN COAT PHOTORESIST,SOFT BAKE
mosfet_0171_f60,CLEAN AFTER VIA ETCH,CLEAN AFTER POLY ETCH,CLEAN PAD OPENING,CLEAN AFTER METAL ETCH,CLEAN AFTER ETCH
mosfet_0171_f80,PASSIVATION ETCH PAD OPENING,PASSIVATION ETCH,METAL PATTERN INSPECTION,POLY PATTERN INSPECTION,INSPECT PATTERN LEVEL 1
mosfet_0172_f60,MEASURE VIA CD,DEPOSIT BARRIER METAL,DEVELOP PHOTORESIST,SPIN COAT PHOTORESIST,SOFT BAKE
mosfet_0172_f80,PASSIVATION ETCH PAD OPENING,PASSIVATION ETCH,METAL PATTERN INSPECTION,POLY PATTERN INSPECTION,INSPECT PATTERN LEVEL 1
mosfet_0173_f60,DEPOSIT BARRIER METAL,DEVELOP PHOTORESIST,SPIN COAT PHOTORESIST,SOFT BAKE,STRIP RESIST
mosfet_0173_f80,STRIP PHOTORESIST,STRIP RESIST,DEVELOP PHOTORESIST,SPIN COAT PHOTORESIST,SOFT BAKE
mosfet_0174_f60,VIA ETCH THROUGH DIELECTRIC,VIA ETCH,DIELECTRIC ETCH VIA,OXIDE ETCH DRY,POLYSILICON ETCH DRY
mosfet_0174_f80,DEVELOP PHOTORESIST,DEVELOP PAD WINDOW,SPIN COAT PHOTORESIST,SOFT BAKE,STRIP RESIST
mosfet_0175_f60,CLEAN AFTER VIA ETCH,CLEAN AFTER METAL ETCH,CLEAN PAD OPENING,CLEAN AFTER ETCH,CLEAN AFTER POLY ETCH
mosfet_0175_f80,PASSIVATION ETCH PAD OPENING,PASSIVATION ETCH,DEVELOP PHOTORESIST,SPIN COAT PHOTORESIST,SOFT BAKE
mosfet_0176_f60,MEASURE VIA CD,DEPOSIT BARRIER METAL,DEVELOP PHOTORESIST,SPIN COAT PHOTORESIST,SOFT BAKE
mosfet_0176_f80,PASSIVATION ETCH PAD OPENING,PASSIVATION ETCH,DEVELOP PHOTORESIST,SPIN COAT PHOTORESIST,SOFT BAKE
mosfet_0177_f60,MEASURE VIA CD,DEPOSIT BARRIER METAL,DEVELOP PHOTORESIST,SPIN COAT PHOTORESIST,SOFT BAKE
mosfet_0177_f80,STRIP RESIST,STRIP PHOTORESIST,DEVELOP PHOTORESIST,SPIN COAT PHOTORESIST,SOFT BAKE
mosfet_0178_f60,MEASURE VIA CD,DEPOSIT BARRIER METAL,DEVELOP PHOTORESIST,SPIN COAT PHOTORESIST,SOFT BAKE
mosfet_0178_f80,PASSIVATION ETCH,PASSIVATION ETCH PAD OPENING,METAL PATTERN INSPECTION,POLY PATTERN INSPECTION,INSPECT PATTERN LEVEL 1
mosfet_0179_f60,CLEAN AFTER VIA ETCH,CLEAN AFTER POLY ETCH,CLEAN PAD OPENING,CLEAN AFTER METAL ETCH,CLEAN AFTER ETCH
mosfet_0179_f80,STRIP PHOTORESIST,STRIP RESIST,DEVELOP PHOTORESIST,SPIN COAT PHOTORESIST,SOFT BAKE
mosfet_0180_f60,CLEAN AFTER VIA ETCH,CLEAN AFTER POLY ETCH,CLEAN PAD OPENING,CLEAN AFTER METAL ETCH,CLEAN AFTER ETCH
mosfet_0180_f80,PASSIVATION ETCH PAD OPENING,PASSIVATION ETCH,DEVELOP PHOTORESIST,SPIN COAT PHOTORESIST,SOFT BAKE
mosfet_0181_f60,CLEAN AFTER VIA ETCH,CLEAN AFTER POLY ETCH,CLEAN PAD OPENING,CLEAN AFTER METAL ETCH,CLEAN AFTER ETCH
mosfet_0181_f80,CLEAN PAD OPENING,CLEAN AFTER POLY ETCH,CLEAN AFTER METAL ETCH,CLEAN AFTER VIA ETCH,CLEAN AFTER ETCH
mosfet_0182_f60,CLEAN AFTER VIA ETCH,CLEAN AFTER POLY ETCH,CLEAN PAD OPENING,CLEAN AFTER METAL ETCH,CLEAN AFTER ETCH
mosfet_0182_f80,PASSIVATION ETCH PAD OPENING,PASSIVATION ETCH,METAL PATTERN INSPECTION,POLY PATTERN INSPECTION,INSPECT PATTERN LEVEL 1
mosfet_0183_f60,MEASURE VIA CD,DEPOSIT BARRIER METAL,DEVELOP PHOTORESIST,SPIN COAT PHOTORESIST,SOFT BAKE
mosfet_0183_f80,PASSIVATION ETCH PAD OPENING,PASSIVATION ETCH,DEVELOP PHOTORESIST,SPIN COAT PHOTORESIST,SOFT BAKE
mosfet_0184_f60,DEPOSIT BARRIER METAL,DEVELOP PHOTORESIST,SPIN COAT PHOTORESIST,SOFT BAKE,STRIP RESIST
mosfet_0184_f80,STRIP PHOTORESIST,STRIP RESIST,DEVELOP PHOTORESIST,SPIN COAT PHOTORESIST,SOFT BAKE
mosfet_0185_f60,CLEAN AFTER VIA ETCH,CLEAN AFTER POLY ETCH,CLEAN PAD OPENING,CLEAN AFTER METAL ETCH,CLEAN AFTER ETCH
mosfet_0185_f80,PASSIVATION ETCH PAD OPENING,PASSIVATION ETCH,DEVELOP PHOTORESIST,SPIN COAT PHOTORESIST,SOFT BAKE
mosfet_0186_f60,DEPOSIT BARRIER METAL,DEVELOP PHOTORESIST,SPIN COAT PHOTORESIST,SOFT BAKE,STRIP RESIST
mosfet_0186_f80,STRIP RESIST,STRIP PHOTORESIST,DEVELOP PHOTORESIST,SPIN COAT PHOTORESIST,SOFT BAKE
mosfet_0187_f60,STRIP PHOTORESIST,STRIP RESIST,DEVELOP PHOTORESIST,SPIN COAT PHOTORESIST,SOFT BAKE
mosfet_0187_f80,PASSIVATION ETCH PAD OPENING,PASSIVATION ETCH,DEVELOP PHOTORESIST,SPIN COAT PHOTORESIST,SOFT BAKE
mosfet_0188_f60,MEASURE VIA CD,DEPOSIT BARRIER METAL,DEVELOP PHOTORESIST,SPIN COAT PHOTORESIST,SOFT BAKE
mosfet_0188_f80,STRIP PHOTORESIST,STRIP RESIST,DEVELOP PHOTORESIST,SPIN COAT PHOTORESIST,SOFT BAKE
mosfet_0189_f60,STRIP PHOTORESIST,STRIP RESIST,DEVELOP PHOTORESIST,SPIN COAT PHOTORESIST,SOFT BAKE
mosfet_0189_f80,PASSIVATION ETCH PAD OPENING,PASSIVATION ETCH,METAL PATTERN INSPECTION,POLY PATTERN INSPECTION,INSPECT PATTERN LEVEL 1
mosfet_0190_f60,STRIP RESIST,STRIP PHOTORESIST,DEVELOP PHOTORESIST,SPIN COAT PHOTORESIST,SOFT BAKE
mosfet_0190_f80,PASSIVATION ETCH PAD OPENING,PASSIVATION ETCH,DEVELOP PHOTORESIST,SPIN COAT PHOTORESIST,SOFT BAKE
mosfet_0191_f60,CLEAN AFTER VIA ETCH,CLEAN AFTER POLY ETCH,CLEAN PAD OPENING,CLEAN AFTER METAL ETCH,CLEAN AFTER ETCH
mosfet_0191_f80,STRIP PHOTORESIST,STRIP RESIST,DEVELOP PHOTORESIST,SPIN COAT PHOTORESIST,SOFT BAKE
mosfet_0192_f60,STRIP PHOTORESIST,STRIP RESIST,DEVELOP PHOTORESIST,SPIN COAT PHOTORESIST,SOFT BAKE
mosfet_0192_f80,PASSIVATION ETCH,PASSIVATION ETCH PAD OPENING,METAL PATTERN INSPECTION,POLY PATTERN INSPECTION,INSPECT PATTERN LEVEL 1
mosfet_0193_f60,MEASURE VIA CD,DEPOSIT BARRIER METAL,DEVELOP PHOTORESIST,SPIN COAT PHOTORESIST,SOFT BAKE
mosfet_0193_f80,STRIP RESIST,STRIP PHOTORESIST,DEVELOP PHOTORESIST,SPIN COAT PHOTORESIST,SOFT BAKE
mosfet_0194_f60,CLEAN AFTER VIA ETCH,CLEAN AFTER POLY ETCH,CLEAN PAD OPENING,CLEAN AFTER METAL ETCH,CLEAN AFTER ETCH
mosfet_0194_f80,DEVELOP PAD WINDOW,DEVELOP PHOTORESIST,SPIN COAT PHOTORESIST,SOFT BAKE,STRIP RESIST
mosfet_0195_f60,MEASURE VIA CD,DEPOSIT BARRIER METAL,DEVELOP PHOTORESIST,SPIN COAT PHOTORESIST,SOFT BAKE
mosfet_0195_f80,PASSIVATION ETCH PAD OPENING,PASSIVATION ETCH,DEVELOP PHOTORESIST,SPIN COAT PHOTORESIST,SOFT BAKE
mosfet_0196_f60,CLEAN AFTER VIA ETCH,CLEAN AFTER POLY ETCH,CLEAN PAD OPENING,CLEAN AFTER METAL ETCH,CLEAN AFTER ETCH
mosfet_0196_f80,PASSIVATION ETCH PAD OPENING,PASSIVATION ETCH,DEVELOP PHOTORESIST,SPIN COAT PHOTORESIST,SOFT BAKE
mosfet_0197_f60,CLEAN AFTER VIA ETCH,CLEAN AFTER POLY ETCH,CLEAN PAD OPENING,CLEAN AFTER METAL ETCH,CLEAN AFTER ETCH
mosfet_0197_f80,CLEAN PAD OPENING,CLEAN AFTER VIA ETCH,CLEAN AFTER METAL ETCH,CLEAN AFTER ETCH,CLEAN AFTER POLY ETCH
mosfet_0198_f60,STRIP RESIST,STRIP PHOTORESIST,DEVELOP PHOTORESIST,SPIN COAT PHOTORESIST,SOFT BAKE
mosfet_0198_f80,DEVELOP PHOTORESIST,DEVELOP PAD WINDOW,SPIN COAT PHOTORESIST,SOFT BAKE,STRIP RESIST
mosfet_0199_f60,DEPOSIT BARRIER METAL,DEVELOP PHOTORESIST,SPIN COAT PHOTORESIST,SOFT BAKE,STRIP RESIST
mosfet_0199_f80,STRIP PHOTORESIST,STRIP RESIST,DEVELOP PHOTORESIST,SPIN COAT PHOTORESIST,SOFT BAKE
igbt_0000_f60,MEASURE SURFACE PLANARITY,MEASURE PLANARITY,DEVELOP PHOTORESIST,SPIN COAT PHOTORESIST,SOFT BAKE
igbt_0000_f80,MEASURE PASSIVATION THICKNESS,MEASURE PASSIVATION QUALITY,DEVELOP PHOTORESIST,SPIN COAT PHOTORESIST,SOFT BAKE
igbt_0001_f60,MEASURE SURFACE PLANARITY,MEASURE PLANARITY,DEVELOP PHOTORESIST,SPIN COAT PHOTORESIST,SOFT BAKE
igbt_0001_f80,DEPOSIT PASSIVATION,DEPOSIT PASSIVATION LAYER,DEVELOP PHOTORESIST,SPIN COAT PHOTORESIST,SOFT BAKE
igbt_0002_f60,MEASURE SURFACE PLANARITY,MEASURE PLANARITY,DEVELOP PHOTORESIST,SPIN COAT PHOTORESIST,SOFT BAKE
igbt_0002_f80,DEPOSIT PASSIVATION,DEPOSIT PASSIVATION LAYER,DEVELOP PHOTORESIST,SPIN COAT PHOTORESIST,SOFT BAKE
igbt_0003_f60,MEASURE SURFACE PLANARITY,MEASURE PLANARITY,DEVELOP PHOTORESIST,SPIN COAT PHOTORESIST,SOFT BAKE
igbt_0003_f80,DEPOSIT PASSIVATION,DEPOSIT PASSIVATION LAYER,DEVELOP PHOTORESIST,SPIN COAT PHOTORESIST,SOFT BAKE
igbt_0004_f60,SPIN COAT PHOTORESIST,CMP INTERLAYER DIELECTRIC,CMP DIELECTRIC,DEVELOP PHOTORESIST,SOFT BAKE
igbt_0004_f80,DEPOSIT PASSIVATION,DEPOSIT PASSIVATION LAYER,DEVELOP PHOTORESIST,SPIN COAT PHOTORESIST,SOFT BAKE
igbt_0005_f60,SPIN COAT PHOTORESIST,DEVELOP PHOTORESIST,SOFT BAKE,STRIP RESIST,STRIP PHOTORESIST
igbt_0005_f80,MEASURE PASSIVATION THICKNESS,MEASURE PASSIVATION QUALITY,DEVELOP PHOTORESIST,SPIN COAT PHOTORESIST,SOFT BAKE
igbt_0006_f60,SPIN COAT PHOTORESIST,DEVELOP PHOTORESIST,SOFT BAKE,STRIP RESIST,STRIP PHOTORESIST
igbt_0006_f80,MEASURE LINE WIDTH,DEPOSIT PASSIVATION,DEPOSIT PASSIVATION LAYER,DEVELOP PHOTORESIST,SPIN COAT PHOTORESIST
igbt_0007_f60,CMP DIELECTRIC,CMP INTERLAYER DIELECTRIC,SPIN COAT PHOTORESIST,DEVELOP PHOTORESIST,SOFT BAKE
igbt_0007_f80,CURE PASSIVATION,DEVELOP PHOTORESIST,SPIN COAT PHOTORESIST,SOFT BAKE,STRIP RESIST
igbt_0008_f60,MEASURE DIELECTRIC THICKNESS,MEASURE FILM THICKNESS,DEVELOP PHOTORESIST,SPIN COAT PHOTORESIST,SOFT BAKE
igbt_0008_f80,MEASURE LINE WIDTH,DEPOSIT PASSIVATION,DEPOSIT PASSIVATION LAYER,DEVELOP PHOTORESIST,SPIN COAT PHOTORESIST
igbt_0009_f60,MEASURE PLANARITY,MEASURE SURFACE PLANARITY,DEVELOP PHOTORESIST,SPIN COAT PHOTORESIST,SOFT BAKE
igbt_0009_f80,MEASURE LINE WIDTH,DEPOSIT PASSIVATION,DEPOSIT PASSIVATION LAYER,DEVELOP PHOTORESIST,SPIN COAT PHOTORESIST
igbt_0010_f60,MEASURE PLANARITY,MEASURE SURFACE PLANARITY,DEVELOP PHOTORESIST,SPIN COAT PHOTORESIST,SOFT BAKE
igbt_0010_f80,CURE PASSIVATION,DEVELOP PHOTORESIST,SPIN COAT PHOTORESIST,SOFT BAKE,STRIP RESIST
igbt_0011_f60,SPIN COAT PHOTORESIST,DEVELOP PHOTORESIST,SOFT BAKE,STRIP RESIST,STRIP PHOTORESIST
igbt_0011_f80,CURE PASSIVATION,DEVELOP PHOTORESIST,SPIN COAT PHOTORESIST,SOFT BAKE,STRIP RESIST
igbt_0012_f60,MEASURE SURFACE PLANARITY,MEASURE PLANARITY,DEVELOP PHOTORESIST,SPIN COAT PHOTORESIST,SOFT BAKE
igbt_0012_f80,DEPOSIT PASSIVATION,DEPOSIT PASSIVATION LAYER,DEVELOP PHOTORESIST,SPIN COAT PHOTORESIST,SOFT BAKE
igbt_0013_f60,SPIN COAT PHOTORESIST,DEVELOP PHOTORESIST,SOFT BAKE,STRIP RESIST,STRIP PHOTORESIST
igbt_0013_f80,CURE PASSIVATION,DEVELOP PHOTORESIST,SPIN COAT PHOTORESIST,SOFT BAKE,STRIP RESIST
igbt_0014_f60,CMP INTERLAYER DIELECTRIC,CMP DIELECTRIC,DEVELOP PHOTORESIST,SPIN COAT PHOTORESIST,SOFT BAKE
igbt_0014_f80,CURE PASSIVATION,DEVELOP PHOTORESIST,SPIN COAT PHOTORESIST,SOFT BAKE,STRIP RESIST
igbt_0015_f60,MEASURE PLANARITY,MEASURE SURFACE PLANARITY,DEVELOP PHOTORESIST,SPIN COAT PHOTORESIST,SOFT BAKE
igbt_0015_f80,CURE PASSIVATION,DEVELOP PHOTORESIST,SPIN COAT PHOTORESIST,SOFT BAKE,STRIP RESIST
igbt_0016_f60,MEASURE PLANARITY,MEASURE SURFACE PLANARITY,DEVELOP PHOTORESIST,SPIN COAT PHOTORESIST,SOFT BAKE
igbt_0016_f80,MEASURE LINE WIDTH,DEPOSIT PASSIVATION,DEPOSIT PASSIVATION LAYER,DEVELOP PHOTORESIST,SPIN COAT PHOTORESIST
igbt_0017_f60,SPIN COAT PHOTORESIST,DEVELOP PHOTORESIST,SOFT BAKE,STRIP RESIST,STRIP PHOTORESIST
igbt_0017_f80,CURE PASSIVATION,DEVELOP PHOTORESIST,SPIN COAT PHOTORESIST,SOFT BAKE,STRIP RESIST
igbt_0018_f60,SOFT BAKE,DEVELOP PHOTORESIST,SPIN COAT PHOTORESIST,STRIP RESIST,STRIP PHOTORESIST
igbt_0018_f80,CURE PASSIVATION,DEVELOP PHOTORESIST,SPIN COAT PHOTORESIST,SOFT BAKE,STRIP RESIST
igbt_0019_f60,CMP INTERLAYER DIELECTRIC,CMP DIELECTRIC,DEVELOP PHOTORESIST,SPIN COAT PHOTORESIST,SOFT BAKE
igbt_0019_f80,CURE PASSIVATION,DEVELOP PHOTORESIST,SPIN COAT PHOTORESIST,SOFT BAKE,STRIP RESIST
igbt_0020_f60,SOFT BAKE,DEVELOP PHOTORESIST,SPIN COAT PHOTORESIST,STRIP RESIST,STRIP PHOTORESIST
igbt_0020_f80,MEASURE PASSIVATION THICKNESS,MEASURE PASSIVATION QUALITY,DEVELOP PHOTORESIST,SPIN COAT PHOTORESIST,SOFT BAKE
igbt_0021_f60,MEASURE PLANARITY,MEASURE SURFACE PLANARITY,DEVELOP PHOTORESIST,SPIN COAT PHOTORESIST,SOFT BAKE
igbt_0021_f80,CURE PASSIVATION,DEVELOP PHOTORESIST,SPIN COAT PHOTORESIST,SOFT BAKE,STRIP RESIST
igbt_0022_f60,MEASURE SURFACE PLANARITY,MEASURE PLANARITY,DEVELOP PHOTORESIST,SPIN COAT PHOTORESIST,SOFT BAKE
igbt_0022_f80,CURE PASSIVATION,DEVELOP PHOTORESIST,SPIN COAT PHOTORESIST,SOFT BAKE,STRIP RESIST
igbt_0023_f60,MEASURE FILM THICKNESS,MEASURE DIELECTRIC THICKNESS,SPIN COAT PHOTORESIST,DEVELOP PHOTORESIST,SOFT BAKE
igbt_0023_f80,MEASURE LINE WIDTH,DEPOSIT PASSIVATION,DEPOSIT PASSIVATION LAYER,DEVELOP PHOTORESIST,SPIN COAT PHOTORESIST
igbt_0024_f60,ALIGN MASK LEVEL 1,ALIGN MASK LEVEL 2,ALIGN MASK LEVEL 3,ALIGN MASK LEVEL 4,ALIGN MASK LEVEL 5
igbt_0024_f80,CURE PASSIVATION,DEVELOP PHOTORESIST,SPIN COAT PHOTORESIST,SOFT BAKE,STRIP RESIST
igbt_0025_f60,EXPOSE LITHO LEVEL 5,DEVELOP PHOTORESIST,SPIN COAT PHOTORESIST,SOFT BAKE,STRIP RESIST
igbt_0025_f80,CURE PASSIVATION,DEVELOP PHOTORESIST,SPIN COAT PHOTORESIST,SOFT BAKE,STRIP RESIST
igbt_0026_f60,CMP INTERLAYER DIELECTRIC,CMP DIELECTRIC,DEVELOP PHOTORESIST,SPIN COAT PHOTORESIST,SOFT BAKE
igbt_0026_f80,DEPOSIT PASSIVATION,DEPOSIT PASSIVATION LAYER,DEVELOP PHOTORESIST,SPIN COAT PHOTORESIST,SOFT BAKE
igbt_0027_f60,SPIN COAT PHOTORESIST,DEVELOP PHOTORESIST,SOFT BAKE,STRIP RESIST,STRIP PHOTORESIST
igbt_0027_f80,CURE PASSIVATION,DEVELOP PHOTORESIST,SPIN COAT PHOTORESIST,SOFT BAKE,STRIP RESIST
igbt_0028_f60,CMP DIELECTRIC,CMP INTERLAYER DIELECTRIC,SPIN COAT PHOTORESIST,DEVELOP PHOTORESIST,SOFT BAKE
igbt_0028_f80,MEASURE PASSIVATION THICKNESS,MEASURE PASSIVATION QUALITY,DEVELOP PHOTORESIST,SPIN COAT PHOTORESIST,SOFT BAKE
igbt_0029_f60,ALIGN MASK LEVEL 1,ALIGN MASK LEVEL 2,ALIGN MASK LEVEL 3,ALIGN MASK LEVEL 4,ALIGN MASK LEVEL 5
igbt_0029_f80,CURE PASSIVATION,DEVELOP PHOTORESIST,SPIN COAT PHOTORESIST,SOFT BAKE,STRIP RESIST
igbt_0030_f60,MEASURE PLANARITY,MEASURE SURFACE PLANARITY,DEVELOP PHOTORESIST,SPIN COAT PHOTORESIST,SOFT BAKE
igbt_0030_f80,CURE PASSIVATION,DEVELOP PHOTORESIST,SPIN COAT PHOTORESIST,SOFT BAKE,STRIP RESIST
igbt_0031_f60,CMP INTERLAYER DIELECTRIC,CMP DIELECTRIC,DEVELOP PHOTORESIST,SPIN COAT PHOTORESIST,SOFT BAKE
igbt_0031_f80,MEASURE PASSIVATION THICKNESS,MEASURE PASSIVATION QUALITY,DEVELOP PHOTORESIST,SPIN COAT PHOTORESIST,SOFT BAKE
igbt_0032_f60,SOFT BAKE,DEVELOP PHOTORESIST,SPIN COAT PHOTORESIST,STRIP RESIST,STRIP PHOTORESIST
igbt_0032_f80,CURE PASSIVATION,DEVELOP PHOTORESIST,SPIN COAT PHOTORESIST,SOFT BAKE,STRIP RESIST
igbt_0033_f60,SOFT BAKE,DEVELOP PHOTORESIST,SPIN COAT PHOTORESIST,STRIP RESIST,STRIP PHOTORESIST
igbt_0033_f80,CURE PASSIVATION,DEVELOP PHOTORESIST,SPIN COAT PHOTORESIST,SOFT BAKE,STRIP RESIST
igbt_0034_f60,MEASURE SURFACE PLANARITY,MEASURE PLANARITY,DEVELOP PHOTORESIST,SPIN COAT PHOTORESIST,SOFT BAKE
igbt_0034_f80,CURE PASSIVATION,DEVELOP PHOTORESIST,SPIN COAT PHOTORESIST,SOFT BAKE,STRIP RESIST
igbt_0035_f60,MEASURE SURFACE PLANARITY,MEASURE PLANARITY,DEVELOP PHOTORESIST,SPIN COAT PHOTORESIST,SOFT BAKE
igbt_0035_f80,DEPOSIT PASSIVATION,DEPOSIT PASSIVATION LAYER,DEVELOP PHOTORESIST,SPIN COAT PHOTORESIST,SOFT BAKE
igbt_0036_f60,SPIN COAT PHOTORESIST,DEVELOP PHOTORESIST,SOFT BAKE,STRIP RESIST,STRIP PHOTORESIST
igbt_0036_f80,CURE PASSIVATION,DEVELOP PHOTORESIST,SPIN COAT PHOTORESIST,SOFT BAKE,STRIP RESIST
igbt_0037_f60,MEASURE PLANARITY,MEASURE SURFACE PLANARITY,DEVELOP PHOTORESIST,SPIN COAT PHOTORESIST,SOFT BAKE
igbt_0037_f80,CURE PASSIVATION,DEVELOP PHOTORESIST,SPIN COAT PHOTORESIST,SOFT BAKE,STRIP RESIST
igbt_0038_f60,MEASURE SURFACE PLANARITY,MEASURE PLANARITY,DEVELOP PHOTORESIST,SPIN COAT PHOTORESIST,SOFT BAKE
igbt_0038_f80,CURE PASSIVATION,DEVELOP PHOTORESIST,SPIN COAT PHOTORESIST,SOFT BAKE,STRIP RESIST
igbt_0039_f60,CMP INTERLAYER DIELECTRIC,CMP DIELECTRIC,DEVELOP PHOTORESIST,SPIN COAT PHOTORESIST,SOFT BAKE
igbt_0039_f80,CURE PASSIVATION,DEVELOP PHOTORESIST,SPIN COAT PHOTORESIST,SOFT BAKE,STRIP RESIST
igbt_0040_f60,SOFT BAKE,DEVELOP PHOTORESIST,SPIN COAT PHOTORESIST,STRIP RESIST,STRIP PHOTORESIST
igbt_0040_f80,MEASURE PASSIVATION THICKNESS,MEASURE PASSIVATION QUALITY,DEVELOP PHOTORESIST,SPIN COAT PHOTORESIST,SOFT BAKE
igbt_0041_f60,MEASURE PLANARITY,MEASURE SURFACE PLANARITY,DEVELOP PHOTORESIST,SPIN COAT PHOTORESIST,SOFT BAKE
igbt_0041_f80,CURE PASSIVATION,DEVELOP PHOTORESIST,SPIN COAT PHOTORESIST,SOFT BAKE,STRIP RESIST
igbt_0042_f60,MEASURE SURFACE PLANARITY,MEASURE PLANARITY,DEVELOP PHOTORESIST,SPIN COAT PHOTORESIST,SOFT BAKE
igbt_0042_f80,CURE PASSIVATION,DEVELOP PHOTORESIST,SPIN COAT PHOTORESIST,SOFT BAKE,STRIP RESIST
igbt_0043_f60,SPIN COAT PHOTORESIST,DEVELOP PHOTORESIST,SOFT BAKE,STRIP RESIST,STRIP PHOTORESIST
igbt_0043_f80,DEPOSIT PASSIVATION,DEPOSIT PASSIVATION LAYER,DEVELOP PHOTORESIST,SPIN COAT PHOTORESIST,SOFT BAKE
igbt_0044_f60,MEASURE SURFACE PLANARITY,MEASURE PLANARITY,DEVELOP PHOTORESIST,SPIN COAT PHOTORESIST,SOFT BAKE
igbt_0044_f80,CURE PASSIVATION,DEVELOP PHOTORESIST,SPIN COAT PHOTORESIST,SOFT BAKE,STRIP RESIST
igbt_0045_f60,MEASURE SURFACE PLANARITY,MEASURE PLANARITY,DEVELOP PHOTORESIST,SPIN COAT PHOTORESIST,SOFT BAKE
igbt_0045_f80,MEASURE PASSIVATION THICKNESS,MEASURE PASSIVATION QUALITY,DEVELOP PHOTORESIST,SPIN COAT PHOTORESIST,SOFT BAKE
igbt_0046_f60,SPIN COAT PHOTORESIST,DEVELOP PHOTORESIST,SOFT BAKE,STRIP RESIST,STRIP PHOTORESIST
igbt_0046_f80,MEASURE PASSIVATION THICKNESS,MEASURE PASSIVATION QUALITY,DEVELOP PHOTORESIST,SPIN COAT PHOTORESIST,SOFT BAKE
igbt_0047_f60,SPIN COAT PHOTORESIST,DEVELOP PHOTORESIST,SOFT BAKE,STRIP RESIST,STRIP PHOTORESIST
igbt_0047_f80,CURE PASSIVATION,DEVELOP PHOTORESIST,SPIN COAT PHOTORESIST,SOFT BAKE,STRIP RESIST
igbt_0048_f60,SPIN COAT PHOTORESIST,DEVELOP PHOTORESIST,SOFT BAKE,STRIP RESIST,STRIP PHOTORESIST
igbt_0048_f80,MEASURE PASSIVATION THICKNESS,MEASURE PASSIVATION QUALITY,DEVELOP PHOTORESIST,SPIN COAT PHOTORESIST,SOFT BAKE
igbt_0049_f60,SPIN COAT PHOTORESIST,DEVELOP PHOTORESIST,SOFT BAKE,STRIP RESIST,STRIP PHOTORESIST
igbt_0049_f80,CURE PASSIVATION,DEVELOP PHOTORESIST,SPIN COAT PHOTORESIST,SOFT BAKE,STRIP RESIST
igbt_0050_f60,MEASURE FILM THICKNESS,MEASURE DIELECTRIC THICKNESS,SPIN COAT PHOTORESIST,DEVELOP PHOTORESIST,SOFT BAKE
igbt_0050_f80,DEPOSIT PASSIVATION,DEPOSIT PASSIVATION LAYER,DEVELOP PHOTORESIST,SPIN COAT PHOTORESIST,SOFT BAKE
igbt_0051_f60,MEASURE SURFACE PLANARITY,MEASURE PLANARITY,DEVELOP PHOTORESIST,SPIN COAT PHOTORESIST,SOFT BAKE
igbt_0051_f80,CURE PASSIVATION,DEVELOP PHOTORESIST,SPIN COAT PHOTORESIST,SOFT BAKE,STRIP RESIST
igbt_0052_f60,MEASURE PLANARITY,MEASURE SURFACE PLANARITY,DEVELOP PHOTORESIST,SPIN COAT PHOTORESIST,SOFT BAKE
igbt_0052_f80,DEPOSIT PASSIVATION,DEPOSIT PASSIVATION LAYER,DEVELOP PHOTORESIST,SPIN COAT PHOTORESIST,SOFT BAKE
igbt_0053_f60,SPIN COAT PHOTORESIST,DEVELOP PHOTORESIST,SOFT BAKE,STRIP RESIST,STRIP PHOTORESIST
igbt_0053_f80,MEASURE PASSIVATION THICKNESS,MEASURE PASSIVATION QUALITY,DEVELOP PHOTORESIST,SPIN COAT PHOTORESIST,SOFT BAKE
igbt_0054_f60,SOFT BAKE,DEVELOP PHOTORESIST,SPIN COAT PHOTORESIST,STRIP RESIST,STRIP PHOTORESIST
igbt_0054_f80,MEASURE PASSIVATION THICKNESS,MEASURE PASSIVATION QUALITY,DEVELOP PHOTORESIST,SPIN COAT PHOTORESIST,SOFT BAKE
igbt_0055_f60,MEASURE PLANARITY,MEASURE SURFACE PLANARITY,DEVELOP PHOTORESIST,SPIN COAT PHOTORESIST,SOFT BAKE
igbt_0055_f80,CURE PASSIVATION,DEVELOP PHOTORESIST,SPIN COAT PHOTORESIST,SOFT BAKE,STRIP RESIST
igbt_0056_f60,SPIN COAT PHOTORESIST,CMP INTERLAYER DIELECTRIC,CMP DIELECTRIC,DEVELOP PHOTORESIST,SOFT BAKE
igbt_0056_f80,DEPOSIT PASSIVATION,DEPOSIT PASSIVATION LAYER,DEVELOP PHOTORESIST,SPIN COAT PHOTORESIST,SOFT BAKE
igbt_0057_f60,MEASURE PLANARITY,MEASURE SURFACE PLANARITY,DEVELOP PHOTORESIST,SPIN COAT PHOTORESIST,SOFT BAKE
igbt_0057_f80,CURE PASSIVATION,DEVELOP PHOTORESIST,SPIN COAT PHOTORESIST,SOFT BAKE,STRIP RESIST
igbt_0058_f60,MEASURE SURFACE PLANARITY,MEASURE PLANARITY,DEVELOP PHOTORESIST,SPIN COAT PHOTORESIST,SOFT BAKE
igbt_0058_f80,CURE PASSIVATION,DEVELOP PHOTORESIST,SPIN COAT PHOTORESIST,SOFT BAKE,STRIP RESIST
igbt_0059_f60,SPIN COAT PHOTORESIST,DEVELOP PHOTORESIST,SOFT BAKE,STRIP RESIST,STRIP PHOTORESIST
igbt_0059_f80,MEASURE PASSIVATION THICKNESS,MEASURE PASSIVATION QUALITY,DEVELOP PHOTORESIST,SPIN COAT PHOTORESIST,SOFT BAKE
igbt_0060_f60,SPIN COAT PHOTORESIST,CMP INTERLAYER DIELECTRIC,CMP DIELECTRIC,DEVELOP PHOTORESIST,SOFT BAKE
igbt_0060_f80,DEPOSIT PASSIVATION,DEPOSIT PASSIVATION LAYER,DEVELOP PHOTORESIST,SPIN COAT PHOTORESIST,SOFT BAKE
igbt_0061_f60,MEASURE PLANARITY,MEASURE SURFACE PLANARITY,DEVELOP PHOTORESIST,SPIN COAT PHOTORESIST,SOFT BAKE
igbt_0061_f80,DEPOSIT PASSIVATION,DEPOSIT PASSIVATION LAYER,DEVELOP PHOTORESIST,SPIN COAT PHOTORESIST,SOFT BAKE
igbt_0062_f60,SOFT BAKE,DEVELOP PHOTORESIST,SPIN COAT PHOTORESIST,STRIP RESIST,STRIP PHOTORESIST
igbt_0062_f80,CURE PASSIVATION,DEVELOP PHOTORESIST,SPIN COAT PHOTORESIST,SOFT BAKE,STRIP RESIST
igbt_0063_f60,SOFT BAKE,DEVELOP PHOTORESIST,SPIN COAT PHOTORESIST,STRIP RESIST,STRIP PHOTORESIST
igbt_0063_f80,DEPOSIT PASSIVATION,DEPOSIT PASSIVATION LAYER,DEVELOP PHOTORESIST,SPIN COAT PHOTORESIST,SOFT BAKE
igbt_0064_f60,CMP INTERLAYER DIELECTRIC,CMP DIELECTRIC,DEVELOP PHOTORESIST,SPIN COAT PHOTORESIST,SOFT BAKE
igbt_0064_f80,MEASURE LINE WIDTH,DEPOSIT PASSIVATION,DEPOSIT PASSIVATION LAYER,DEVELOP PHOTORESIST,SPIN COAT PHOTORESIST
igbt_0065_f60,MEASURE PLANARITY,MEASURE SURFACE PLANARITY,DEVELOP PHOTORESIST,SPIN COAT PHOTORESIST,SOFT BAKE
igbt_0065_f80,CURE PASSIVATION,DEVELOP PHOTORESIST,SPIN COAT PHOTORESIST,SOFT BAKE,STRIP RESIST
igbt_0066_f60,MEASURE SURFACE PLANARITY,MEASURE PLANARITY,DEVELOP PHOTORESIST,SPIN COAT PHOTORESIST,SOFT BAKE
igbt_0066_f80,CURE PASSIVATION,DEVELOP PHOTORESIST,SPIN COAT PHOTORESIST,SOFT BAKE,STRIP RESIST
igbt_0067_f60,MEASURE FILM THICKNESS,MEASURE DIELECTRIC THICKNESS,SPIN COAT PHOTORESIST,DEVELOP PHOTORESIST,SOFT BAKE
igbt_0067_f80,DEPOSIT PASSIVATION,DEPOSIT PASSIVATION LAYER,DEVELOP PHOTORESIST,SPIN COAT PHOTORESIST,SOFT BAKE
igbt_0068_f60,MEASURE SURFACE PLANARITY,MEASURE PLANARITY,DEVELOP PHOTORESIST,SPIN COAT PHOTORESIST,SOFT BAKE
igbt_0068_f80,CURE PASSIVATION,DEVELOP PHOTORESIST,SPIN COAT PHOTORESIST,SOFT BAKE,STRIP RESIST
igbt_0069_f60,CMP INTERLAYER DIELECTRIC,CMP DIELECTRIC,DEVELOP PHOTORESIST,SPIN COAT PHOTORESIST,SOFT BAKE
igbt_0069_f80,MEASURE LINE WIDTH,DEPOSIT PASSIVATION,DEPOSIT PASSIVATION LAYER,DEVELOP PHOTORESIST,SPIN COAT PHOTORESIST
igbt_0070_f60,MEASURE PLANARITY,MEASURE SURFACE PLANARITY,DEVELOP PHOTORESIST,SPIN COAT PHOTORESIST,SOFT BAKE
igbt_0070_f80,DEPOSIT PASSIVATION,DEPOSIT PASSIVATION LAYER,DEVELOP PHOTORESIST,SPIN COAT PHOTORESIST,SOFT BAKE
igbt_0071_f60,SOFT BAKE,DEVELOP PHOTORESIST,SPIN COAT PHOTORESIST,STRIP RESIST,STRIP PHOTORESIST
igbt_0071_f80,CURE PASSIVATION,DEVELOP PHOTORESIST,SPIN COAT PHOTORESIST,SOFT BAKE,STRIP RESIST
igbt_0072_f60,SOFT BAKE,DEVELOP PHOTORESIST,SPIN COAT PHOTORESIST,STRIP RESIST,STRIP PHOTORESIST
igbt_0072_f80,MEASURE PASSIVATION THICKNESS,MEASURE PASSIVATION QUALITY,DEVELOP PHOTORESIST,SPIN COAT PHOTORESIST,SOFT BAKE
igbt_0073_f60,SPIN COAT PHOTORESIST,DEVELOP PHOTORESIST,SOFT BAKE,STRIP RESIST,STRIP PHOTORESIST
igbt_0073_f80,DEPOSIT PASSIVATION,DEPOSIT PASSIVATION LAYER,DEVELOP PHOTORESIST,SPIN COAT PHOTORESIST,SOFT BAKE
igbt_0074_f60,DENSIFY OXIDE,DENSIFY DIELECTRIC,DEVELOP PHOTORESIST,SPIN COAT PHOTORESIST,SOFT BAKE
igbt_0074_f80,MEASURE LINE WIDTH,DEPOSIT PASSIVATION,DEPOSIT PASSIVATION LAYER,DEVELOP PHOTORESIST,SPIN COAT PHOTORESIST
igbt_0075_f60,SPIN COAT PHOTORESIST,DEVELOP PHOTORESIST,SOFT BAKE,STRIP RESIST,STRIP PHOTORESIST
igbt_0075_f80,MEASURE PASSIVATION THICKNESS,MEASURE PASSIVATION QUALITY,DEVELOP PHOTORESIST,SPIN COAT PHOTORESIST,SOFT BAKE
igbt_0076_f60,SPIN COAT PHOTORESIST,DEVELOP PHOTORESIST,SOFT BAKE,STRIP RESIST,STRIP PHOTORESIST
igbt_0076_f80,CURE PASSIVATION,DEVELOP PHOTORESIST,SPIN COAT PHOTORESIST,SOFT BAKE,STRIP RESIST
igbt_0077_f60,SOFT BAKE,DEVELOP PHOTORESIST,SPIN COAT PHOTORESIST,STRIP RESIST,STRIP PHOTORESIST
igbt_0077_f80,CURE PASSIVATION,DEVELOP PHOTORESIST,SPIN COAT PHOTORESIST,SOFT BAKE,STRIP RESIST
igbt_0078_f60,MEASURE SURFACE PLANARITY,MEASURE PLANARITY,DEVELOP PHOTORESIST,SPIN COAT PHOTORESIST,SOFT BAKE
igbt_0078_f80,MEASURE PASSIVATION THICKNESS,MEASURE PASSIVATION QUALITY,DEVELOP PHOTORESIST,SPIN COAT PHOTORESIST,SOFT BAKE
igbt_0079_f60,SOFT BAKE,DEVELOP PHOTORESIST,SPIN COAT PHOTORESIST,STRIP RESIST,STRIP PHOTORESIST
igbt_0079_f80,CURE PASSIVATION,DEVELOP PHOTORESIST,SPIN COAT PHOTORESIST,SOFT BAKE,STRIP RESIST
igbt_0080_f60,SPIN COAT PHOTORESIST,DEVELOP PHOTORESIST,SOFT BAKE,STRIP RESIST,STRIP PHOTORESIST
igbt_0080_f80,CURE PASSIVATION,DEVELOP PHOTORESIST,SPIN COAT PHOTORESIST,SOFT BAKE,STRIP RESIST
igbt_0081_f60,MEASURE PLANARITY,MEASURE SURFACE PLANARITY,DEVELOP PHOTORESIST,SPIN COAT PHOTORESIST,SOFT BAKE
igbt_0081_f80,CURE PASSIVATION,DEVELOP PHOTORESIST,SPIN COAT PHOTORESIST,SOFT BAKE,STRIP RESIST
igbt_0082_f60,CMP INTERLAYER DIELECTRIC,CMP DIELECTRIC,DEVELOP PHOTORESIST,SPIN COAT PHOTORESIST,SOFT BAKE
igbt_0082_f80,CURE PASSIVATION,DEVELOP PHOTORESIST,SPIN COAT PHOTORESIST,SOFT BAKE,STRIP RESIST
igbt_0083_f60,MEASURE FILM THICKNESS,MEASURE DIELECTRIC THICKNESS,DEVELOP PHOTORESIST,SPIN COAT PHOTORESIST,SOFT BAKE
igbt_0083_f80,MEASURE LINE WIDTH,DEPOSIT PASSIVATION,DEPOSIT PASSIVATION LAYER,DEVELOP PHOTORESIST,SPIN COAT PHOTORESIST
igbt_0084_f60,MEASURE SURFACE PLANARITY,MEASURE PLANARITY,DEVELOP PHOTORESIST,SPIN COAT PHOTORESIST,SOFT BAKE
igbt_0084_f80,DEPOSIT PASSIVATION,DEPOSIT PASSIVATION LAYER,DEVELOP PHOTORESIST,SPIN COAT PHOTORESIST,SOFT BAKE
igbt_0085_f60,MEASURE DIELECTRIC THICKNESS,MEASURE FILM THICKNESS,DEVELOP PHOTORESIST,SPIN COAT PHOTORESIST,SOFT BAKE
igbt_0085_f80,CURE PASSIVATION,DEVELOP PHOTORESIST,SPIN COAT PHOTORESIST,SOFT BAKE,STRIP RESIST
igbt_0086_f60,SOFT BAKE,DEVELOP PHOTORESIST,SPIN COAT PHOTORESIST,STRIP RESIST,STRIP PHOTORESIST
igbt_0086_f80,MEASURE PASSIVATION THICKNESS,MEASURE PASSIVATION QUALITY,DEVELOP PHOTORESIST,SPIN COAT PHOTORESIST,SOFT BAKE
igbt_0087_f60,SOFT BAKE,DEVELOP PHOTORESIST,SPIN COAT PHOTORESIST,STRIP RESIST,STRIP PHOTORESIST
igbt_0087_f80,MEASURE PASSIVATION THICKNESS,MEASURE PASSIVATION QUALITY,DEVELOP PHOTORESIST,SPIN COAT PHOTORESIST,SOFT BAKE
igbt_0088_f60,MEASURE SURFACE PLANARITY,MEASURE PLANARITY,DEVELOP PHOTORESIST,SPIN COAT PHOTORESIST,SOFT BAKE
igbt_0088_f80,DEPOSIT PASSIVATION,DEPOSIT PASSIVATION LAYER,DEVELOP PHOTORESIST,SPIN COAT PHOTORESIST,SOFT BAKE
igbt_0089_f60,MEASURE FILM THICKNESS,MEASURE DIELECTRIC THICKNESS,SPIN COAT PHOTORESIST,DEVELOP PHOTORESIST,SOFT BAKE
igbt_0089_f80,DEPOSIT PASSIVATION,DEPOSIT PASSIVATION LAYER,DEVELOP PHOTORESIST,SPIN COAT PHOTORESIST,SOFT BAKE
igbt_0090_f60,ALIGN MASK LEVEL 1,ALIGN MASK LEVEL 2,ALIGN MASK LEVEL 3,ALIGN MASK LEVEL 4,ALIGN MASK LEVEL 5
igbt_0090_f80,MEASURE PASSIVATION THICKNESS,MEASURE PASSIVATION QUALITY,DEVELOP PHOTORESIST,SPIN COAT PHOTORESIST,SOFT BAKE
igbt_0091_f60,SPIN COAT PHOTORESIST,DEVELOP PHOTORESIST,SOFT BAKE,STRIP RESIST,STRIP PHOTORESIST
igbt_0091_f80,MEASURE PASSIVATION THICKNESS,MEASURE PASSIVATION QUALITY,DEVELOP PHOTORESIST,SPIN COAT PHOTORESIST,SOFT BAKE
igbt_0092_f60,CMP DIELECTRIC,CMP INTERLAYER DIELECTRIC,SPIN COAT PHOTORESIST,DEVELOP PHOTORESIST,SOFT BAKE
igbt_0092_f80,DEPOSIT PASSIVATION,DEPOSIT PASSIVATION LAYER,DEVELOP PHOTORESIST,SPIN COAT PHOTORESIST,SOFT BAKE
igbt_0093_f60,SPIN COAT PHOTORESIST,CMP INTERLAYER DIELECTRIC,CMP DIELECTRIC,DEVELOP PHOTORESIST,SOFT BAKE
igbt_0093_f80,DEPOSIT PASSIVATION,DEPOSIT PASSIVATION LAYER,DEVELOP PHOTORESIST,SPIN COAT PHOTORESIST,SOFT BAKE
igbt_0094_f60,SPIN COAT PHOTORESIST,DEVELOP PHOTORESIST,SOFT BAKE,STRIP RESIST,STRIP PHOTORESIST
igbt_0094_f80,CURE PASSIVATION,DEVELOP PHOTORESIST,SPIN COAT PHOTORESIST,SOFT BAKE,STRIP RESIST
igbt_0095_f60,SPIN COAT PHOTORESIST,DEVELOP PHOTORESIST,SOFT BAKE,STRIP RESIST,STRIP PHOTORESIST
igbt_0095_f80,CURE PASSIVATION,DEVELOP PHOTORESIST,SPIN COAT PHOTORESIST,SOFT BAKE,STRIP RESIST
igbt_0096_f60,MEASURE SURFACE PLANARITY,MEASURE PLANARITY,DEVELOP PHOTORESIST,SPIN COAT PHOTORESIST,SOFT BAKE
igbt_0096_f80,DEPOSIT PASSIVATION,DEPOSIT PASSIVATION LAYER,DEVELOP PHOTORESIST,SPIN COAT PHOTORESIST,SOFT BAKE
igbt_0097_f60,MEASURE SURFACE PLANARITY,MEASURE PLANARITY,DEVELOP PHOTORESIST,SPIN COAT PHOTORESIST,SOFT BAKE
igbt_0097_f80,DEPOSIT PASSIVATION,DEPOSIT PASSIVATION LAYER,DEVELOP PHOTORESIST,SPIN COAT PHOTORESIST,SOFT BAKE
igbt_0098_f60,SPIN COAT PHOTORESIST,DEVELOP PHOTORESIST,SOFT BAKE,STRIP RESIST,STRIP PHOTORESIST
igbt_0098_f80,CURE PASSIVATION,DEVELOP PHOTORESIST,SPIN COAT PHOTORESIST,SOFT BAKE,STRIP RESIST
igbt_0099_f60,SOFT BAKE,DEVELOP PHOTORESIST,SPIN COAT PHOTORESIST,STRIP RESIST,STRIP PHOTORESIST
igbt_0099_f80,CURE PASSIVATION,DEVELOP PHOTORESIST,SPIN COAT PHOTORESIST,SOFT BAKE,STRIP RESIST
igbt_0100_f60,MEASURE PLANARITY,MEASURE SURFACE PLANARITY,DEVELOP PHOTORESIST,SPIN COAT PHOTORESIST,SOFT BAKE
igbt_0100_f80,DEPOSIT PASSIVATION,DEPOSIT PASSIVATION LAYER,DEVELOP PHOTORESIST,SPIN COAT PHOTORESIST,SOFT BAKE
igbt_0101_f60,SPIN COAT PHOTORESIST,DEVELOP PHOTORESIST,SOFT BAKE,STRIP RESIST,STRIP PHOTORESIST
igbt_0101_f80,MEASURE PASSIVATION THICKNESS,MEASURE PASSIVATION QUALITY,DEVELOP PHOTORESIST,SPIN COAT PHOTORESIST,SOFT BAKE
igbt_0102_f60,CMP DIELECTRIC,CMP INTERLAYER DIELECTRIC,SPIN COAT PHOTORESIST,DEVELOP PHOTORESIST,SOFT BAKE
igbt_0102_f80,CURE PASSIVATION,DEVELOP PHOTORESIST,SPIN COAT PHOTORESIST,SOFT BAKE,STRIP RESIST
igbt_0103_f60,CMP INTERLAYER DIELECTRIC,CMP DIELECTRIC,DEVELOP PHOTORESIST,SPIN COAT PHOTORESIST,SOFT BAKE
igbt_0103_f80,MEASURE PASSIVATION THICKNESS,MEASURE PASSIVATION QUALITY,DEVELOP PHOTORESIST,SPIN COAT PHOTORESIST,SOFT BAKE
igbt_0104_f60,SOFT BAKE,DEVELOP PHOTORESIST,SPIN COAT PHOTORESIST,STRIP RESIST,STRIP PHOTORESIST
igbt_0104_f80,CURE PASSIVATION,DEVELOP PHOTORESIST,SPIN COAT PHOTORESIST,SOFT BAKE,STRIP RESIST
igbt_0105_f60,SPIN COAT PHOTORESIST,CMP INTERLAYER DIELECTRIC,CMP DIELECTRIC,DEVELOP PHOTORESIST,SOFT BAKE
igbt_0105_f80,DEPOSIT PASSIVATION,DEPOSIT PASSIVATION LAYER,DEVELOP PHOTORESIST,SPIN COAT PHOTORESIST,SOFT BAKE
igbt_0106_f60,MEASURE FILM THICKNESS,MEASURE DIELECTRIC THICKNESS,SPIN COAT PHOTORESIST,DEVELOP PHOTORESIST,SOFT BAKE
igbt_0106_f80,MEASURE LINE WIDTH,DEPOSIT PASSIVATION,DEPOSIT PASSIVATION LAYER,DEVELOP PHOTORESIST,SPIN COAT PHOTORESIST
igbt_0107_f60,SPIN COAT PHOTORESIST,DEVELOP PHOTORESIST,SOFT BAKE,STRIP RESIST,STRIP PHOTORESIST
igbt_0107_f80,CURE PASSIVATION,DEVELOP PHOTORESIST,SPIN COAT PHOTORESIST,SOFT BAKE,STRIP RESIST
igbt_0108_f60,SPIN COAT PHOTORESIST,DEVELOP PHOTORESIST,SOFT BAKE,STRIP RESIST,STRIP PHOTORESIST
igbt_0108_f80,MEASURE PASSIVATION THICKNESS,MEASURE PASSIVATION QUALITY,DEVELOP PHOTORESIST,SPIN COAT PHOTORESIST,SOFT BAKE
igbt_0109_f60,MEASURE PLANARITY,MEASURE SURFACE PLANARITY,DEVELOP PHOTORESIST,SPIN COAT PHOTORESIST,SOFT BAKE
igbt_0109_f80,CURE PASSIVATION,DEVELOP PHOTORESIST,SPIN COAT PHOTORESIST,SOFT BAKE,STRIP RESIST
igbt_0110_f60,ALIGN MASK LEVEL 1,ALIGN MASK LEVEL 2,ALIGN MASK LEVEL 3,ALIGN MASK LEVEL 4,ALIGN MASK LEVEL 5
igbt_0110_f80,OPEN PAD WINDOW,OPEN BOND PAD WINDOW,DEVELOP PHOTORESIST,SPIN COAT PHOTORESIST,SOFT BAKE
igbt_0111_f60,CMP INTERLAYER DIELECTRIC,CMP DIELECTRIC,DEVELOP PHOTORESIST,SPIN COAT PHOTORESIST,SOFT BAKE
igbt_0111_f80,CLEAN AFTER METAL ETCH,CLEAN AFTER POLY ETCH,CLEAN PAD OPENING,CLEAN AFTER VIA ETCH,CLEAN AFTER ETCH
igbt_0112_f60,MEASURE SURFACE PLANARITY,MEASURE PLANARITY,DEVELOP PHOTORESIST,SPIN COAT PHOTORESIST,SOFT BAKE
igbt_0112_f80,MEASURE PASSIVATION THICKNESS,MEASURE PASSIVATION QUALITY,DEVELOP PHOTORESIST,SPIN COAT PHOTORESIST,SOFT BAKE
igbt_0113_f60,SPIN COAT PHOTORESIST,DEVELOP PHOTORESIST,SOFT BAKE,STRIP RESIST,STRIP PHOTORESIST
igbt_0113_f80,DEPOSIT PASSIVATION,DEPOSIT PASSIVATION LAYER,DEVELOP PHOTORESIST,SPIN COAT PHOTORESIST,SOFT BAKE
igbt_0114_f60,SOFT BAKE,DEVELOP PHOTORESIST,SPIN COAT PHOTORESIST,STRIP RESIST,STRIP PHOTORESIST
igbt_0114_f80,MEASURE PASSIVATION THICKNESS,MEASURE PASSIVATION QUALITY,DEVELOP PHOTORESIST,SPIN COAT PHOTORESIST,SOFT BAKE
igbt_0115_f60,MEASURE PLANARITY,MEASURE SURFACE PLANARITY,DEVELOP PHOTORESIST,SPIN COAT PHOTORESIST,SOFT BAKE
igbt_0115_f80,CURE PASSIVATION,DEVELOP PHOTORESIST,SPIN COAT PHOTORESIST,SOFT BAKE,STRIP RESIST
igbt_0116_f60,MEASURE PLANARITY,MEASURE SURFACE PLANARITY,DEVELOP PHOTORESIST,SPIN COAT PHOTORESIST,SOFT BAKE
igbt_0116_f80,CURE PASSIVATION,DEVELOP PHOTORESIST,SPIN COAT PHOTORESIST,SOFT BAKE,STRIP RESIST
igbt_0117_f60,MEASURE FILM THICKNESS,MEASURE DIELECTRIC THICKNESS,SPIN COAT PHOTORESIST,DEVELOP PHOTORESIST,SOFT BAKE
igbt_0117_f80,MEASURE LINE WIDTH,DEPOSIT PASSIVATION,DEPOSIT PASSIVATION LAYER,DEVELOP PHOTORESIST,SPIN COAT PHOTORESIST
igbt_0118_f60,SPIN COAT PHOTORESIST,DEVELOP PHOTORESIST,SOFT BAKE,STRIP RESIST,STRIP PHOTORESIST
igbt_0118_f80,MEASURE PASSIVATION THICKNESS,MEASURE PASSIVATION QUALITY,DEVELOP PHOTORESIST,SPIN COAT PHOTORESIST,SOFT BAKE
igbt_0119_f60,SPIN COAT PHOTORESIST,DEVELOP PHOTORESIST,SOFT BAKE,STRIP RESIST,STRIP PHOTORESIST
igbt_0119_f80,DEPOSIT PASSIVATION,DEPOSIT PASSIVATION LAYER,DEVELOP PHOTORESIST,SPIN COAT PHOTORESIST,SOFT BAKE
igbt_0120_f60,CMP INTERLAYER DIELECTRIC,CMP DIELECTRIC,DEVELOP PHOTORESIST,SPIN COAT PHOTORESIST,SOFT BAKE
igbt_0120_f80,DEPOSIT PASSIVATION,DEPOSIT PASSIVATION LAYER,DEVELOP PHOTORESIST,SPIN COAT PHOTORESIST,SOFT BAKE
igbt_0121_f60,SOFT BAKE,DEVELOP PHOTORESIST,SPIN COAT PHOTORESIST,STRIP RESIST,STRIP PHOTORESIST
igbt_0121_f80,MEASURE PASSIVATION THICKNESS,MEASURE PASSIVATION QUALITY,DEVELOP PHOTORESIST,SPIN COAT PHOTORESIST,SOFT BAKE
igbt_0122_f60,MEASURE SURFACE PLANARITY,MEASURE PLANARITY,DEVELOP PHOTORESIST,SPIN COAT PHOTORESIST,SOFT BAKE
igbt_0122_f80,MEASURE PASSIVATION THICKNESS,MEASURE PASSIVATION QUALITY,DEVELOP PHOTORESIST,SPIN COAT PHOTORESIST,SOFT BAKE
igbt_0123_f60,CMP DIELECTRIC,CMP INTERLAYER DIELECTRIC,SPIN COAT PHOTORESIST,DEVELOP PHOTORESIST,SOFT BAKE
igbt_0123_f80,MEASURE PASSIVATION THICKNESS,MEASURE PASSIVATION QUALITY,DEVELOP PHOTORESIST,SPIN COAT PHOTORESIST,SOFT BAKE
igbt_0124_f60,MEASURE PLANARITY,MEASURE SURFACE PLANARITY,DEVELOP PHOTORESIST,SPIN COAT PHOTORESIST,SOFT BAKE
igbt_0124_f80,CURE PASSIVATION,DEVELOP PHOTORESIST,SPIN COAT PHOTORESIST,SOFT BAKE,STRIP RESIST
igbt_0125_f60,MEASURE PLANARITY,MEASURE SURFACE PLANARITY,DEVELOP PHOTORESIST,SPIN COAT PHOTORESIST,SOFT BAKE
igbt_0125_f80,OPEN PAD WINDOW,OPEN BOND PAD WINDOW,DEVELOP PHOTORESIST,SPIN COAT PHOTORESIST,SOFT BAKE
igbt_0126_f60,MEASURE FILM THICKNESS,MEASURE DIELECTRIC THICKNESS,DEVELOP PHOTORESIST,SPIN COAT PHOTORESIST,SOFT BAKE
igbt_0126_f80,CURE PASSIVATION,DEVELOP PHOTORESIST,SPIN COAT PHOTORESIST,SOFT BAKE,STRIP RESIST
igbt_0127_f60,MEASURE FILM THICKNESS,MEASURE DIELECTRIC THICKNESS,SPIN COAT PHOTORESIST,DEVELOP PHOTORESIST,SOFT BAKE
igbt_0127_f80,MEASURE LINE WIDTH,DEPOSIT PASSIVATION,DEPOSIT PASSIVATION LAYER,DEVELOP PHOTORESIST,SPIN COAT PHOTORESIST
igbt_0128_f60,SPIN COAT PHOTORESIST,DEVELOP PHOTORESIST,SOFT BAKE,STRIP RESIST,STRIP PHOTORESIST
igbt_0128_f80,CURE PASSIVATION,DEVELOP PHOTORESIST,SPIN COAT PHOTORESIST,SOFT BAKE,STRIP RESIST
igbt_0129_f60,ALIGN MASK LEVEL 1,ALIGN MASK LEVEL 2,ALIGN MASK LEVEL 3,ALIGN MASK LEVEL 4,ALIGN MASK LEVEL 5
igbt_0129_f80,CURE PASSIVATION,DEVELOP PHOTORESIST,SPIN COAT PHOTORESIST,SOFT BAKE,STRIP RESIST
igbt_0130_f60,SPIN COAT PHOTORESIST,DEVELOP PHOTORESIST,SOFT BAKE,STRIP RESIST,STRIP PHOTORESIST
igbt_0130_f80,CURE PASSIVATION,DEVELOP PHOTORESIST,SPIN COAT PHOTORESIST,SOFT BAKE,STRIP RESIST
igbt_0131_f60,SPIN COAT PHOTORESIST,DEVELOP PHOTORESIST,SOFT BAKE,STRIP RESIST,STRIP PHOTORESIST
igbt_0131_f80,MEASURE PASSIVATION THICKNESS,MEASURE PASSIVATION QUALITY,DEVELOP PHOTORESIST,SPIN COAT PHOTORESIST,SOFT BAKE
igbt_0132_f60,SPIN COAT PHOTORESIST,DEVELOP PHOTORESIST,SOFT BAKE,STRIP RESIST,STRIP PHOTORESIST
igbt_0132_f80,CURE PASSIVATION,DEVELOP PHOTORESIST,SPIN COAT PHOTORESIST,SOFT BAKE,STRIP RESIST
igbt_0133_f60,SOFT BAKE,DEVELOP PHOTORESIST,SPIN COAT PHOTORESIST,STRIP RESIST,STRIP PHOTORESIST
igbt_0133_f80,CURE PASSIVATION,DEVELOP PHOTORESIST,SPIN COAT PHOTORESIST,SOFT BAKE,STRIP RESIST
igbt_0134_f60,SPIN COAT PHOTORESIST,DEVELOP PHOTORESIST,SOFT BAKE,STRIP RESIST,STRIP PHOTORESIST
igbt_0134_f80,MEASURE PASSIVATION THICKNESS,MEASURE PASSIVATION QUALITY,DEVELOP PHOTORESIST,SPIN COAT PHOTORESIST,SOFT BAKE
igbt_0135_f60,SOFT BAKE,DEVELOP PHOTORESIST,SPIN COAT PHOTORESIST,STRIP RESIST,STRIP PHOTORESIST
igbt_0135_f80,DEPOSIT PASSIVATION,DEPOSIT PASSIVATION LAYER,DEVELOP PHOTORESIST,SPIN COAT PHOTORESIST,SOFT BAKE
igbt_0136_f60,SOFT BAKE,DEVELOP PHOTORESIST,SPIN COAT PHOTORESIST,STRIP RESIST,STRIP PHOTORESIST
igbt_0136_f80,MEASURE PASSIVATION THICKNESS,MEASURE PASSIVATION QUALITY,DEVELOP PHOTORESIST,SPIN COAT PHOTORESIST,SOFT BAKE
igbt_0137_f60,MEASURE PLANARITY,MEASURE SURFACE PLANARITY,DEVELOP PHOTORESIST,SPIN COAT PHOTORESIST,SOFT BAKE
igbt_0137_f80,MEASURE PASSIVATION THICKNESS,MEASURE PASSIVATION QUALITY,DEVELOP PHOTORESIST,SPIN COAT PHOTORESIST,SOFT BAKE
igbt_0138_f60,DENSIFY OXIDE,DENSIFY DIELECTRIC,DEVELOP PHOTORESIST,SPIN COAT PHOTORESIST,SOFT BAKE
igbt_0138_f80,DEPOSIT PASSIVATION,DEPOSIT PASSIVATION LAYER,DEVELOP PHOTORESIST,SPIN COAT PHOTORESIST,SOFT BAKE
igbt_0139_f60,MEASURE FILM THICKNESS,MEASURE DIELECTRIC THICKNESS,DEVELOP PHOTORESIST,SPIN COAT PHOTORESIST,SOFT BAKE
igbt_0139_f80,DEPOSIT PASSIVATION,DEPOSIT PASSIVATION LAYER,DEVELOP PHOTORESIST,SPIN COAT PHOTORESIST,SOFT BAKE
igbt_0140_f60,MEASURE SURFACE PLANARITY,MEASURE PLANARITY,DEVELOP PHOTORESIST,SPIN COAT PHOTORESIST,SOFT BAKE
igbt_0140_f80,MEASURE PASSIVATION THICKNESS,MEASURE PASSIVATION QUALITY,DEVELOP PHOTORESIST,SPIN COAT PHOTORESIST,SOFT BAKE
igbt_0141_f60,CMP DIELECTRIC,CMP INTERLAYER DIELECTRIC,SPIN COAT PHOTORESIST,DEVELOP PHOTORESIST,SOFT BAKE
igbt_0141_f80,CLEAN AFTER METAL ETCH,CLEAN AFTER POLY ETCH,CLEAN PAD OPENING,CLEAN AFTER VIA ETCH,CLEAN AFTER ETCH
igbt_0142_f60,SPIN COAT PHOTORESIST,DEVELOP PHOTORESIST,SOFT BAKE,STRIP RESIST,STRIP PHOTORESIST
igbt_0142_f80,MEASURE PASSIVATION THICKNESS,MEASURE PASSIVATION QUALITY,DEVELOP PHOTORESIST,SPIN COAT PHOTORESIST,SOFT BAKE
igbt_0143_f60,MEASURE SURFACE PLANARITY,MEASURE PLANARITY,DEVELOP PHOTORESIST,SPIN COAT PHOTORESIST,SOFT BAKE
igbt_0143_f80,DEPOSIT PASSIVATION,DEPOSIT PASSIVATION LAYER,DEVELOP PHOTORESIST,SPIN COAT PHOTORESIST,SOFT BAKE
igbt_0144_f60,CMP INTERLAYER DIELECTRIC,CMP DIELECTRIC,DEVELOP PHOTORESIST,SPIN COAT PHOTORESIST,SOFT BAKE
igbt_0144_f80,MEASURE LINE WIDTH,DEPOSIT PASSIVATION,DEPOSIT PASSIVATION LAYER,DEVELOP PHOTORESIST,SPIN COAT PHOTORESIST
igbt_0145_f60,SOFT BAKE,DEVELOP PHOTORESIST,SPIN COAT PHOTORESIST,STRIP RESIST,STRIP PHOTORESIST
igbt_0145_f80,DEPOSIT PASSIVATION,DEPOSIT PASSIVATION LAYER,DEVELOP PHOTORESIST,SPIN COAT PHOTORESIST,SOFT BAKE
igbt_0146_f60,ALIGN MASK LEVEL 1,ALIGN MASK LEVEL 2,ALIGN MASK LEVEL 3,ALIGN MASK LEVEL 4,ALIGN MASK LEVEL 5
igbt_0146_f80,OPEN PAD WINDOW,OPEN BOND PAD WINDOW,DEVELOP PHOTORESIST,SPIN COAT PHOTORESIST,SOFT BAKE
igbt_0147_f60,MEASURE PLANARITY,MEASURE SURFACE PLANARITY,DEVELOP PHOTORESIST,SPIN COAT PHOTORESIST,SOFT BAKE
igbt_0147_f80,MEASURE PASSIVATION THICKNESS,MEASURE PASSIVATION QUALITY,DEVELOP PHOTORESIST,SPIN COAT PHOTORESIST,SOFT BAKE
igbt_0148_f60,CMP DIELECTRIC,CMP INTERLAYER DIELECTRIC,SPIN COAT PHOTORESIST,DEVELOP PHOTORESIST,SOFT BAKE
igbt_0148_f80,CURE PASSIVATION,DEVELOP PHOTORESIST,SPIN COAT PHOTORESIST,SOFT BAKE,STRIP RESIST
igbt_0149_f60,MEASURE SURFACE PLANARITY,MEASURE PLANARITY,DEVELOP PHOTORESIST,SPIN COAT PHOTORESIST,SOFT BAKE
igbt_0149_f80,CURE PASSIVATION,DEVELOP PHOTORESIST,SPIN COAT PHOTORESIST,SOFT BAKE,STRIP RESIST
igbt_0150_f60,SPIN COAT PHOTORESIST,DEVELOP PHOTORESIST,SOFT BAKE,STRIP RESIST,STRIP PHOTORESIST
igbt_0150_f80,CURE PASSIVATION,DEVELOP PHOTORESIST,SPIN COAT PHOTORESIST,SOFT BAKE,STRIP RESIST
igbt_0151_f60,MEASURE PLANARITY,MEASURE SURFACE PLANARITY,DEVELOP PHOTORESIST,SPIN COAT PHOTORESIST,SOFT BAKE
igbt_0151_f80,CURE PASSIVATION,DEVELOP PHOTORESIST,SPIN COAT PHOTORESIST,SOFT BAKE,STRIP RESIST
igbt_0152_f60,SPIN COAT PHOTORESIST,DEVELOP PHOTORESIST,SOFT BAKE,STRIP RESIST,STRIP PHOTORESIST
igbt_0152_f80,CURE PASSIVATION,DEVELOP PHOTORESIST,SPIN COAT PHOTORESIST,SOFT BAKE,STRIP RESIST
igbt_0153_f60,SOFT BAKE,DEVELOP PHOTORESIST,SPIN COAT PHOTORESIST,STRIP RESIST,STRIP PHOTORESIST
igbt_0153_f80,CURE PASSIVATION,DEVELOP PHOTORESIST,SPIN COAT PHOTORESIST,SOFT BAKE,STRIP RESIST
igbt_0154_f60,SPIN COAT PHOTORESIST,DEVELOP PHOTORESIST,SOFT BAKE,STRIP RESIST,STRIP PHOTORESIST
igbt_0154_f80,CURE PASSIVATION,DEVELOP PHOTORESIST,SPIN COAT PHOTORESIST,SOFT BAKE,STRIP RESIST
igbt_0155_f60,SOFT BAKE,DEVELOP PHOTORESIST,SPIN COAT PHOTORESIST,STRIP RESIST,STRIP PHOTORESIST
igbt_0155_f80,MEASURE PASSIVATION THICKNESS,MEASURE PASSIVATION QUALITY,DEVELOP PHOTORESIST,SPIN COAT PHOTORESIST,SOFT BAKE
igbt_0156_f60,SPIN COAT PHOTORESIST,DEVELOP PHOTORESIST,SOFT BAKE,STRIP RESIST,STRIP PHOTORESIST
igbt_0156_f80,CURE PASSIVATION,DEVELOP PHOTORESIST,SPIN COAT PHOTORESIST,SOFT BAKE,STRIP RESIST
igbt_0157_f60,MEASURE DIELECTRIC THICKNESS,MEASURE FILM THICKNESS,DEVELOP PHOTORESIST,SPIN COAT PHOTORESIST,SOFT BAKE
igbt_0157_f80,MEASURE LINE WIDTH,DEPOSIT PASSIVATION,DEPOSIT PASSIVATION LAYER,DEVELOP PHOTORESIST,SPIN COAT PHOTORESIST
igbt_0158_f60,MEASURE SURFACE PLANARITY,MEASURE PLANARITY,DEVELOP PHOTORESIST,SPIN COAT PHOTORESIST,SOFT BAKE
igbt_0158_f80,MEASURE PASSIVATION THICKNESS,MEASURE PASSIVATION QUALITY,DEVELOP PHOTORESIST,SPIN COAT PHOTORESIST,SOFT BAKE
igbt_0159_f60,SPIN COAT PHOTORESIST,DEVELOP PHOTORESIST,SOFT BAKE,STRIP RESIST,STRIP PHOTORESIST
igbt_0159_f80,MEASURE PASSIVATION THICKNESS,MEASURE PASSIVATION QUALITY,DEVELOP PHOTORESIST,SPIN COAT PHOTORESIST,SOFT BAKE
igbt_0160_f60,MEASURE FILM THICKNESS,MEASURE DIELECTRIC THICKNESS,SPIN COAT PHOTORESIST,DEVELOP PHOTORESIST,SOFT BAKE
igbt_0160_f80,DEPOSIT PASSIVATION,DEPOSIT PASSIVATION LAYER,DEVELOP PHOTORESIST,SPIN COAT PHOTORESIST,SOFT BAKE
igbt_0161_f60,SPIN COAT PHOTORESIST,DEVELOP PHOTORESIST,SOFT BAKE,STRIP RESIST,STRIP PHOTORESIST
igbt_0161_f80,CURE PASSIVATION,DEVELOP PHOTORESIST,SPIN COAT PHOTORESIST,SOFT BAKE,STRIP RESIST
igbt_0162_f60,MEASURE SURFACE PLANARITY,MEASURE PLANARITY,DEVELOP PHOTORESIST,SPIN COAT PHOTORESIST,SOFT BAKE
igbt_0162_f80,CURE PASSIVATION,DEVELOP PHOTORESIST,SPIN COAT PHOTORESIST,SOFT BAKE,STRIP RESIST
igbt_0163_f60,SPIN COAT PHOTORESIST,DEVELOP PHOTORESIST,SOFT BAKE,STRIP RESIST,STRIP PHOTORESIST
igbt_0163_f80,CURE PASSIVATION,DEVELOP PHOTORESIST,SPIN COAT PHOTORESIST,SOFT BAKE,STRIP RESIST
igbt_0164_f60,SPIN COAT PHOTORESIST,DEVELOP PHOTORESIST,SOFT BAKE,STRIP RESIST,STRIP PHOTORESIST
igbt_0164_f80,CURE PASSIVATION,DEVELOP PHOTORESIST,SPIN COAT PHOTORESIST,SOFT BAKE,STRIP RESIST
igbt_0165_f60,SPIN COAT PHOTORESIST,DEVELOP PHOTORESIST,SOFT BAKE,STRIP RESIST,STRIP PHOTORESIST
igbt_0165_f80,CURE PASSIVATION,DEVELOP PHOTORESIST,SPIN COAT PHOTORESIST,SOFT BAKE,STRIP RESIST
igbt_0166_f60,MEASURE SURFACE PLANARITY,MEASURE PLANARITY,DEVELOP PHOTORESIST,SPIN COAT PHOTORESIST,SOFT BAKE
igbt_0166_f80,CURE PASSIVATION,DEVELOP PHOTORESIST,SPIN COAT PHOTORESIST,SOFT BAKE,STRIP RESIST
igbt_0167_f60,SPIN COAT PHOTORESIST,DEVELOP PHOTORESIST,SOFT BAKE,STRIP RESIST,STRIP PHOTORESIST
igbt_0167_f80,MEASURE PASSIVATION THICKNESS,MEASURE PASSIVATION QUALITY,DEVELOP PHOTORESIST,SPIN COAT PHOTORESIST,SOFT BAKE
igbt_0168_f60,MEASURE SURFACE PLANARITY,MEASURE PLANARITY,DEVELOP PHOTORESIST,SPIN COAT PHOTORESIST,SOFT BAKE
igbt_0168_f80,CURE PASSIVATION,DEVELOP PHOTORESIST,SPIN COAT PHOTORESIST,SOFT BAKE,STRIP RESIST
igbt_0169_f60,CMP INTERLAYER DIELECTRIC,CMP DIELECTRIC,DEVELOP PHOTORESIST,SPIN COAT PHOTORESIST,SOFT BAKE
igbt_0169_f80,CURE PASSIVATION,DEVELOP PHOTORESIST,SPIN COAT PHOTORESIST,SOFT BAKE,STRIP RESIST
igbt_0170_f60,SPIN COAT PHOTORESIST,CMP INTERLAYER DIELECTRIC,CMP DIELECTRIC,DEVELOP PHOTORESIST,SOFT BAKE
igbt_0170_f80,CURE PASSIVATION,DEVELOP PHOTORESIST,SPIN COAT PHOTORESIST,SOFT BAKE,STRIP RESIST
igbt_0171_f60,SPIN COAT PHOTORESIST,DEVELOP PHOTORESIST,SOFT BAKE,STRIP RESIST,STRIP PHOTORESIST
igbt_0171_f80,CURE PASSIVATION,DEVELOP PHOTORESIST,SPIN COAT PHOTORESIST,SOFT BAKE,STRIP RESIST
igbt_0172_f60,CMP INTERLAYER DIELECTRIC,CMP DIELECTRIC,DEVELOP PHOTORESIST,SPIN COAT PHOTORESIST,SOFT BAKE
igbt_0172_f80,CURE PASSIVATION,DEVELOP PHOTORESIST,SPIN COAT PHOTORESIST,SOFT BAKE,STRIP RESIST
igbt_0173_f60,MEASURE SURFACE PLANARITY,MEASURE PLANARITY,DEVELOP PHOTORESIST,SPIN COAT PHOTORESIST,SOFT BAKE
igbt_0173_f80,MEASURE PASSIVATION THICKNESS,MEASURE PASSIVATION QUALITY,DEVELOP PHOTORESIST,SPIN COAT PHOTORESIST,SOFT BAKE
igbt_0174_f60,SPIN COAT PHOTORESIST,DEVELOP PHOTORESIST,SOFT BAKE,STRIP RESIST,STRIP PHOTORESIST
igbt_0174_f80,CURE PASSIVATION,DEVELOP PHOTORESIST,SPIN COAT PHOTORESIST,SOFT BAKE,STRIP RESIST
igbt_0175_f60,MEASURE SURFACE PLANARITY,MEASURE PLANARITY,DEVELOP PHOTORESIST,SPIN COAT PHOTORESIST,SOFT BAKE
igbt_0175_f80,DEPOSIT PASSIVATION,DEPOSIT PASSIVATION LAYER,DEVELOP PHOTORESIST,SPIN COAT PHOTORESIST,SOFT BAKE
igbt_0176_f60,MEASURE SURFACE PLANARITY,MEASURE PLANARITY,DEVELOP PHOTORESIST,SPIN COAT PHOTORESIST,SOFT BAKE
igbt_0176_f80,CURE PASSIVATION,DEVELOP PHOTORESIST,SPIN COAT PHOTORESIST,SOFT BAKE,STRIP RESIST
igbt_0177_f60,MEASURE SURFACE PLANARITY,MEASURE PLANARITY,DEVELOP PHOTORESIST,SPIN COAT PHOTORESIST,SOFT BAKE
igbt_0177_f80,MEASURE LINE WIDTH,DEPOSIT PASSIVATION,DEPOSIT PASSIVATION LAYER,DEVELOP PHOTORESIST,SPIN COAT PHOTORESIST
igbt_0178_f60,SPIN COAT PHOTORESIST,DEVELOP PHOTORESIST,SOFT BAKE,STRIP RESIST,STRIP PHOTORESIST
igbt_0178_f80,MEASURE PASSIVATION THICKNESS,MEASURE PASSIVATION QUALITY,DEVELOP PHOTORESIST,SPIN COAT PHOTORESIST,SOFT BAKE
igbt_0179_f60,SPIN COAT PHOTORESIST,DEVELOP PHOTORESIST,SOFT BAKE,STRIP RESIST,STRIP PHOTORESIST
igbt_0179_f80,MEASURE PASSIVATION THICKNESS,MEASURE PASSIVATION QUALITY,DEVELOP PHOTORESIST,SPIN COAT PHOTORESIST,SOFT BAKE
igbt_0180_f60,MEASURE FILM THICKNESS,MEASURE DIELECTRIC THICKNESS,DEVELOP PHOTORESIST,SPIN COAT PHOTORESIST,SOFT BAKE
igbt_0180_f80,DEPOSIT PASSIVATION,DEPOSIT PASSIVATION LAYER,DEVELOP PHOTORESIST,SPIN COAT PHOTORESIST,SOFT BAKE
igbt_0181_f60,ALIGN MASK LEVEL 1,ALIGN MASK LEVEL 2,ALIGN MASK LEVEL 3,ALIGN MASK LEVEL 4,ALIGN MASK LEVEL 5
igbt_0181_f80,MEASURE PASSIVATION THICKNESS,MEASURE PASSIVATION QUALITY,DEVELOP PHOTORESIST,SPIN COAT PHOTORESIST,SOFT BAKE
igbt_0182_f60,SPIN COAT PHOTORESIST,DEVELOP PHOTORESIST,SOFT BAKE,STRIP RESIST,STRIP PHOTORESIST
igbt_0182_f80,CURE PASSIVATION,DEVELOP PHOTORESIST,SPIN COAT PHOTORESIST,SOFT BAKE,STRIP RESIST
igbt_0183_f60,SPIN COAT PHOTORESIST,CMP INTERLAYER DIELECTRIC,CMP DIELECTRIC,DEVELOP PHOTORESIST,SOFT BAKE
igbt_0183_f80,CURE PASSIVATION,DEVELOP PHOTORESIST,SPIN COAT PHOTORESIST,SOFT BAKE,STRIP RESIST
igbt_0184_f60,SPIN COAT PHOTORESIST,DEVELOP PHOTORESIST,SOFT BAKE,STRIP RESIST,STRIP PHOTORESIST
igbt_0184_f80,MEASURE PASSIVATION THICKNESS,MEASURE PASSIVATION QUALITY,DEVELOP PHOTORESIST,SPIN COAT PHOTORESIST,SOFT BAKE
igbt_0185_f60,SOFT BAKE,DEVELOP PHOTORESIST,SPIN COAT PHOTORESIST,STRIP RESIST,STRIP PHOTORESIST
igbt_0185_f80,CURE PASSIVATION,DEVELOP PHOTORESIST,SPIN COAT PHOTORESIST,SOFT BAKE,STRIP RESIST
igbt_0186_f60,MEASURE PLANARITY,MEASURE SURFACE PLANARITY,DEVELOP PHOTORESIST,SPIN COAT PHOTORESIST,SOFT BAKE
igbt_0186_f80,CURE PASSIVATION,DEVELOP PHOTORESIST,SPIN COAT PHOTORESIST,SOFT BAKE,STRIP RESIST
igbt_0187_f60,SPIN COAT PHOTORESIST,DEVELOP PHOTORESIST,SOFT BAKE,STRIP RESIST,STRIP PHOTORESIST
igbt_0187_f80,DEPOSIT PASSIVATION,DEPOSIT PASSIVATION LAYER,DEVELOP PHOTORESIST,SPIN COAT PHOTORESIST,SOFT BAKE
igbt_0188_f60,SPIN COAT PHOTORESIST,DEVELOP PHOTORESIST,SOFT BAKE,STRIP RESIST,STRIP PHOTORESIST
igbt_0188_f80,MEASURE PASSIVATION THICKNESS,MEASURE PASSIVATION QUALITY,DEVELOP PHOTORESIST,SPIN COAT PHOTORESIST,SOFT BAKE
igbt_0189_f60,SPIN COAT PHOTORESIST,CMP INTERLAYER DIELECTRIC,CMP DIELECTRIC,DEVELOP PHOTORESIST,SOFT BAKE
igbt_0189_f80,MEASURE LINE WIDTH,DEPOSIT PASSIVATION,DEPOSIT PASSIVATION LAYER,DEVELOP PHOTORESIST,SPIN COAT PHOTORESIST
igbt_0190_f60,MEASURE PLANARITY,MEASURE SURFACE PLANARITY,DEVELOP PHOTORESIST,SPIN COAT PHOTORESIST,SOFT BAKE
igbt_0190_f80,CURE PASSIVATION,DEVELOP PHOTORESIST,SPIN COAT PHOTORESIST,SOFT BAKE,STRIP RESIST
igbt_0191_f60,MEASURE FILM THICKNESS,MEASURE DIELECTRIC THICKNESS,DEVELOP PHOTORESIST,SPIN COAT PHOTORESIST,SOFT BAKE
igbt_0191_f80,DEPOSIT PASSIVATION,DEPOSIT PASSIVATION LAYER,DEVELOP PHOTORESIST,SPIN COAT PHOTORESIST,SOFT BAKE
igbt_0192_f60,SPIN COAT PHOTORESIST,DEVELOP PHOTORESIST,SOFT BAKE,STRIP RESIST,STRIP PHOTORESIST
igbt_0192_f80,DEPOSIT PASSIVATION,DEPOSIT PASSIVATION LAYER,DEVELOP PHOTORESIST,SPIN COAT PHOTORESIST,SOFT BAKE
igbt_0193_f60,SOFT BAKE,DEVELOP PHOTORESIST,SPIN COAT PHOTORESIST,STRIP RESIST,STRIP PHOTORESIST
igbt_0193_f80,CURE PASSIVATION,DEVELOP PHOTORESIST,SPIN COAT PHOTORESIST,SOFT BAKE,STRIP RESIST
igbt_0194_f60,SOFT BAKE,DEVELOP PHOTORESIST,SPIN COAT PHOTORESIST,STRIP RESIST,STRIP PHOTORESIST
igbt_0194_f80,CURE PASSIVATION,DEVELOP PHOTORESIST,SPIN COAT PHOTORESIST,SOFT BAKE,STRIP RESIST
igbt_0195_f60,SPIN COAT PHOTORESIST,DEVELOP PHOTORESIST,SOFT BAKE,STRIP RESIST,STRIP PHOTORESIST
igbt_0195_f80,CURE PASSIVATION,DEVELOP PHOTORESIST,SPIN COAT PHOTORESIST,SOFT BAKE,STRIP RESIST
igbt_0196_f60,SPIN COAT PHOTORESIST,DEVELOP PHOTORESIST,SOFT BAKE,STRIP RESIST,STRIP PHOTORESIST
igbt_0196_f80,DEPOSIT PASSIVATION,DEPOSIT PASSIVATION LAYER,DEVELOP PHOTORESIST,SPIN COAT PHOTORESIST,SOFT BAKE
igbt_0197_f60,MEASURE PLANARITY,MEASURE SURFACE PLANARITY,DEVELOP PHOTORESIST,SPIN COAT PHOTORESIST,SOFT BAKE
igbt_0197_f80,CURE PASSIVATION,DEVELOP PHOTORESIST,SPIN COAT PHOTORESIST,SOFT BAKE,STRIP RESIST
igbt_0198_f60,SOFT BAKE,DEVELOP PHOTORESIST,SPIN COAT PHOTORESIST,STRIP RESIST,STRIP PHOTORESIST
igbt_0198_f80,MEASURE PASSIVATION THICKNESS,MEASURE PASSIVATION QUALITY,DEVELOP PHOTORESIST,SPIN COAT PHOTORESIST,SOFT BAKE
igbt_0199_f60,SOFT BAKE,DEVELOP PHOTORESIST,SPIN COAT PHOTORESIST,STRIP RESIST,STRIP PHOTORESIST
igbt_0199_f80,CURE PASSIVATION,DEVELOP PHOTORESIST,SPIN COAT PHOTORESIST,SOFT BAKE,STRIP RESIST
ic_0000_f60,STRIP PHOTORESIST,STRIP RESIST,DEVELOP PHOTORESIST,SPIN COAT PHOTORESIST,SOFT BAKE
ic_0000_f80,CURE PASSIVATION,DEVELOP PHOTORESIST,SPIN COAT PHOTORESIST,SOFT BAKE,STRIP RESIST
ic_0001_f60,DEPOSIT BARRIER METAL,DEVELOP PHOTORESIST,SPIN COAT PHOTORESIST,SOFT BAKE,STRIP RESIST
ic_0001_f80,OPEN PAD WINDOW LITHO,PAD WINDOW LITHO,DEVELOP PHOTORESIST,SPIN COAT PHOTORESIST,SOFT BAKE
ic_0002_f60,CLEAN AFTER VIA ETCH,CLEAN AFTER METAL ETCH,CLEAN PAD OPENING,CLEAN AFTER ETCH,CLEAN AFTER POLY ETCH
ic_0002_f80,PASSIVATION ETCH PAD OPENING,PASSIVATION ETCH,DEVELOP PHOTORESIST,SPIN COAT PHOTORESIST,SOFT BAKE
ic_0003_f60,STRIP RESIST,STRIP PHOTORESIST,DEVELOP PHOTORESIST,SPIN COAT PHOTORESIST,SOFT BAKE
ic_0003_f80,OPEN PAD WINDOW,OPEN BOND PAD WINDOW,DEVELOP PHOTORESIST,SPIN COAT PHOTORESIST,SOFT BAKE
ic_0004_f60,MEASURE VIA CD,DEPOSIT BARRIER METAL,DEVELOP PHOTORESIST,SPIN COAT PHOTORESIST,SOFT BAKE
ic_0004_f80,OPEN PAD WINDOW LITHO,PAD WINDOW LITHO,DEVELOP PHOTORESIST,SPIN COAT PHOTORESIST,SOFT BAKE
ic_0005_f60,MEASURE VIA CD,DEPOSIT BARRIER METAL,DEVELOP PHOTORESIST,SPIN COAT PHOTORESIST,SOFT BAKE
ic_0005_f80,PAD WINDOW LITHO,OPEN PAD WINDOW LITHO,DEVELOP PHOTORESIST,SPIN COAT PHOTORESIST,SOFT BAKE
ic_0006_f60,STRIP RESIST,STRIP PHOTORESIST,DEVELOP PHOTORESIST,SPIN COAT PHOTORESIST,SOFT BAKE
ic_0006_f80,PAD WINDOW LITHO,OPEN PAD WINDOW LITHO,DEVELOP PHOTORESIST,SPIN COAT PHOTORESIST,SOFT BAKE
ic_0007_f60,CLEAN AFTER VIA ETCH,CLEAN AFTER POLY ETCH,CLEAN PAD OPENING,CLEAN AFTER METAL ETCH,CLEAN AFTER ETCH
ic_0007_f80,DEVELOP PAD WINDOW,DEVELOP PHOTORESIST,SPIN COAT PHOTORESIST,SOFT BAKE,STRIP RESIST
ic_0008_f60,MEASURE VIA CD,DEPOSIT BARRIER METAL,DEVELOP PHOTORESIST,SPIN COAT PHOTORESIST,SOFT BAKE
ic_0008_f80,STRIP PHOTORESIST,STRIP RESIST,DEVELOP PHOTORESIST,SPIN COAT PHOTORESIST,SOFT BAKE
ic_0009_f60,CLEAN AFTER VIA ETCH,CLEAN AFTER POLY ETCH,CLEAN PAD OPENING,CLEAN AFTER METAL ETCH,CLEAN AFTER ETCH
ic_0009_f80,DEVELOP PHOTORESIST,DEVELOP PAD WINDOW,SPIN COAT PHOTORESIST,SOFT BAKE,STRIP RESIST
ic_0010_f60,MEASURE VIA CD,DEPOSIT BARRIER METAL,DEVELOP PHOTORESIST,SPIN COAT PHOTORESIST,SOFT BAKE
ic_0010_f80,DEVELOP PAD WINDOW,DEVELOP PHOTORESIST,SPIN COAT PHOTORESIST,SOFT BAKE,STRIP RESIST
ic_0011_f60,STRIP PHOTORESIST,STRIP RESIST,DEVELOP PHOTORESIST,SPIN COAT PHOTORESIST,SOFT BAKE
ic_0011_f80,OPEN PAD WINDOW,OPEN BOND PAD WINDOW,DEVELOP PHOTORESIST,SPIN COAT PHOTORESIST,SOFT BAKE
ic_0012_f60,DEPOSIT BARRIER METAL,DEVELOP PHOTORESIST,SPIN COAT PHOTORESIST,SOFT BAKE,STRIP RESIST
ic_0012_f80,DEVELOP PHOTORESIST,DEVELOP PAD WINDOW,SPIN COAT PHOTORESIST,SOFT BAKE,STRIP RESIST
ic_0013_f60,HARD BAKE,DIELECTRIC ETCH VIA,VIA ETCH THROUGH DIELECTRIC,VIA ETCH,DEVELOP PHOTORESIST
ic_0013_f80,OPEN PAD WINDOW,OPEN BOND PAD WINDOW,DEVELOP PHOTORESIST,SPIN COAT PHOTORESIST,SOFT BAKE
ic_0014_f60,MEASURE VIA CD,DEPOSIT BARRIER METAL,DEVELOP PHOTORESIST,SPIN COAT PHOTORESIST,SOFT BAKE
ic_0014_f80,PAD WINDOW LITHO,OPEN PAD WINDOW LITHO,DEVELOP PHOTORESIST,SPIN COAT PHOTORESIST,SOFT BAKE
ic_0015_f60,CLEAN AFTER VIA ETCH,CLEAN AFTER METAL ETCH,CLEAN PAD OPENING,CLEAN AFTER ETCH,CLEAN AFTER POLY ETCH
ic_0015_f80,OPEN PAD WINDOW LITHO,PAD WINDOW LITHO,DEVELOP PHOTORESIST,SPIN COAT PHOTORESIST,SOFT BAKE
ic_0016_f60,DEPOSIT BARRIER METAL,DEVELOP PHOTORESIST,SPIN COAT PHOTORESIST,SOFT BAKE,STRIP RESIST
ic_0016_f80,DEVELOP PAD WINDOW,DEVELOP PHOTORESIST,SPIN COAT PHOTORESIST,SOFT BAKE,STRIP RESIST
ic_0017_f60,DEPOSIT BARRIER METAL,DEVELOP PHOTORESIST,SPIN COAT PHOTORESIST,SOFT BAKE,STRIP RESIST
ic_0017_f80,PASSIVATION ETCH,PASSIVATION ETCH PAD OPENING,METAL PATTERN INSPECTION,POLY PATTERN INSPECTION,INSPECT PATTERN LEVEL 1
ic_0018_f60,MEASURE VIA CD,DEPOSIT BARRIER METAL,DEVELOP PHOTORESIST,SPIN COAT PHOTORESIST,SOFT BAKE
ic_0018_f80,DEVELOP PHOTORESIST,DEVELOP PAD WINDOW,SPIN COAT PHOTORESIST,SOFT BAKE,STRIP RESIST
ic_0019_f60,CLEAN AFTER VIA ETCH,CLEAN AFTER METAL ETCH,CLEAN PAD OPENING,CLEAN AFTER ETCH,CLEAN AFTER POLY ETCH
ic_0019_f80,OPEN PAD WINDOW LITHO,PAD WINDOW LITHO,DEVELOP PHOTORESIST,SPIN COAT PHOTORESIST,SOFT BAKE
ic_0020_f60,MEASURE VIA CD,DEPOSIT BARRIER METAL,DEVELOP PHOTORESIST,SPIN COAT PHOTORESIST,SOFT BAKE
ic_0020_f80,DEVELOP PAD WINDOW,DEVELOP PHOTORESIST,SPIN COAT PHOTORESIST,SOFT BAKE,STRIP RESIST
ic_0021_f60,MEASURE VIA CD,DEPOSIT BARRIER METAL,DEVELOP PHOTORESIST,SPIN COAT PHOTORESIST,SOFT BAKE
ic_0021_f80,OPEN PAD WINDOW,OPEN BOND PAD WINDOW,DEVELOP PHOTORESIST,SPIN COAT PHOTORESIST,SOFT BAKE
ic_0022_f60,DEPOSIT BARRIER METAL,DEVELOP PHOTORESIST,SPIN COAT PHOTORESIST,SOFT BAKE,STRIP RESIST
ic_0022_f80,OPEN PAD WINDOW LITHO,PAD WINDOW LITHO,DEVELOP PHOTORESIST,SPIN COAT PHOTORESIST,SOFT BAKE
ic_0023_f60,STRIP PHOTORESIST,STRIP RESIST,DEVELOP PHOTORESIST,SPIN COAT PHOTORESIST,SOFT BAKE
ic_0023_f80,DEPOSIT PASSIVATION,DEPOSIT PASSIVATION LAYER,DEVELOP PHOTORESIST,SPIN COAT PHOTORESIST,SOFT BAKE
ic_0024_f60,STRIP PHOTORESIST,STRIP RESIST,DEVELOP PHOTORESIST,SPIN COAT PHOTORESIST,SOFT BAKE
ic_0024_f80,PAD WINDOW LITHO,OPEN PAD WINDOW LITHO,DEVELOP PHOTORESIST,SPIN COAT PHOTORESIST,SOFT BAKE
ic_0025_f60,MEASURE VIA CD,DEPOSIT BARRIER METAL,DEVELOP PHOTORESIST,SPIN COAT PHOTORESIST,SOFT BAKE
ic_0025_f80,OPEN PAD WINDOW,OPEN BOND PAD WINDOW,DEVELOP PHOTORESIST,SPIN COAT PHOTORESIST,SOFT BAKE
ic_0026_f60,STRIP PHOTORESIST,STRIP RESIST,DEVELOP PHOTORESIST,SPIN COAT PHOTORESIST,SOFT BAKE
ic_0026_f80,OPEN PAD WINDOW,OPEN BOND PAD WINDOW,DEVELOP PHOTORESIST,SPIN COAT PHOTORESIST,SOFT BAKE
ic_0027_f60,MEASURE VIA CD,DEPOSIT BARRIER METAL,DEVELOP PHOTORESIST,SPIN COAT PHOTORESIST,SOFT BAKE
ic_0027_f80,DEVELOP PAD WINDOW,DEVELOP PHOTORESIST,SPIN COAT PHOTORESIST,SOFT BAKE,STRIP RESIST
ic_0028_f60,STRIP PHOTORESIST,STRIP RESIST,DEVELOP PHOTORESIST,SPIN COAT PHOTORESIST,SOFT BAKE
ic_0028_f80,MEASURE PASSIVATION THICKNESS,MEASURE PASSIVATION QUALITY,DEVELOP PHOTORESIST,SPIN COAT PHOTORESIST,SOFT BAKE
ic_0029_f60,VIA OPENING INSPECTION,VIA INSPECTION,FIELD PATTERN INSPECTION,METAL PATTERN INSPECTION,POLY PATTERN INSPECTION
ic_0029_f80,MEASURE PASSIVATION THICKNESS,MEASURE PASSIVATION QUALITY,DEVELOP PHOTORESIST,SPIN COAT PHOTORESIST,SOFT BAKE
ic_0030_f60,DEPOSIT BARRIER METAL,DEVELOP PHOTORESIST,SPIN COAT PHOTORESIST,SOFT BAKE,STRIP RESIST
ic_0030_f80,OPEN PAD WINDOW LITHO,PAD WINDOW LITHO,DEVELOP PHOTORESIST,SPIN COAT PHOTORESIST,SOFT BAKE
ic_0031_f60,CLEAN AFTER VIA ETCH,CLEAN AFTER POLY ETCH,CLEAN PAD OPENING,CLEAN AFTER METAL ETCH,CLEAN AFTER ETCH
ic_0031_f80,DEVELOP PAD WINDOW,DEVELOP PHOTORESIST,SPIN COAT PHOTORESIST,SOFT BAKE,STRIP RESIST
ic_0032_f60,DEPOSIT METAL SEED,DEPOSIT TUNGSTEN SEED,DEVELOP PHOTORESIST,SPIN COAT PHOTORESIST,SOFT BAKE
ic_0032_f80,DEVELOP PAD WINDOW,DEVELOP PHOTORESIST,SPIN COAT PHOTORESIST,SOFT BAKE,STRIP RESIST
ic_0033_f60,STRIP PHOTORESIST,STRIP RESIST,DEVELOP PHOTORESIST,SPIN COAT PHOTORESIST,SOFT BAKE
ic_0033_f80,MEASURE PASSIVATION THICKNESS,MEASURE PASSIVATION QUALITY,DEVELOP PHOTORESIST,SPIN COAT PHOTORESIST,SOFT BAKE
ic_0034_f60,CLEAN AFTER VIA ETCH,CLEAN AFTER METAL ETCH,CLEAN PAD OPENING,CLEAN AFTER ETCH,CLEAN AFTER POLY ETCH
ic_0034_f80,OPEN PAD WINDOW,OPEN BOND PAD WINDOW,DEVELOP PHOTORESIST,SPIN COAT PHOTORESIST,SOFT BAKE
ic_0035_f60,VIA ETCH THROUGH DIELECTRIC,VIA ETCH,DIELECTRIC ETCH VIA,OXIDE ETCH DRY,POLYSILICON ETCH DRY
ic_0035_f80,OPEN PAD WINDOW,OPEN BOND PAD WINDOW,DEVELOP PHOTORESIST,SPIN COAT PHOTORESIST,SOFT BAKE
ic_0036_f60,CLEAN AFTER VIA ETCH,CLEAN AFTER POLY ETCH,CLEAN PAD OPENING,CLEAN AFTER METAL ETCH,CLEAN AFTER ETCH
ic_0036_f80,PAD WINDOW LITHO,OPEN PAD WINDOW LITHO,DEVELOP PHOTORESIST,SPIN COAT PHOTORESIST,SOFT BAKE
ic_0037_f60,CLEAN AFTER VIA ETCH,CLEAN AFTER POLY ETCH,CLEAN PAD OPENING,CLEAN AFTER METAL ETCH,CLEAN AFTER ETCH
ic_0037_f80,PASSIVATION ETCH PAD OPENING,PASSIVATION ETCH,METAL PATTERN INSPECTION,POLY PATTERN INSPECTION,INSPECT PATTERN LEVEL 1
ic_0038_f60,STRIP PHOTORESIST,STRIP RESIST,DEVELOP PHOTORESIST,SPIN COAT PHOTORESIST,SOFT BAKE
ic_0038_f80,OPEN PAD WINDOW,OPEN BOND PAD WINDOW,DEVELOP PHOTORESIST,SPIN COAT PHOTORESIST,SOFT BAKE
ic_0039_f60,STRIP PHOTORESIST,STRIP RESIST,DEVELOP PHOTORESIST,SPIN COAT PHOTORESIST,SOFT BAKE
ic_0039_f80,OPEN PAD WINDOW LITHO,PAD WINDOW LITHO,DEVELOP PHOTORESIST,SPIN COAT PHOTORESIST,SOFT BAKE
ic_0040_f60,CLEAN AFTER VIA ETCH,CLEAN AFTER POLY ETCH,CLEAN PAD OPENING,CLEAN AFTER METAL ETCH,CLEAN AFTER ETCH
ic_0040_f80,OPEN PAD WINDOW,OPEN BOND PAD WINDOW,DEVELOP PHOTORESIST,SPIN COAT PHOTORESIST,SOFT BAKE
ic_0041_f60,MEASURE VIA CD,DEPOSIT BARRIER METAL,DEVELOP PHOTORESIST,SPIN COAT PHOTORESIST,SOFT BAKE
ic_0041_f80,PAD WINDOW LITHO,OPEN PAD WINDOW LITHO,DEVELOP PHOTORESIST,SPIN COAT PHOTORESIST,SOFT BAKE
ic_0042_f60,HARD BAKE,DIELECTRIC ETCH VIA,VIA ETCH THROUGH DIELECTRIC,VIA ETCH,DEVELOP PHOTORESIST
ic_0042_f80,OPEN PAD WINDOW LITHO,PAD WINDOW LITHO,DEVELOP PHOTORESIST,SPIN COAT PHOTORESIST,SOFT BAKE
ic_0043_f60,STRIP PHOTORESIST,STRIP RESIST,DEVELOP PHOTORESIST,SPIN COAT PHOTORESIST,SOFT BAKE
ic_0043_f80,DEVELOP PHOTORESIST,DEVELOP PAD WINDOW,SPIN COAT PHOTORESIST,SOFT BAKE,STRIP RESIST
ic_0044_f60,HARD BAKE,DIELECTRIC ETCH VIA,VIA ETCH,VIA ETCH THROUGH DIELECTRIC,DEVELOP PHOTORESIST
ic_0044_f80,CURE PASSIVATION,DEVELOP PHOTORESIST,SPIN COAT PHOTORESIST,SOFT BAKE,STRIP RESIST
ic_0045_f60,MEASURE VIA CD,DEPOSIT BARRIER METAL,DEVELOP PHOTORESIST,SPIN COAT PHOTORESIST,SOFT BAKE
ic_0045_f80,PAD WINDOW LITHO,OPEN PAD WINDOW LITHO,DEVELOP PHOTORESIST,SPIN COAT PHOTORESIST,SOFT BAKE
ic_0046_f60,VIA ETCH THROUGH DIELECTRIC,VIA ETCH,DIELECTRIC ETCH VIA,OXIDE ETCH DRY,POLYSILICON ETCH DRY
ic_0046_f80,OPEN PAD WINDOW LITHO,PAD WINDOW LITHO,DEVELOP PHOTORESIST,SPIN COAT PHOTORESIST,SOFT BAKE
ic_0047_f60,CLEAN AFTER VIA ETCH,CLEAN AFTER METAL ETCH,CLEAN PAD OPENING,CLEAN AFTER ETCH,CLEAN AFTER POLY ETCH
ic_0047_f80,OPEN PAD WINDOW,OPEN BOND PAD WINDOW,DEVELOP PHOTORESIST,SPIN COAT PHOTORESIST,SOFT BAKE
ic_0048_f60,MEASURE VIA CD,DEPOSIT BARRIER METAL,DEVELOP PHOTORESIST,SPIN COAT PHOTORESIST,SOFT BAKE
ic_0048_f80,DEVELOP PAD WINDOW,DEVELOP PHOTORESIST,SPIN COAT PHOTORESIST,SOFT BAKE,STRIP RESIST
ic_0049_f60,CLEAN AFTER VIA ETCH,CLEAN AFTER METAL ETCH,CLEAN PAD OPENING,CLEAN AFTER ETCH,CLEAN AFTER POLY ETCH
ic_0049_f80,OPEN PAD WINDOW,OPEN BOND PAD WINDOW,DEVELOP PHOTORESIST,SPIN COAT PHOTORESIST,SOFT BAKE
ic_0050_f60,MEASURE VIA CD,DEPOSIT BARRIER METAL,DEVELOP PHOTORESIST,SPIN COAT PHOTORESIST,SOFT BAKE
ic_0050_f80,OPEN PAD WINDOW,OPEN BOND PAD WINDOW,DEVELOP PHOTORESIST,SPIN COAT PHOTORESIST,SOFT BAKE
ic_0051_f60,DEPOSIT METAL SEED,DEPOSIT TUNGSTEN SEED,DEVELOP PHOTORESIST,SPIN COAT PHOTORESIST,SOFT BAKE
ic_0051_f80,OPEN PAD WINDOW LITHO,PAD WINDOW LITHO,DEVELOP PHOTORESIST,SPIN COAT PHOTORESIST,SOFT BAKE
ic_0052_f60,DEPOSIT BARRIER METAL,DEVELOP PHOTORESIST,SPIN COAT PHOTORESIST,SOFT BAKE,STRIP RESIST
ic_0052_f80,DEVELOP PAD WINDOW,DEVELOP PHOTORESIST,SPIN COAT PHOTORESIST,SOFT BAKE,STRIP RESIST
ic_0053_f60,MEASURE VIA CD,DEPOSIT BARRIER METAL,DEVELOP PHOTORESIST,SPIN COAT PHOTORESIST,SOFT BAKE
ic_0053_f80,DEVELOP PAD WINDOW,DEVELOP PHOTORESIST,SPIN COAT PHOTORESIST,SOFT BAKE,STRIP RESIST
ic_0054_f60,CLEAN AFTER VIA ETCH,CLEAN AFTER METAL ETCH,CLEAN PAD OPENING,CLEAN AFTER ETCH,CLEAN AFTER POLY ETCH
ic_0054_f80,DEVELOP PHOTORESIST,DEVELOP PAD WINDOW,SPIN COAT PHOTORESIST,SOFT BAKE,STRIP RESIST
ic_0055_f60,STRIP RESIST,STRIP PHOTORESIST,DEVELOP PHOTORESIST,SPIN COAT PHOTORESIST,SOFT BAKE
ic_0055_f80,OPEN PAD WINDOW,OPEN BOND PAD WINDOW,DEVELOP PHOTORESIST,SPIN COAT PHOTORESIST,SOFT BAKE
ic_0056_f60,CLEAN AFTER VIA ETCH,CLEAN AFTER METAL ETCH,CLEAN PAD OPENING,CLEAN AFTER ETCH,CLEAN AFTER POLY ETCH
ic_0056_f80,OPEN PAD WINDOW LITHO,PAD WINDOW LITHO,DEVELOP PHOTORESIST,SPIN COAT PHOTORESIST,SOFT BAKE
ic_0057_f60,MEASURE VIA CD,DEPOSIT BARRIER METAL,DEVELOP PHOTORESIST,SPIN COAT PHOTORESIST,SOFT BAKE
ic_0057_f80,DEVELOP PHOTORESIST,DEVELOP PAD WINDOW,SPIN COAT PHOTORESIST,SOFT BAKE,STRIP RESIST
ic_0058_f60,MEASURE VIA CD,DEPOSIT BARRIER METAL,DEVELOP PHOTORESIST,SPIN COAT PHOTORESIST,SOFT BAKE
ic_0058_f80,OPEN PAD WINDOW LITHO,PAD WINDOW LITHO,DEVELOP PHOTORESIST,SPIN COAT PHOTORESIST,SOFT BAKE
ic_0059_f60,HARD BAKE,DIELECTRIC ETCH VIA,VIA ETCH THROUGH DIELECTRIC,VIA ETCH,DEVELOP PHOTORESIST
ic_0059_f80,MEASURE PASSIVATION THICKNESS,MEASURE PASSIVATION QUALITY,DEVELOP PHOTORESIST,SPIN COAT PHOTORESIST,SOFT BAKE
ic_0060_f60,MEASURE VIA CD,DEPOSIT BARRIER METAL,DEVELOP PHOTORESIST,SPIN COAT PHOTORESIST,SOFT BAKE
ic_0060_f80,OPEN PAD WINDOW LITHO,PAD WINDOW LITHO,DEVELOP PHOTORESIST,SPIN COAT PHOTORESIST,SOFT BAKE
ic_0061_f60,STRIP PHOTORESIST,STRIP RESIST,DEVELOP PHOTORESIST,SPIN COAT PHOTORESIST,SOFT BAKE
ic_0061_f80,MEASURE PASSIVATION THICKNESS,MEASURE PASSIVATION QUALITY,DEVELOP PHOTORESIST,SPIN COAT PHOTORESIST,SOFT BAKE
ic_0062_f60,CLEAN AFTER VIA ETCH,CLEAN AFTER POLY ETCH,CLEAN PAD OPENING,CLEAN AFTER METAL ETCH,CLEAN AFTER ETCH
ic_0062_f80,OPEN PAD WINDOW LITHO,PAD WINDOW LITHO,DEVELOP PHOTORESIST,SPIN COAT PHOTORESIST,SOFT BAKE
ic_0063_f60,DEPOSIT BARRIER METAL,DEVELOP PHOTORESIST,SPIN COAT PHOTORESIST,SOFT BAKE,STRIP RESIST
ic_0063_f80,DEVELOP PAD WINDOW,DEVELOP PHOTORESIST,SPIN COAT PHOTORESIST,SOFT BAKE,STRIP RESIST
ic_0064_f60,DEPOSIT METAL SEED,DEPOSIT TUNGSTEN SEED,DEVELOP PHOTORESIST,SPIN COAT PHOTORESIST,SOFT BAKE
ic_0064_f80,PASSIVATION ETCH PAD OPENING,PASSIVATION ETCH,DEVELOP PHOTORESIST,SPIN COAT PHOTORESIST,SOFT BAKE
ic_0065_f60,CLEAN AFTER VIA ETCH,CLEAN AFTER POLY ETCH,CLEAN PAD OPENING,CLEAN AFTER METAL ETCH,CLEAN AFTER ETCH
ic_0065_f80,OPEN PAD WINDOW LITHO,PAD WINDOW LITHO,DEVELOP PHOTORESIST,SPIN COAT PHOTORESIST,SOFT BAKE
ic_0066_f60,CLEAN AFTER VIA ETCH,CLEAN AFTER POLY ETCH,CLEAN PAD OPENING,CLEAN AFTER METAL ETCH,CLEAN AFTER ETCH
ic_0066_f80,OPEN PAD WINDOW LITHO,PAD WINDOW LITHO,DEVELOP PHOTORESIST,SPIN COAT PHOTORESIST,SOFT BAKE
ic_0067_f60,CLEAN AFTER VIA ETCH,CLEAN AFTER POLY ETCH,CLEAN PAD OPENING,CLEAN AFTER METAL ETCH,CLEAN AFTER ETCH
ic_0067_f80,PASSIVATION ETCH,PASSIVATION ETCH PAD OPENING,METAL PATTERN INSPECTION,POLY PATTERN INSPECTION,INSPECT PATTERN LEVEL 1
ic_0068_f60,CLEAN AFTER VIA ETCH,CLEAN AFTER POLY ETCH,CLEAN PAD OPENING,CLEAN AFTER METAL ETCH,CLEAN AFTER ETCH
ic_0068_f80,OPEN PAD WINDOW LITHO,PAD WINDOW LITHO,DEVELOP PHOTORESIST,SPIN COAT PHOTORESIST,SOFT BAKE
ic_0069_f60,MEASURE VIA CD,DEPOSIT BARRIER METAL,DEVELOP PHOTORESIST,SPIN COAT PHOTORESIST,SOFT BAKE
ic_0069_f80,OPEN PAD WINDOW LITHO,PAD WINDOW LITHO,DEVELOP PHOTORESIST,SPIN COAT PHOTORESIST,SOFT BAKE
ic_0070_f60,MEASURE VIA CD,DEPOSIT BARRIER METAL,DEVELOP PHOTORESIST,SPIN COAT PHOTORESIST,SOFT BAKE
ic_0070_f80,OPEN PAD WINDOW LITHO,PAD WINDOW LITHO,DEVELOP PHOTORESIST,SPIN COAT PHOTORESIST,SOFT BAKE
ic_0071_f60,STRIP PHOTORESIST,STRIP RESIST,DEVELOP PHOTORESIST,SPIN COAT PHOTORESIST,SOFT BAKE
ic_0071_f80,OPEN PAD WINDOW,OPEN BOND PAD WINDOW,DEVELOP PHOTORESIST,SPIN COAT PHOTORESIST,SOFT BAKE
ic_0072_f60,CLEAN AFTER VIA ETCH,CLEAN AFTER METAL ETCH,CLEAN PAD OPENING,CLEAN AFTER ETCH,CLEAN AFTER POLY ETCH
ic_0072_f80,OPEN PAD WINDOW LITHO,PAD WINDOW LITHO,DEVELOP PHOTORESIST,SPIN COAT PHOTORESIST,SOFT BAKE
ic_0073_f60,MEASURE VIA CD,DEPOSIT BARRIER METAL,DEVELOP PHOTORESIST,SPIN COAT PHOTORESIST,SOFT BAKE
ic_0073_f80,DEVELOP PHOTORESIST,DEVELOP PAD WINDOW,SPIN COAT PHOTORESIST,SOFT BAKE,STRIP RESIST
ic_0074_f60,CLEAN AFTER VIA ETCH,CLEAN AFTER POLY ETCH,CLEAN PAD OPENING,CLEAN AFTER METAL ETCH,CLEAN AFTER ETCH
ic_0074_f80,OPEN PAD WINDOW LITHO,PAD WINDOW LITHO,DEVELOP PHOTORESIST,SPIN COAT PHOTORESIST,SOFT BAKE
ic_0075_f60,STRIP RESIST,STRIP PHOTORESIST,DEVELOP PHOTORESIST,SPIN COAT PHOTORESIST,SOFT BAKE
ic_0075_f80,OPEN PAD WINDOW,OPEN BOND PAD WINDOW,DEVELOP PHOTORESIST,SPIN COAT PHOTORESIST,SOFT BAKE
ic_0076_f60,CLEAN AFTER VIA ETCH,CLEAN AFTER METAL ETCH,CLEAN PAD OPENING,CLEAN AFTER ETCH,CLEAN AFTER POLY ETCH
ic_0076_f80,PAD WINDOW LITHO,OPEN PAD WINDOW LITHO,DEVELOP PHOTORESIST,SPIN COAT PHOTORESIST,SOFT BAKE
ic_0077_f60,HARD BAKE,DIELECTRIC ETCH VIA,VIA ETCH THROUGH DIELECTRIC,VIA ETCH,DEVELOP PHOTORESIST
ic_0077_f80,OPEN PAD WINDOW LITHO,PAD WINDOW LITHO,DEVELOP PHOTORESIST,SPIN COAT PHOTORESIST,SOFT BAKE
ic_0078_f60,MEASURE VIA CD,DEPOSIT BARRIER METAL,DEVELOP PHOTORESIST,SPIN COAT PHOTORESIST,SOFT BAKE
ic_0078_f80,DEVELOP PHOTORESIST,DEVELOP PAD WINDOW,SPIN COAT PHOTORESIST,SOFT BAKE,STRIP RESIST
ic_0079_f60,CLEAN AFTER VIA ETCH,CLEAN AFTER POLY ETCH,CLEAN PAD OPENING,CLEAN AFTER METAL ETCH,CLEAN AFTER ETCH
ic_0079_f80,OPEN PAD WINDOW LITHO,PAD WINDOW LITHO,DEVELOP PHOTORESIST,SPIN COAT PHOTORESIST,SOFT BAKE
ic_0080_f60,DEPOSIT BARRIER METAL,DEVELOP PHOTORESIST,SPIN COAT PHOTORESIST,SOFT BAKE,STRIP RESIST
ic_0080_f80,OPEN PAD WINDOW,OPEN BOND PAD WINDOW,DEVELOP PHOTORESIST,SPIN COAT PHOTORESIST,SOFT BAKE
ic_0081_f60,DEPOSIT BARRIER METAL,DEVELOP PHOTORESIST,SPIN COAT PHOTORESIST,SOFT BAKE,STRIP RESIST
ic_0081_f80,PASSIVATION ETCH,PASSIVATION ETCH PAD OPENING,METAL PATTERN INSPECTION,POLY PATTERN INSPECTION,INSPECT PATTERN LEVEL 1
ic_0082_f60,DEPOSIT BARRIER METAL,DEVELOP PHOTORESIST,SPIN COAT PHOTORESIST,SOFT BAKE,STRIP RESIST
ic_0082_f80,OPEN PAD WINDOW LITHO,PAD WINDOW LITHO,DEVELOP PHOTORESIST,SPIN COAT PHOTORESIST,SOFT BAKE
ic_0083_f60,STRIP RESIST,STRIP PHOTORESIST,DEVELOP PHOTORESIST,SPIN COAT PHOTORESIST,SOFT BAKE
ic_0083_f80,CURE PASSIVATION,DEVELOP PHOTORESIST,SPIN COAT PHOTORESIST,SOFT BAKE,STRIP RESIST
ic_0084_f60,STRIP PHOTORESIST,STRIP RESIST,DEVELOP PHOTORESIST,SPIN COAT PHOTORESIST,SOFT BAKE
ic_0084_f80,CURE PASSIVATION,DEVELOP PHOTORESIST,SPIN COAT PHOTORESIST,SOFT BAKE,STRIP RESIST
ic_0085_f60,HARD BAKE,DIELECTRIC ETCH VIA,VIA ETCH,VIA ETCH THROUGH DIELECTRIC,DEVELOP PHOTORESIST
ic_0085_f80,MEASURE PASSIVATION THICKNESS,MEASURE PASSIVATION QUALITY,DEVELOP PHOTORESIST,SPIN COAT PHOTORESIST,SOFT BAKE
ic_0086_f60,CLEAN AFTER VIA ETCH,CLEAN AFTER POLY ETCH,CLEAN PAD OPENING,CLEAN AFTER METAL ETCH,CLEAN AFTER ETCH
ic_0086_f80,OPEN PAD WINDOW LITHO,PAD WINDOW LITHO,DEVELOP PHOTORESIST,SPIN COAT PHOTORESIST,SOFT BAKE
ic_0087_f60,MEASURE VIA CD,DEPOSIT BARRIER METAL,DEVELOP PHOTORESIST,SPIN COAT PHOTORESIST,SOFT BAKE
ic_0087_f80,OPEN PAD WINDOW LITHO,PAD WINDOW LITHO,DEVELOP PHOTORESIST,SPIN COAT PHOTORESIST,SOFT BAKE
ic_0088_f60,DEPOSIT BARRIER METAL,DEVELOP PHOTORESIST,SPIN COAT PHOTORESIST,SOFT BAKE,STRIP RESIST
ic_0088_f80,DEVELOP PHOTORESIST,DEVELOP PAD WINDOW,SPIN COAT PHOTORESIST,SOFT BAKE,STRIP RESIST
ic_0089_f60,MEASURE VIA CD,DEPOSIT BARRIER METAL,DEVELOP PHOTORESIST,SPIN COAT PHOTORESIST,SOFT BAKE
ic_0089_f80,OPEN PAD WINDOW LITHO,PAD WINDOW LITHO,DEVELOP PHOTORESIST,SPIN COAT PHOTORESIST,SOFT BAKE
ic_0090_f60,DEPOSIT BARRIER METAL,DEVELOP PHOTORESIST,SPIN COAT PHOTORESIST,SOFT BAKE,STRIP RESIST
ic_0090_f80,DEVELOP PHOTORESIST,DEVELOP PAD WINDOW,SPIN COAT PHOTORESIST,SOFT BAKE,STRIP RESIST
ic_0091_f60,CLEAN AFTER VIA ETCH,CLEAN AFTER METAL ETCH,CLEAN PAD OPENING,CLEAN AFTER ETCH,CLEAN AFTER POLY ETCH
ic_0091_f80,MEASURE PASSIVATION THICKNESS,MEASURE PASSIVATION QUALITY,DEVELOP PHOTORESIST,SPIN COAT PHOTORESIST,SOFT BAKE
ic_0092_f60,STRIP PHOTORESIST,STRIP RESIST,DEVELOP PHOTORESIST,SPIN COAT PHOTORESIST,SOFT BAKE
ic_0092_f80,DEVELOP PHOTORESIST,DEVELOP PAD WINDOW,SPIN COAT PHOTORESIST,SOFT BAKE,STRIP RESIST
ic_0093_f60,STRIP PHOTORESIST,STRIP RESIST,DEVELOP PHOTORESIST,SPIN COAT PHOTORESIST,SOFT BAKE
ic_0093_f80,OPEN PAD WINDOW,OPEN BOND PAD WINDOW,DEVELOP PHOTORESIST,SPIN COAT PHOTORESIST,SOFT BAKE
ic_0094_f60,MEASURE VIA CD,DEPOSIT BARRIER METAL,DEVELOP PHOTORESIST,SPIN COAT PHOTORESIST,SOFT BAKE
ic_0094_f80,OPEN PAD WINDOW LITHO,PAD WINDOW LITHO,DEVELOP PHOTORESIST,SPIN COAT PHOTORESIST,SOFT BAKE
ic_0095_f60,MEASURE VIA CD,DEPOSIT BARRIER METAL,DEVELOP PHOTORESIST,SPIN COAT PHOTORESIST,SOFT BAKE
ic_0095_f80,OPEN PAD WINDOW,OPEN BOND PAD WINDOW,DEVELOP PHOTORESIST,SPIN COAT PHOTORESIST,SOFT BAKE
ic_0096_f60,CLEAN AFTER VIA ETCH,CLEAN AFTER POLY ETCH,CLEAN PAD OPENING,CLEAN AFTER METAL ETCH,CLEAN AFTER ETCH
ic_0096_f80,OPEN PAD WINDOW LITHO,PAD WINDOW LITHO,DEVELOP PHOTORESIST,SPIN COAT PHOTORESIST,SOFT BAKE
ic_0097_f60,CLEAN AFTER VIA ETCH,CLEAN AFTER POLY ETCH,CLEAN PAD OPENING,CLEAN AFTER METAL ETCH,CLEAN AFTER ETCH
ic_0097_f80,OPEN PAD WINDOW LITHO,PAD WINDOW LITHO,DEVELOP PHOTORESIST,SPIN COAT PHOTORESIST,SOFT BAKE
ic_0098_f60,MEASURE VIA CD,DEPOSIT BARRIER METAL,DEVELOP PHOTORESIST,SPIN COAT PHOTORESIST,SOFT BAKE
ic_0098_f80,PASSIVATION ETCH PAD OPENING,PASSIVATION ETCH,DEVELOP PHOTORESIST,SPIN COAT PHOTORESIST,SOFT BAKE
ic_0099_f60,CLEAN AFTER VIA ETCH,CLEAN AFTER METAL ETCH,CLEAN PAD OPENING,CLEAN AFTER ETCH,CLEAN AFTER POLY ETCH
ic_0099_f80,DEVELOP PHOTORESIST,DEVELOP PAD WINDOW,SPIN COAT PHOTORESIST,SOFT BAKE,STRIP RESIST
ic_0100_f60,MEASURE VIA CD,DEPOSIT BARRIER METAL,DEVELOP PHOTORESIST,SPIN COAT PHOTORESIST,SOFT BAKE
ic_0100_f80,DEVELOP PAD WINDOW,DEVELOP PHOTORESIST,SPIN COAT PHOTORESIST,SOFT BAKE,STRIP RESIST
ic_0101_f60,STRIP PHOTORESIST,STRIP RESIST,DEVELOP PHOTORESIST,SPIN COAT PHOTORESIST,SOFT BAKE
ic_0101_f80,MEASURE PASSIVATION THICKNESS,MEASURE PASSIVATION QUALITY,DEVELOP PHOTORESIST,SPIN COAT PHOTORESIST,SOFT BAKE
ic_0102_f60,DEPOSIT BARRIER METAL,DEVELOP PHOTORESIST,SPIN COAT PHOTORESIST,SOFT BAKE,STRIP RESIST
ic_0102_f80,OPEN PAD WINDOW LITHO,PAD WINDOW LITHO,DEVELOP PHOTORESIST,SPIN COAT PHOTORESIST,SOFT BAKE
ic_0103_f60,MEASURE VIA CD,DEPOSIT BARRIER METAL,DEVELOP PHOTORESIST,SPIN COAT PHOTORESIST,SOFT BAKE
ic_0103_f80,OPEN PAD WINDOW LITHO,PAD WINDOW LITHO,DEVELOP PHOTORESIST,SPIN COAT PHOTORESIST,SOFT BAKE
ic_0104_f60,STRIP PHOTORESIST,STRIP RESIST,DEVELOP PHOTORESIST,SPIN COAT PHOTORESIST,SOFT BAKE
ic_0104_f80,OPEN PAD WINDOW,OPEN BOND PAD WINDOW,DEVELOP PHOTORESIST,SPIN COAT PHOTORESIST,SOFT BAKE
ic_0105_f60,DEPOSIT BARRIER METAL,DEVELOP PHOTORESIST,SPIN COAT PHOTORESIST,SOFT BAKE,STRIP RESIST
ic_0105_f80,PASSIVATION ETCH PAD OPENING,PASSIVATION ETCH,METAL PATTERN INSPECTION,POLY PATTERN INSPECTION,INSPECT PATTERN LEVEL 1
ic_0106_f60,CLEAN AFTER VIA ETCH,CLEAN AFTER METAL ETCH,CLEAN PAD OPENING,CLEAN AFTER ETCH,CLEAN AFTER POLY ETCH
ic_0106_f80,OPEN PAD WINDOW LITHO,PAD WINDOW LITHO,DEVELOP PHOTORESIST,SPIN COAT PHOTORESIST,SOFT BAKE
ic_0107_f60,MEASURE VIA CD,DEPOSIT BARRIER METAL,DEVELOP PHOTORESIST,SPIN COAT PHOTORESIST,SOFT BAKE
ic_0107_f80,DEVELOP PAD WINDOW,DEVELOP PHOTORESIST,SPIN COAT PHOTORESIST,SOFT BAKE,STRIP RESIST
ic_0108_f60,VIA ETCH,VIA ETCH THROUGH DIELECTRIC,DIELECTRIC ETCH VIA,OXIDE ETCH DRY,POLYSILICON ETCH DRY
ic_0108_f80,OPEN PAD WINDOW,OPEN BOND PAD WINDOW,DEVELOP PHOTORESIST,SPIN COAT PHOTORESIST,SOFT BAKE
ic_0109_f60,STRIP PHOTORESIST,STRIP RESIST,DEVELOP PHOTORESIST,SPIN COAT PHOTORESIST,SOFT BAKE
ic_0109_f80,MEASURE PASSIVATION THICKNESS,MEASURE PASSIVATION QUALITY,DEVELOP PHOTORESIST,SPIN COAT PHOTORESIST,SOFT BAKE
ic_0110_f60,STRIP PHOTORESIST,STRIP RESIST,DEVELOP PHOTORESIST,SPIN COAT PHOTORESIST,SOFT BAKE
ic_0110_f80,OPEN PAD WINDOW,OPEN BOND PAD WINDOW,DEVELOP PHOTORESIST,SPIN COAT PHOTORESIST,SOFT BAKE
ic_0111_f60,CLEAN AFTER VIA ETCH,CLEAN AFTER METAL ETCH,CLEAN PAD OPENING,CLEAN AFTER ETCH,CLEAN AFTER POLY ETCH
ic_0111_f80,OPEN PAD WINDOW,OPEN BOND PAD WINDOW,DEVELOP PHOTORESIST,SPIN COAT PHOTORESIST,SOFT BAKE
ic_0112_f60,CLEAN AFTER VIA ETCH,CLEAN AFTER METAL ETCH,CLEAN PAD OPENING,CLEAN AFTER ETCH,CLEAN AFTER POLY ETCH
ic_0112_f80,OPEN PAD WINDOW LITHO,PAD WINDOW LITHO,DEVELOP PHOTORESIST,SPIN COAT PHOTORESIST,SOFT BAKE
ic_0113_f60,STRIP PHOTORESIST,STRIP RESIST,DEVELOP PHOTORESIST,SPIN COAT PHOTORESIST,SOFT BAKE
ic_0113_f80,PAD WINDOW LITHO,OPEN PAD WINDOW LITHO,DEVELOP PHOTORESIST,SPIN COAT PHOTORESIST,SOFT BAKE
ic_0114_f60,STRIP PHOTORESIST,STRIP RESIST,DEVELOP PHOTORESIST,SPIN COAT PHOTORESIST,SOFT BAKE
ic_0114_f80,OPEN PAD WINDOW,OPEN BOND PAD WINDOW,DEVELOP PHOTORESIST,SPIN COAT PHOTORESIST,SOFT BAKE
ic_0115_f60,HARD BAKE,DIELECTRIC ETCH VIA,VIA ETCH,VIA ETCH THROUGH DIELECTRIC,DEVELOP PHOTORESIST
ic_0115_f80,MEASURE PASSIVATION THICKNESS,MEASURE PASSIVATION QUALITY,DEVELOP PHOTORESIST,SPIN COAT PHOTORESIST,SOFT BAKE
ic_0116_f60,MEASURE VIA CD,DEPOSIT BARRIER METAL,DEVELOP PHOTORESIST,SPIN COAT PHOTORESIST,SOFT BAKE
ic_0116_f80,OPEN PAD WINDOW LITHO,PAD WINDOW LITHO,DEVELOP PHOTORESIST,SPIN COAT PHOTORESIST,SOFT BAKE
ic_0117_f60,VIA ETCH,VIA ETCH THROUGH DIELECTRIC,DIELECTRIC ETCH VIA,OXIDE ETCH DRY,POLYSILICON ETCH DRY
ic_0117_f80,PAD WINDOW LITHO,OPEN PAD WINDOW LITHO,DEVELOP PHOTORESIST,SPIN COAT PHOTORESIST,SOFT BAKE
ic_0118_f60,MEASURE VIA CD,DEPOSIT BARRIER METAL,DEVELOP PHOTORESIST,SPIN COAT PHOTORESIST,SOFT BAKE
ic_0118_f80,PASSIVATION ETCH PAD OPENING,PASSIVATION ETCH,DEVELOP PHOTORESIST,SPIN COAT PHOTORESIST,SOFT BAKE
ic_0119_f60,STRIP PHOTORESIST,STRIP RESIST,DEVELOP PHOTORESIST,SPIN COAT PHOTORESIST,SOFT BAKE
ic_0119_f80,OPEN PAD WINDOW,OPEN BOND PAD WINDOW,DEVELOP PHOTORESIST,SPIN COAT PHOTORESIST,SOFT BAKE
ic_0120_f60,STRIP PHOTORESIST,STRIP RESIST,DEVELOP PHOTORESIST,SPIN COAT PHOTORESIST,SOFT BAKE
ic_0120_f80,MEASURE PASSIVATION THICKNESS,MEASURE PASSIVATION QUALITY,DEVELOP PHOTORESIST,SPIN COAT PHOTORESIST,SOFT BAKE
ic_0121_f60,CLEAN AFTER VIA ETCH,CLEAN AFTER METAL ETCH,CLEAN PAD OPENING,CLEAN AFTER ETCH,CLEAN AFTER POLY ETCH
ic_0121_f80,PAD WINDOW LITHO,OPEN PAD WINDOW LITHO,DEVELOP PHOTORESIST,SPIN COAT PHOTORESIST,SOFT BAKE
ic_0122_f60,CLEAN AFTER VIA ETCH,CLEAN AFTER METAL ETCH,CLEAN PAD OPENING,CLEAN AFTER ETCH,CLEAN AFTER POLY ETCH
ic_0122_f80,DEVELOP PHOTORESIST,DEVELOP PAD WINDOW,SPIN COAT PHOTORESIST,SOFT BAKE,STRIP RESIST
ic_0123_f60,CLEAN AFTER VIA ETCH,CLEAN AFTER POLY ETCH,CLEAN PAD OPENING,CLEAN AFTER METAL ETCH,CLEAN AFTER ETCH
ic_0123_f80,PASSIVATION ETCH PAD OPENING,PASSIVATION ETCH,METAL PATTERN INSPECTION,POLY PATTERN INSPECTION,INSPECT PATTERN LEVEL 1
ic_0124_f60,DEPOSIT BARRIER METAL,DEVELOP PHOTORESIST,SPIN COAT PHOTORESIST,SOFT BAKE,STRIP RESIST
ic_0124_f80,PASSIVATION ETCH,PASSIVATION ETCH PAD OPENING,METAL PATTERN INSPECTION,POLY PATTERN INSPECTION,INSPECT PATTERN LEVEL 1
ic_0125_f60,MEASURE VIA CD,DEPOSIT BARRIER METAL,DEVELOP PHOTORESIST,SPIN COAT PHOTORESIST,SOFT BAKE
ic_0125_f80,OPEN PAD WINDOW LITHO,PAD WINDOW LITHO,DEVELOP PHOTORESIST,SPIN COAT PHOTORESIST,SOFT BAKE
ic_0126_f60,CLEAN AFTER VIA ETCH,CLEAN AFTER POLY ETCH,CLEAN PAD OPENING,CLEAN AFTER METAL ETCH,CLEAN AFTER ETCH
ic_0126_f80,PASSIVATION ETCH PAD OPENING,PASSIVATION ETCH,METAL PATTERN INSPECTION,POLY PATTERN INSPECTION,INSPECT PATTERN LEVEL 1
ic_0127_f60,STRIP PHOTORESIST,STRIP RESIST,DEVELOP PHOTORESIST,SPIN COAT PHOTORESIST,SOFT BAKE
ic_0127_f80,OPEN PAD WINDOW LITHO,PAD WINDOW LITHO,DEVELOP PHOTORESIST,SPIN COAT PHOTORESIST,SOFT BAKE
ic_0128_f60,CLEAN AFTER VIA ETCH,CLEAN AFTER POLY ETCH,CLEAN PAD OPENING,CLEAN AFTER METAL ETCH,CLEAN AFTER ETCH
ic_0128_f80,OPEN PAD WINDOW,OPEN BOND PAD WINDOW,DEVELOP PHOTORESIST,SPIN COAT PHOTORESIST,SOFT BAKE
ic_0129_f60,CLEAN AFTER VIA ETCH,CLEAN AFTER POLY ETCH,CLEAN PAD OPENING,CLEAN AFTER METAL ETCH,CLEAN AFTER ETCH
ic_0129_f80,OPEN PAD WINDOW,OPEN BOND PAD WINDOW,DEVELOP PHOTORESIST,SPIN COAT PHOTORESIST,SOFT BAKE
ic_0130_f60,CLEAN AFTER VIA ETCH,CLEAN AFTER POLY ETCH,CLEAN PAD OPENING,CLEAN AFTER METAL ETCH,CLEAN AFTER ETCH
ic_0130_f80,OPEN PAD WINDOW LITHO,PAD WINDOW LITHO,DEVELOP PHOTORESIST,SPIN COAT PHOTORESIST,SOFT BAKE
ic_0131_f60,CLEAN AFTER VIA ETCH,CLEAN AFTER POLY ETCH,CLEAN PAD OPENING,CLEAN AFTER METAL ETCH,CLEAN AFTER ETCH
ic_0131_f80,OPEN PAD WINDOW,OPEN BOND PAD WINDOW,DEVELOP PHOTORESIST,SPIN COAT PHOTORESIST,SOFT BAKE
ic_0132_f60,MEASURE VIA CD,DEPOSIT BARRIER METAL,DEVELOP PHOTORESIST,SPIN COAT PHOTORESIST,SOFT BAKE
ic_0132_f80,OPEN PAD WINDOW LITHO,PAD WINDOW LITHO,DEVELOP PHOTORESIST,SPIN COAT PHOTORESIST,SOFT BAKE
ic_0133_f60,MEASURE VIA CD,DEPOSIT BARRIER METAL,DEVELOP PHOTORESIST,SPIN COAT PHOTORESIST,SOFT BAKE
ic_0133_f80,OPEN PAD WINDOW LITHO,PAD WINDOW LITHO,DEVELOP PHOTORESIST,SPIN COAT PHOTORESIST,SOFT BAKE
ic_0134_f60,CLEAN AFTER VIA ETCH,CLEAN AFTER POLY ETCH,CLEAN PAD OPENING,CLEAN AFTER METAL ETCH,CLEAN AFTER ETCH
ic_0134_f80,PAD WINDOW LITHO,OPEN PAD WINDOW LITHO,DEVELOP PHOTORESIST,SPIN COAT PHOTORESIST,SOFT BAKE
ic_0135_f60,CLEAN AFTER VIA ETCH,CLEAN AFTER POLY ETCH,CLEAN PAD OPENING,CLEAN AFTER METAL ETCH,CLEAN AFTER ETCH
ic_0135_f80,OPEN PAD WINDOW,OPEN BOND PAD WINDOW,DEVELOP PHOTORESIST,SPIN COAT PHOTORESIST,SOFT BAKE
ic_0136_f60,CLEAN AFTER VIA ETCH,CLEAN AFTER POLY ETCH,CLEAN PAD OPENING,CLEAN AFTER METAL ETCH,CLEAN AFTER ETCH
ic_0136_f80,STRIP RESIST,STRIP PHOTORESIST,DEVELOP PHOTORESIST,SPIN COAT PHOTORESIST,SOFT BAKE
ic_0137_f60,MEASURE VIA CD,DEPOSIT BARRIER METAL,DEVELOP PHOTORESIST,SPIN COAT PHOTORESIST,SOFT BAKE
ic_0137_f80,PASSIVATION ETCH PAD OPENING,PASSIVATION ETCH,DEVELOP PHOTORESIST,SPIN COAT PHOTORESIST,SOFT BAKE
ic_0138_f60,METAL PATTERN INSPECTION,INSPECT PATTERN LEVEL 1,POLY PATTERN INSPECTION,VIA INSPECTION,VIA OPENING INSPECTION
ic_0138_f80,MEASURE PASSIVATION THICKNESS,MEASURE PASSIVATION QUALITY,DEVELOP PHOTORESIST,SPIN COAT PHOTORESIST,SOFT BAKE
ic_0139_f60,DEPOSIT BARRIER METAL,DEVELOP PHOTORESIST,SPIN COAT PHOTORESIST,SOFT BAKE,STRIP RESIST
ic_0139_f80,DEVELOP PAD WINDOW,DEVELOP PHOTORESIST,SPIN COAT PHOTORESIST,SOFT BAKE,STRIP RESIST
ic_0140_f60,CLEAN AFTER VIA ETCH,CLEAN AFTER METAL ETCH,CLEAN PAD OPENING,CLEAN AFTER ETCH,CLEAN AFTER POLY ETCH
ic_0140_f80,OPEN PAD WINDOW LITHO,PAD WINDOW LITHO,DEVELOP PHOTORESIST,SPIN COAT PHOTORESIST,SOFT BAKE
ic_0141_f60,STRIP RESIST,STRIP PHOTORESIST,DEVELOP PHOTORESIST,SPIN COAT PHOTORESIST,SOFT BAKE
ic_0141_f80,OPEN PAD WINDOW,OPEN BOND PAD WINDOW,DEVELOP PHOTORESIST,SPIN COAT PHOTORESIST,SOFT BAKE
ic_0142_f60,CLEAN AFTER VIA ETCH,CLEAN AFTER METAL ETCH,CLEAN PAD OPENING,CLEAN AFTER ETCH,CLEAN AFTER POLY ETCH
ic_0142_f80,OPEN PAD WINDOW LITHO,PAD WINDOW LITHO,DEVELOP PHOTORESIST,SPIN COAT PHOTORESIST,SOFT BAKE
ic_0143_f60,CLEAN AFTER VIA ETCH,CLEAN AFTER POLY ETCH,CLEAN PAD OPENING,CLEAN AFTER METAL ETCH,CLEAN AFTER ETCH
ic_0143_f80,OPEN PAD WINDOW LITHO,PAD WINDOW LITHO,DEVELOP PHOTORESIST,SPIN COAT PHOTORESIST,SOFT BAKE
ic_0144_f60,MEASURE VIA CD,DEPOSIT BARRIER METAL,DEVELOP PHOTORESIST,SPIN COAT PHOTORESIST,SOFT BAKE
ic_0144_f80,PASSIVATION ETCH PAD OPENING,PASSIVATION ETCH,DEVELOP PHOTORESIST,SPIN COAT PHOTORESIST,SOFT BAKE
ic_0145_f60,MEASURE VIA CD,DEPOSIT BARRIER METAL,DEVELOP PHOTORESIST,SPIN COAT PHOTORESIST,SOFT BAKE
ic_0145_f80,OPEN PAD WINDOW LITHO,PAD WINDOW LITHO,DEVELOP PHOTORESIST,SPIN COAT PHOTORESIST,SOFT BAKE
ic_0146_f60,FILL VIA TUNGSTEN,DEVELOP PHOTORESIST,SPIN COAT PHOTORESIST,SOFT BAKE,STRIP RESIST
ic_0146_f80,PASSIVATION ETCH PAD OPENING,PASSIVATION ETCH,DEVELOP PHOTORESIST,SPIN COAT PHOTORESIST,SOFT BAKE
ic_0147_f60,CLEAN AFTER VIA ETCH,CLEAN AFTER POLY ETCH,CLEAN PAD OPENING,CLEAN AFTER METAL ETCH,CLEAN AFTER ETCH
ic_0147_f80,OPEN PAD WINDOW,OPEN BOND PAD WINDOW,DEVELOP PHOTORESIST,SPIN COAT PHOTORESIST,SOFT BAKE
ic_0148_f60,DEPOSIT BARRIER METAL,DEVELOP PHOTORESIST,SPIN COAT PHOTORESIST,SOFT BAKE,STRIP RESIST
ic_0148_f80,DEVELOP PAD WINDOW,DEVELOP PHOTORESIST,SPIN COAT PHOTORESIST,SOFT BAKE,STRIP RESIST
ic_0149_f60,STRIP PHOTORESIST,STRIP RESIST,DEVELOP PHOTORESIST,SPIN COAT PHOTORESIST,SOFT BAKE
ic_0149_f80,PAD WINDOW LITHO,OPEN PAD WINDOW LITHO,DEVELOP PHOTORESIST,SPIN COAT PHOTORESIST,SOFT BAKE
ic_0150_f60,CLEAN AFTER VIA ETCH,CLEAN AFTER METAL ETCH,CLEAN PAD OPENING,CLEAN AFTER ETCH,CLEAN AFTER POLY ETCH
ic_0150_f80,MEASURE PASSIVATION THICKNESS,MEASURE PASSIVATION QUALITY,DEVELOP PHOTORESIST,SPIN COAT PHOTORESIST,SOFT BAKE
ic_0151_f60,CLEAN AFTER VIA ETCH,CLEAN AFTER POLY ETCH,CLEAN PAD OPENING,CLEAN AFTER METAL ETCH,CLEAN AFTER ETCH
ic_0151_f80,OPEN PAD WINDOW,OPEN BOND PAD WINDOW,DEVELOP PHOTORESIST,SPIN COAT PHOTORESIST,SOFT BAKE
ic_0152_f60,VIA OPENING INSPECTION,VIA INSPECTION,FIELD PATTERN INSPECTION,METAL PATTERN INSPECTION,POLY PATTERN INSPECTION
ic_0152_f80,CURE PASSIVATION,DEVELOP PHOTORESIST,SPIN COAT PHOTORESIST,SOFT BAKE,STRIP RESIST
ic_0153_f60,MEASURE VIA CD,DEPOSIT BARRIER METAL,DEVELOP PHOTORESIST,SPIN COAT PHOTORESIST,SOFT BAKE
ic_0153_f80,OPEN PAD WINDOW,OPEN BOND PAD WINDOW,DEVELOP PHOTORESIST,SPIN COAT PHOTORESIST,SOFT BAKE
ic_0154_f60,MEASURE VIA CD,DEPOSIT BARRIER METAL,DEVELOP PHOTORESIST,SPIN COAT PHOTORESIST,SOFT BAKE
ic_0154_f80,OPEN PAD WINDOW LITHO,PAD WINDOW LITHO,DEVELOP PHOTORESIST,SPIN COAT PHOTORESIST,SOFT BAKE
ic_0155_f60,CLEAN AFTER VIA ETCH,CLEAN AFTER POLY ETCH,CLEAN PAD OPENING,CLEAN AFTER METAL ETCH,CLEAN AFTER ETCH
ic_0155_f80,DEVELOP PHOTORESIST,DEVELOP PAD WINDOW,SPIN COAT PHOTORESIST,SOFT BAKE,STRIP RESIST
ic_0156_f60,CLEAN AFTER VIA ETCH,CLEAN AFTER METAL ETCH,CLEAN PAD OPENING,CLEAN AFTER ETCH,CLEAN AFTER POLY ETCH
ic_0156_f80,OPEN PAD WINDOW,OPEN BOND PAD WINDOW,DEVELOP PHOTORESIST,SPIN COAT PHOTORESIST,SOFT BAKE
ic_0157_f60,MEASURE VIA CD,DEPOSIT BARRIER METAL,DEVELOP PHOTORESIST,SPIN COAT PHOTORESIST,SOFT BAKE
ic_0157_f80,PASSIVATION ETCH,PASSIVATION ETCH PAD OPENING,METAL PATTERN INSPECTION,POLY PATTERN INSPECTION,INSPECT PATTERN LEVEL 1
ic_0158_f60,DEPOSIT BARRIER METAL,DEVELOP PHOTORESIST,SPIN COAT PHOTORESIST,SOFT BAKE,STRIP RESIST
ic_0158_f80,DEVELOP PAD WINDOW,DEVELOP PHOTORESIST,SPIN COAT PHOTORESIST,SOFT BAKE,STRIP RESIST
ic_0159_f60,STRIP PHOTORESIST,STRIP RESIST,DEVELOP PHOTORESIST,SPIN COAT PHOTORESIST,SOFT BAKE
ic_0159_f80,MEASURE PASSIVATION THICKNESS,MEASURE PASSIVATION QUALITY,DEVELOP PHOTORESIST,SPIN COAT PHOTORESIST,SOFT BAKE
ic_0160_f60,HARD BAKE,DIELECTRIC ETCH VIA,VIA ETCH,VIA ETCH THROUGH DIELECTRIC,DEVELOP PHOTORESIST
ic_0160_f80,MEASURE PASSIVATION THICKNESS,MEASURE PASSIVATION QUALITY,DEVELOP PHOTORESIST,SPIN COAT PHOTORESIST,SOFT BAKE
ic_0161_f60,CLEAN AFTER VIA ETCH,CLEAN AFTER METAL ETCH,CLEAN PAD OPENING,CLEAN AFTER ETCH,CLEAN AFTER POLY ETCH
ic_0161_f80,PAD WINDOW LITHO,OPEN PAD WINDOW LITHO,DEVELOP PHOTORESIST,SPIN COAT PHOTORESIST,SOFT BAKE
ic_0162_f60,CLEAN AFTER VIA ETCH,CLEAN AFTER POLY ETCH,CLEAN PAD OPENING,CLEAN AFTER METAL ETCH,CLEAN AFTER ETCH
ic_0162_f80,PAD WINDOW LITHO,OPEN PAD WINDOW LITHO,DEVELOP PHOTORESIST,SPIN COAT PHOTORESIST,SOFT BAKE
ic_0163_f60,CLEAN AFTER VIA ETCH,CLEAN AFTER METAL ETCH,CLEAN PAD OPENING,CLEAN AFTER ETCH,CLEAN AFTER POLY ETCH
ic_0163_f80,OPEN PAD WINDOW,OPEN BOND PAD WINDOW,DEVELOP PHOTORESIST,SPIN COAT PHOTORESIST,SOFT BAKE
ic_0164_f60,STRIP RESIST,STRIP PHOTORESIST,DEVELOP PHOTORESIST,SPIN COAT PHOTORESIST,SOFT BAKE
ic_0164_f80,OPEN PAD WINDOW,OPEN BOND PAD WINDOW,DEVELOP PHOTORESIST,SPIN COAT PHOTORESIST,SOFT BAKE
ic_0165_f60,STRIP PHOTORESIST,STRIP RESIST,DEVELOP PHOTORESIST,SPIN COAT PHOTORESIST,SOFT BAKE
ic_0165_f80,CURE PASSIVATION,DEVELOP PHOTORESIST,SPIN COAT PHOTORESIST,SOFT BAKE,STRIP RESIST
ic_0166_f60,MEASURE VIA CD,DEPOSIT BARRIER METAL,DEVELOP PHOTORESIST,SPIN COAT PHOTORESIST,SOFT BAKE
ic_0166_f80,STRIP PHOTORESIST,STRIP RESIST,DEVELOP PHOTORESIST,SPIN COAT PHOTORESIST,SOFT BAKE
ic_0167_f60,STRIP RESIST,STRIP PHOTORESIST,DEVELOP PHOTORESIST,SPIN COAT PHOTORESIST,SOFT BAKE
ic_0167_f80,OPEN PAD WINDOW,OPEN BOND PAD WINDOW,DEVELOP PHOTORESIST,SPIN COAT PHOTORESIST,SOFT BAKE
ic_0168_f60,STRIP RESIST,STRIP PHOTORESIST,DEVELOP PHOTORESIST,SPIN COAT PHOTORESIST,SOFT BAKE
ic_0168_f80,OPEN PAD WINDOW,OPEN BOND PAD WINDOW,DEVELOP PHOTORESIST,SPIN COAT PHOTORESIST,SOFT BAKE
ic_0169_f60,CLEAN AFTER VIA ETCH,CLEAN AFTER METAL ETCH,CLEAN PAD OPENING,CLEAN AFTER ETCH,CLEAN AFTER POLY ETCH
ic_0169_f80,OPEN PAD WINDOW,OPEN BOND PAD WINDOW,DEVELOP PHOTORESIST,SPIN COAT PHOTORESIST,SOFT BAKE
ic_0170_f60,DEPOSIT BARRIER METAL,DEVELOP PHOTORESIST,SPIN COAT PHOTORESIST,SOFT BAKE,STRIP RESIST
ic_0170_f80,DEVELOP PAD WINDOW,DEVELOP PHOTORESIST,SPIN COAT PHOTORESIST,SOFT BAKE,STRIP RESIST
ic_0171_f60,DEPOSIT METAL SEED,DEPOSIT TUNGSTEN SEED,DEVELOP PHOTORESIST,SPIN COAT PHOTORESIST,SOFT BAKE
ic_0171_f80,PASSIVATION ETCH PAD OPENING,PASSIVATION ETCH,METAL PATTERN INSPECTION,POLY PATTERN INSPECTION,INSPECT PATTERN LEVEL 1
ic_0172_f60,CLEAN AFTER VIA ETCH,CLEAN AFTER METAL ETCH,CLEAN PAD OPENING,CLEAN AFTER ETCH,CLEAN AFTER POLY ETCH
ic_0172_f80,DEVELOP PAD WINDOW,DEVELOP PHOTORESIST,SPIN COAT PHOTORESIST,SOFT BAKE,STRIP RESIST
ic_0173_f60,STRIP PHOTORESIST,STRIP RESIST,DEVELOP PHOTORESIST,SPIN COAT PHOTORESIST,SOFT BAKE
ic_0173_f80,PAD WINDOW LITHO,OPEN PAD WINDOW LITHO,DEVELOP PHOTORESIST,SPIN COAT PHOTORESIST,SOFT BAKE
ic_0174_f60,CLEAN AFTER VIA ETCH,CLEAN AFTER POLY ETCH,CLEAN PAD OPENING,CLEAN AFTER METAL ETCH,CLEAN AFTER ETCH
ic_0174_f80,PAD WINDOW LITHO,OPEN PAD WINDOW LITHO,DEVELOP PHOTORESIST,SPIN COAT PHOTORESIST,SOFT BAKE
ic_0175_f60,VIA OPENING INSPECTION,VIA INSPECTION,FIELD PATTERN INSPECTION,METAL PATTERN INSPECTION,POLY PATTERN INSPECTION
ic_0175_f80,MEASURE PASSIVATION THICKNESS,MEASURE PASSIVATION QUALITY,DEVELOP PHOTORESIST,SPIN COAT PHOTORESIST,SOFT BAKE
ic_0176_f60,MEASURE VIA CD,DEPOSIT BARRIER METAL,DEVELOP PHOTORESIST,SPIN COAT PHOTORESIST,SOFT BAKE
ic_0176_f80,DEVELOP PAD WINDOW,DEVELOP PHOTORESIST,SPIN COAT PHOTORESIST,SOFT BAKE,STRIP RESIST
ic_0177_f60,HARD BAKE,DIELECTRIC ETCH VIA,VIA ETCH THROUGH DIELECTRIC,VIA ETCH,DEVELOP PHOTORESIST
ic_0177_f80,CURE PASSIVATION,DEVELOP PHOTORESIST,SPIN COAT PHOTORESIST,SOFT BAKE,STRIP RESIST
ic_0178_f60,CLEAN AFTER VIA ETCH,CLEAN AFTER METAL ETCH,CLEAN PAD OPENING,CLEAN AFTER ETCH,CLEAN AFTER POLY ETCH
ic_0178_f80,OPEN PAD WINDOW LITHO,PAD WINDOW LITHO,DEVELOP PHOTORESIST,SPIN COAT PHOTORESIST,SOFT BAKE
ic_0179_f60,STRIP PHOTORESIST,STRIP RESIST,DEVELOP PHOTORESIST,SPIN COAT PHOTORESIST,SOFT BAKE
ic_0179_f80,MEASURE PASSIVATION THICKNESS,MEASURE PASSIVATION QUALITY,DEVELOP PHOTORESIST,SPIN COAT PHOTORESIST,SOFT BAKE
ic_0180_f60,VIA ETCH THROUGH DIELECTRIC,VIA ETCH,DIELECTRIC ETCH VIA,OXIDE ETCH DRY,POLYSILICON ETCH DRY
ic_0180_f80,OPEN PAD WINDOW LITHO,PAD WINDOW LITHO,DEVELOP PHOTORESIST,SPIN COAT PHOTORESIST,SOFT BAKE
ic_0181_f60,MEASURE VIA CD,DEPOSIT BARRIER METAL,DEVELOP PHOTORESIST,SPIN COAT PHOTORESIST,SOFT BAKE
ic_0181_f80,OPEN PAD WINDOW LITHO,PAD WINDOW LITHO,DEVELOP PHOTORESIST,SPIN COAT PHOTORESIST,SOFT BAKE
ic_0182_f60,STRIP PHOTORESIST,STRIP RESIST,DEVELOP PHOTORESIST,SPIN COAT PHOTORESIST,SOFT BAKE
ic_0182_f80,DEVELOP PHOTORESIST,DEVELOP PAD WINDOW,SPIN COAT PHOTORESIST,SOFT BAKE,STRIP RESIST
ic_0183_f60,CLEAN AFTER VIA ETCH,CLEAN AFTER METAL ETCH,CLEAN PAD OPENING,CLEAN AFTER ETCH,CLEAN AFTER POLY ETCH
ic_0183_f80,OPEN PAD WINDOW LITHO,PAD WINDOW LITHO,DEVELOP PHOTORESIST,SPIN COAT PHOTORESIST,SOFT BAKE
ic_0184_f60,HARD BAKE,DIELECTRIC ETCH VIA,VIA ETCH,VIA ETCH THROUGH DIELECTRIC,DEVELOP PHOTORESIST
ic_0184_f80,MEASURE PASSIVATION THICKNESS,MEASURE PASSIVATION QUALITY,DEVELOP PHOTORESIST,SPIN COAT PHOTORESIST,SOFT BAKE
ic_0185_f60,CLEAN AFTER VIA ETCH,CLEAN AFTER POLY ETCH,CLEAN PAD OPENING,CLEAN AFTER METAL ETCH,CLEAN AFTER ETCH
ic_0185_f80,MEASURE PASSIVATION THICKNESS,MEASURE PASSIVATION QUALITY,DEVELOP PHOTORESIST,SPIN COAT PHOTORESIST,SOFT BAKE
ic_0186_f60,CLEAN AFTER VIA ETCH,CLEAN AFTER POLY ETCH,CLEAN PAD OPENING,CLEAN AFTER METAL ETCH,CLEAN AFTER ETCH
ic_0186_f80,OPEN PAD WINDOW,OPEN BOND PAD WINDOW,DEVELOP PHOTORESIST,SPIN COAT PHOTORESIST,SOFT BAKE
ic_0187_f60,STRIP RESIST,STRIP PHOTORESIST,DEVELOP PHOTORESIST,SPIN COAT PHOTORESIST,SOFT BAKE
ic_0187_f80,OPEN PAD WINDOW,OPEN BOND PAD WINDOW,DEVELOP PHOTORESIST,SPIN COAT PHOTORESIST,SOFT BAKE
ic_0188_f60,STRIP PHOTORESIST,STRIP RESIST,DEVELOP PHOTORESIST,SPIN COAT PHOTORESIST,SOFT BAKE
ic_0188_f80,OPEN PAD WINDOW,OPEN BOND PAD WINDOW,DEVELOP PHOTORESIST,SPIN COAT PHOTORESIST,SOFT BAKE
ic_0189_f60,STRIP PHOTORESIST,STRIP RESIST,DEVELOP PHOTORESIST,SPIN COAT PHOTORESIST,SOFT BAKE
ic_0189_f80,OPEN PAD WINDOW,OPEN BOND PAD WINDOW,DEVELOP PHOTORESIST,SPIN COAT PHOTORESIST,SOFT BAKE
ic_0190_f60,CLEAN AFTER VIA ETCH,CLEAN AFTER METAL ETCH,CLEAN PAD OPENING,CLEAN AFTER ETCH,CLEAN AFTER POLY ETCH
ic_0190_f80,OPEN PAD WINDOW,OPEN BOND PAD WINDOW,DEVELOP PHOTORESIST,SPIN COAT PHOTORESIST,SOFT BAKE
ic_0191_f60,VIA ETCH,VIA ETCH THROUGH DIELECTRIC,DIELECTRIC ETCH VIA,OXIDE ETCH DRY,POLYSILICON ETCH DRY
ic_0191_f80,MEASURE PASSIVATION THICKNESS,MEASURE PASSIVATION QUALITY,DEVELOP PHOTORESIST,SPIN COAT PHOTORESIST,SOFT BAKE
ic_0192_f60,CLEAN AFTER VIA ETCH,CLEAN AFTER POLY ETCH,CLEAN PAD OPENING,CLEAN AFTER METAL ETCH,CLEAN AFTER ETCH
ic_0192_f80,OPEN PAD WINDOW LITHO,PAD WINDOW LITHO,DEVELOP PHOTORESIST,SPIN COAT PHOTORESIST,SOFT BAKE
ic_0193_f60,STRIP PHOTORESIST,STRIP RESIST,DEVELOP PHOTORESIST,SPIN COAT PHOTORESIST,SOFT BAKE
ic_0193_f80,OPEN PAD WINDOW,OPEN BOND PAD WINDOW,DEVELOP PHOTORESIST,SPIN COAT PHOTORESIST,SOFT BAKE
ic_0194_f60,MEASURE VIA CD,DEPOSIT BARRIER METAL,DEVELOP PHOTORESIST,SPIN COAT PHOTORESIST,SOFT BAKE
ic_0194_f80,DEVELOP PAD WINDOW,DEVELOP PHOTORESIST,SPIN COAT PHOTORESIST,SOFT BAKE,STRIP RESIST
ic_0195_f60,MEASURE VIA CD,DEPOSIT BARRIER METAL,DEVELOP PHOTORESIST,SPIN COAT PHOTORESIST,SOFT BAKE
ic_0195_f80,PAD WINDOW LITHO,OPEN PAD WINDOW LITHO,DEVELOP PHOTORESIST,SPIN COAT PHOTORESIST,SOFT BAKE
ic_0196_f60,CLEAN AFTER VIA ETCH,CLEAN AFTER METAL ETCH,CLEAN PAD OPENING,CLEAN AFTER ETCH,CLEAN AFTER POLY ETCH
ic_0196_f80,PASSIVATION ETCH PAD OPENING,PASSIVATION ETCH,METAL PATTERN INSPECTION,POLY PATTERN INSPECTION,INSPECT PATTERN LEVEL 1
ic_0197_f60,STRIP PHOTORESIST,STRIP RESIST,DEVELOP PHOTORESIST,SPIN COAT PHOTORESIST,SOFT BAKE
ic_0197_f80,MEASURE PASSIVATION THICKNESS,MEASURE PASSIVATION QUALITY,DEVELOP PHOTORESIST,SPIN COAT PHOTORESIST,SOFT BAKE
ic_0198_f60,STRIP PHOTORESIST,STRIP RESIST,DEVELOP PHOTORESIST,SPIN COAT PHOTORESIST,SOFT BAKE
ic_0198_f80,OPEN PAD WINDOW LITHO,PAD WINDOW LITHO,DEVELOP PHOTORESIST,SPIN COAT PHOTORESIST,SOFT BAKE
ic_0199_f60,MEASURE VIA CD,DEPOSIT BARRIER METAL,DEVELOP PHOTORESIST,SPIN COAT PHOTORESIST,SOFT BAKE
ic_0199_f80,PASSIVATION ETCH,PASSIVATION ETCH PAD OPENING,METAL PATTERN INSPECTION,POLY PATTERN INSPECTION,INSPECT PATTERN LEVEL 1
